poz_no	tanim	birim	fiyat_tl	kitap
10.100.1001	Erbab işçi                                                      0,5     205,00		51.25	Insaat_Analiz_TUM_2026
10.100.1003	Karo yapıştırıcı (C2TE)                           Kg             1      17,00	Sa	310.00	Ana_BF_2026
10.100.1004	Derz Dolgu Malzemesi (CG1)                      m³                                   55,00		102.50	Insaat_Analiz_TUM_2026
10.100.1005	Arap sabunu                                           m³       0,01        55,00	Sa	310.00	Ana_BF_2026
10.100.1007	İşçilik:                                                                   55,00	Sa	310.00	Ana_BF_2026
10.100.1008	Doğramacı ustası                            Sa                0,5          310,00		155.00	Insaat_Analiz_TUM_2026
10.100.1009	İşletme: 10.100.1008  Formen                                                Sa      1         445,00        445,00	Sa	310.00	Insaat_Analiz_TUM_2026
10.100.1010	Malzeme :                                       m²           1,05        25,00		31.00	Insaat_Analiz_TUM_2026
10.100.1011	İşçilik:                                       Sa              1        310,00	Sa	310.00	Ana_BF_2026
10.100.1012	İşçilik:		93.00	Insaat_Analiz_TUM_2026
10.100.1013	İşçilik:                                           Sa             0,5        205,00	Sa	310.00	Ana_BF_2026
10.100.1014	6 cm yüksekliğinde beton parke taşı                      m²    1,05     215,00		61.50	Insaat_Analiz_TUM_2026
10.100.1015	C 8/10 beton harcı                                m³        1        2.175,00	Sa	310.00	Ana_BF_2026
10.100.1016	Kiremit tipi çatı kaplamacısı                        Sa        0,2         310,00		62.00	Insaat_Analiz_TUM_2026
10.100.1017	Marangoz ustası 10.100.1041  Doğramacı ustası                                      Sa      6         310,00        1.860,00	Sa	310.00	Insaat_Analiz_TUM_2026
10.100.1018	Formen 10.100.1046  Sıcak demirci ustası                    Sa               1         445,00        445,00	Sa	31.00	Insaat_Analiz_TUM_2026
10.100.1019	Çelik hasır (nervürlü)                             Sa          15    230,00	Sa	310.00	Ana_BF_2026
10.100.1021	İşçilik: 10.100.1062  Yapılması:                                                        310,00        341,00	Sa	310.00	Insaat_Analiz_TUM_2026
10.100.1022	Slikon (310 ml) (Asitsiz - Nötral Silikon)             Ad        0,8       600,00		248.00	Insaat_Analiz_TUM_2026
10.100.1023	İşçilik:                                       Sa            0,20       205,00	Sa	310.00	Ana_BF_2026
10.100.1025	Tenekeci ustası	Sa	310.00	Ana_BF_2026
10.100.1026	Tenekeci ustası                                        Sa               0,2       310,00		62.00	Insaat_Analiz_TUM_2026
10.100.1027	Muşambacı ustası	Sa	310.00	Ana_BF_2026
10.100.1029	Buvazör (İksa işleri yapar)	Sa	310.00	Ana_BF_2026
10.100.1031	Alüminyum ustası	Sa	310.00	Ana_BF_2026
10.100.1032	Galvanizli çivi                                 Kg            0,1        60,00		852.50	Insaat_Analiz_TUM_2026
10.100.1033	L 75 bağlantı elemanı, 2 mm kalınlıkta                 Ad    3,2      14,50	Sa	310.00	Ana_BF_2026
10.100.1035	elemanları, birleştirme elemenları, pim, kama	Sa	310.00	Ana_BF_2026
10.100.1036	saçak süngeri, duvar, baca, kenar kaplama         m           0,1                    20,00		62.00	Insaat_Analiz_TUM_2026
10.100.1037	Alçı levha usta yardımcısı	Sa	310.00	Ana_BF_2026
10.100.1038			414.00	Insaat_Analiz_TUM_2026
10.100.1039	Alçı blok usta yardımcısı	Sa	310.00	Ana_BF_2026
10.100.1041	Marangoz usta yardımcısı                               Sa       0,25               230,00	Sa	310.00	Ana_BF_2026
10.100.1043	Sıvacı usta yardımcısı	Sa	310.00	Ana_BF_2026
10.100.1044	Sıvacı ustası                                       Sa         1		92.00	Insaat_Analiz_TUM_2026
10.100.1045	Yapılması ve görünen yüzeylerin	Sa	310.00	Ana_BF_2026
10.100.1046	Sıcak demirci ustası                    Sa               1         445,00		445.00	Insaat_Analiz_TUM_2026
10.100.1049	İşçilik		8.20	Insaat_Analiz_TUM_2026
10.100.1050	Ø200 mm iç çaplı 30-40 mm kalınlığında                  Ad        0,7       330,00	Sa	230.00	Ana_BF_2026
10.100.1051	İşletme:		348.80	Insaat_Analiz_TUM_2026
10.100.1052	Tamirci baş makinist	Sa	310.00	Ana_BF_2026
10.100.1054	Mazot                                                            1     56,66	Sa	310.00	Ana_BF_2026
10.100.1055	Tamir Bakım - 0,000011 10.100.1059  Sermaye Faizi, Sigorta - 0,000023                                1,2    355,00         426,00	Sa	17.75	Insaat_Analiz_TUM_2026
10.100.1056	Tamir Bakım - 0,000008                                              56,66	Sa	355.00	Ana_BF_2026
10.100.1057	Nakil, Montaj, Demontaj 0,000016 10.100.1059  Yüzey Kürleme, Perdahlama ve                     Sa      1,11     56,66                 479,25	Sa	1	Insaat_Analiz_TUM_2026
10.100.1058	Yağcı	Sa	445.00	Ana_BF_2026
10.100.1059	Mazot	Kg	102.50	Insaat_Analiz_TUM_2026
10.100.1060	Sermaye Faizi, Sigorta - 0,000021 10.100.1054  Nakil, Montaj, Demontaj - 0,000010              Sa                0,48   445,00          213,60	Sa	310.00	Insaat_Analiz_TUM_2026
10.100.1061	EN 1504-3)		476.34	Insaat_Analiz_TUM_2026
10.100.1062	k=0.22 10.100.1062  Kum ve kırmataş ile 400 Kg çimento dozlu              Sa         5      310,00       1.550,00	Sa	3973.95	Insaat_Analiz_TUM_2026
10.100.1063	Makinist Erbab işçi                                                             310,00         744,00	Sa	125.00	Insaat_Analiz_TUM_2026
10.100.1064	İşçilik:                                                                     310,00	Sa	260.00	Ana_BF_2026
10.100.1066	Yapılması                                       Sa               0,04    310,00	Sa	300.00	Ana_BF_2026
10.100.1068	Formen 10.100.1069  Birinci sınıf usta                      Sa                   1     445,00         445,00	Sa	250.00	Insaat_Analiz_TUM_2026
10.100.1069	Mazot 10.100.1062	Kg	2.30	Insaat_Analiz_TUM_2026
10.100.1070	Sa        0,1               300,00	Sa	230.00	Ana_BF_2026
10.100.1072	Pulverizatör operatörü 10.100.1062  Düz işçi                                         Sa           1               275,00          66,25	Sa	445.00	Insaat_Analiz_TUM_2026
10.100.1074	Pist beton kaplama ustası	Sa	340.00	Ana_BF_2026
10.100.1077	Pompa teknisyeni	Sa	250.00	Ana_BF_2026
10.100.1079	Aşçı yardımcısı	Sa	205.00	Ana_BF_2026
10.100.1081	Tesisat ustası	Sa	230.00	Ana_BF_2026
10.100.1083	Tesisat usta yardımcısı	Sa	230.00	Ana_BF_2026
10.100.1085	Tamir Bakım - 0,000007                                             46          4,12	Sa	300.00	Ana_BF_2026
10.100.1086	Kadron 0,020/10=		0.002	Insaat_Analiz_TUM_2026
10.100.1087	Panel Kalıpçı (Betonarme)	Sa	310.00	Ana_BF_2026
10.100.1088	fırınlanmış ladin, köknar vb. kereste gövde	Sa	1.1	Insaat_Analiz_TUM_2026
10.100.1089	Kalıp İşleri Usta Yardımcısı	Sa	230.00	Ana_BF_2026
10.100.1090	Sa		0.3	Insaat_Analiz_TUM_2026
10.100.1091	LİMANLAR İNŞAATI (HER TÜRLÜ BİNA İŞLERİ HARİÇ)	Sa	300.00	Ana_BF_2026
10.100.1501	Sa		230.00	Ana_BF_2026
10.100.1505	Romorkör kaptanı                                           1     420,00	Sa	420.00	Ana_BF_2026
10.100.1507	Maçula reisi	Sa	420.00	Ana_BF_2026
10.100.1508	İşletme: 10.100.1513  Romorkör kaptanı                                      Sa     1,44      420,00         604,80	Sa		Insaat_Analiz_TUM_2026
10.100.1509	Tarak gemisi ikinci makinisti (Çarkçı)	Sa	420.00	Ana_BF_2026
10.100.1511	Usta gemici                                                  1,44      395,00	Sa	395.00	Ana_BF_2026
10.100.1513	Gemi yağcısı	Sa	395.00	Ana_BF_2026
10.100.1515	Gemi aşçıbaşı	Sa	395.00	Ana_BF_2026
10.100.1517	Kamarot	Sa	445.00	Ana_BF_2026
10.100.1519	Gemi silicisi	Sa	300.00	Ana_BF_2026
10.100.1521	Dalgıç	Sa	300.00	Ana_BF_2026
10.110.1002	Her cins hayvanla çekilen arabalar için		333.75	Insaat_Analiz_TUM_2026
10.120.1002	Ekskavatör ve dragline tipi makinalar 170-209 HP (2Yd³)		6750000.00	Ana_BF_2026
10.120.1003	Ekskavatör ve dragline tipi makinalar 210-259 HP (21/2Yd³)		8750000.00	Ana_BF_2026
10.120.1004	Ekskavatör (paletli) (210-259 HP) (maksimum 2,5 m³)		8775000.00	Ana_BF_2026
10.120.1005	Ekskavatör ve dragline tipi makinalar 260-299 HP (3Yd³)		10000000.00	Ana_BF_2026
10.120.1006	Ekskavatör (paletli) (260-299 HP) (maksimum 2,5 m³)		9990000.00	Ana_BF_2026
10.120.1007	Ekskavatör beko takriben 125 HP (3/4-15/8 Yd³)		6500000.00	Ana_BF_2026
10.120.1008	Ekskavatör (paletli) (300-329 HP) (maksimum 3,5 m³)		12150000.00	Ana_BF_2026
10.120.1009	Traktör skreyper		3500000.00	Ana_BF_2026
10.120.1011	Motor greyder(80 HP'den yukarı güçte takriben 9 ton)		3650000.00	Ana_BF_2026
10.120.1012	Greyder (190-209 HP)		11000000.00	Ana_BF_2026
10.120.1013	Amortisman - 0,000050 10.160.1026  Yedek Parça - 0,000027                                   0,000116  11.000.000,00  1.276,00	Sa	12850000.00	Insaat_Analiz_TUM_2026
10.120.1014	Amortisman - 0,000050 10.160.1026  Yedek Parça - 0,000027                                   0,000116  12.850.000,00  1.490,60	Sa	14850000.00	Insaat_Analiz_TUM_2026
10.120.1016	Traktör buldozer (100 HP gücünde motor+bıçak)		3000000.00	Ana_BF_2026
10.120.1017	Traktör buldozer (160 HP gücünde motor+bıçak)		4100000.00	Ana_BF_2026
10.120.1018	Traktör buldozer (TD 25 veya emsali 185 HP+bıçak)		6500000.00	Ana_BF_2026
10.120.1019	Traktör buldozer (285 HP gücünde motor+bıçak)		13200000.00	Ana_BF_2026
10.120.1020	Traktör buldozer (345 HP gücünde motor+bıçak)		14500000.00	Ana_BF_2026
10.120.1021	Komple buharlı veya kompresörlü şahmerdan, akuple-otomatik ve tüm aksesuarı dahil		9200000.00	Ana_BF_2026
10.120.1022	Komp.buh.veya komp.sah.akup-ot.ve tum         Kg               4,275		56.66	Insaat_Analiz_TUM_2026
10.120.1025	Amortisman - 0,000050		1000000.00	Ana_BF_2026
10.120.1029	Yükleyici		2400000.00	Ana_BF_2026
10.120.1031	Yükleyici (trakskavatör)		4850000.00	Ana_BF_2026
10.120.1033	Betoniyer (motoru ile takriben 500 Litrelik)		160000.00	Ana_BF_2026
10.120.1034	Betoniyer (motoru ile takriben 1000 Litrelik)		475000.00	Ana_BF_2026
10.120.1035	Betoniyer (motoru ile takriben 1000 litrelik yarı otomatik)		475000.00	Ana_BF_2026
10.120.1036	Mozayik silme makinası (Benzinli)		65000.00	Ana_BF_2026
10.120.1037	Yol çizgisi boyası silme makinası (7,5 HP gücünde , bisiklet tipi )		650000.00	Ana_BF_2026
10.120.1038	Kum püskürtme makinası bütün aksesuarı dahil komple		115000.00	Ana_BF_2026
10.120.1039	Beton vibratörü (4 HP)		115000.00	Ana_BF_2026
10.120.1040	Amortisman - 0,000050 10.160.1026  Yedek Parça - 0,000027                                               115.000,00    13,34	Sa		Insaat_Analiz_TUM_2026
10.120.1042	Amortisman -		0.000033	Insaat_Analiz_TUM_2026
10.120.1043	Konkasör (120-150 m³/sa - 215 HP)		11350000.00	Ana_BF_2026
10.120.1044	Amortisman - 0,000063		920000.00	Ana_BF_2026
10.120.1047	Elevatör takriben 15 HP gücünde, 10-18m uzunluk ve 60 cm bant genişliğinde		200000.00	Ana_BF_2026
10.120.1049	Elevatör takriben 25 HP gücünde, 18-24m uzunluk ve 60 cm bant genişliğinde		440000.00	Ana_BF_2026
10.120.1051	Motopomp (5 PS gücünde, takriben 50 mm		56.66	Insaat_Analiz_TUM_2026
10.120.1052	Ø :0-10 lt/sn (10 dahil)		170000.00	Ana_BF_2026
10.120.1054	Motopomp (20 PS gücünde, takriben 125                    2,736		225000.00	Ana_BF_2026
10.120.1055	Motopomp (30 PS gücünde, takriben 135                   Miktarı		56.66	Insaat_Analiz_TUM_2026
10.120.1056	Motopomp (45 PS gücünde, takriben 150		270000.00	Ana_BF_2026
10.120.1057	Motopomp (60 PS gücünde, takriben 200		56.66	Insaat_Analiz_TUM_2026
10.120.1058	Ø :40-80 lt/sn (80 dahil)		500000.00	Ana_BF_2026
10.120.1062	Motopomp (5 PS gücünde,takriben 50 mm çapında)		19500.00	Ana_BF_2026
10.120.1063	Her cins (Titreşimli darbeli) motorlu                        0,000346		96000.00	Insaat_Analiz_TUM_2026
10.120.1080			595000.00	Ana_BF_2026
10.120.1081	Agrega silosu (4 bölmeli, 100 ton/saat verimli)		365000.00	Ana_BF_2026
10.120.1082			236000.00	Ana_BF_2026
10.120.1083	Agrega silosu (4 bölmeli, 50 ton/saat verimli)		297000.00	Ana_BF_2026
10.120.1084	Küçük eleme tesisi (40 ton/Sa kapasiteli) (30		1550000.00	Ana_BF_2026
10.120.1087			3375000.00	Ana_BF_2026
10.120.1088	Minaral filler besleyici (Dizel motorlu)		350000.00	Ana_BF_2026
10.120.1090			1600000.00	Ana_BF_2026
10.120.1091			4500000.00	Ana_BF_2026
10.120.1093			155000.00	Ana_BF_2026
10.120.1096	Asfalt tankı (40 tonluk ısıtma tertibatlı)		7600000.00	Ana_BF_2026
10.120.1098			5650000.00	Ana_BF_2026
10.120.1100			1620000.00	Ana_BF_2026
10.120.1102			350000.00	Ana_BF_2026
10.120.1108	Sıcak tip küçük mikser		1160000.00	Ana_BF_2026
10.120.1115	Kayar Kalıplı Kanal Beton Kaplama Makinası		24000000.00	Ana_BF_2026
10.120.1116	Agrega serme makinası		135000.00	Ana_BF_2026
10.120.1117	Mekanik agrega serici		115000.00	Ana_BF_2026
10.120.1118	Buhar jeneratörü		43000.00	Ana_BF_2026
10.120.1129	Otomatik beton santralı 1000 litre kapasiteli 50 m³/saat		3375000.00	Ana_BF_2026
10.120.1142	Beton boru taşıma makinesi (fabrikada)		1687000.00	Ana_BF_2026
10.120.1157	El ile çim biçme makinası		23500.00	Ana_BF_2026
10.120.1158			113000.00	Ana_BF_2026
10.120.1159	Çim biçme makinası motorlu		229500.00	Ana_BF_2026
10.120.1160			2450.00	Ana_BF_2026
10.120.1161	Bahçe el traktörü (11 HP gücünde)		13500.00	Ana_BF_2026
10.120.1162			35000.00	Ana_BF_2026
10.120.1163	Bahçe traktörü (35 HP gücünde)		58000.00	Ana_BF_2026
10.120.1164			101000.00	Ana_BF_2026
10.120.1165	10 litrelik kollu sırt pülverizatörü		324000.00	Ana_BF_2026
10.120.1166			250000.00	Ana_BF_2026
10.120.1167			742000.00	Ana_BF_2026
10.120.1168	100 litrelik el ile çekilen motorlu pülverizatör		40500.00	Ana_BF_2026
10.120.1169			4300.00	Ana_BF_2026
10.120.1170	250 litrelik araç ile çekilir motorlu pülverizatör		39000.00	Ana_BF_2026
10.120.1171			27000.00	Ana_BF_2026
10.120.1172	560 litrelik araç ile çekilir motorlu pülverizatör		864000.00	Ana_BF_2026
10.120.1173			2000000.00	Ana_BF_2026
10.120.1174	1200 litrelik kendi yürür motorlu pülverizatör		2500000.00	Ana_BF_2026
10.120.1175			823000.00	Ana_BF_2026
10.120.1176	2200 litrelik araç ile taşınır, hidrolik düzenli		2400000.00	Ana_BF_2026
10.120.1177	motorlu pülverizatör		140000000.0	Ana_BF_2026
10.120.1178	Pülverizatörlerin rayiç bedelleri enterpolasyonla bulunur.		0	Ana_BF_2026
10.120.1180	kaldırabilir)		27000000.00	Ana_BF_2026
10.120.1181			1485000.00	Ana_BF_2026
10.120.1184			3650000.00	Ana_BF_2026
10.120.1193	Kanalet fabrikası		29000000.00	Ana_BF_2026
10.120.1195	Ø150 - Ø800 mm buhar kürlü beton ve betonarme boru yapma tesisi		36000000.00	Ana_BF_2026
10.120.1197	Ø900 - Ø1200 mm buhar kürlü beton ve betonarme boru yapma tesisi		54000000.00	Ana_BF_2026
10.120.1202	Ø2800- Ø3000 mm buhar kürlü beton ve betonarme boru yapma tesisi		0	Ana_BF_2026
10.120.1205	Amortisman - 0,000050	Sa	1.2	Insaat_Analiz_TUM_2026
10.120.1206			1175000.00	Ana_BF_2026
10.120.1208			4250000.00	Ana_BF_2026
10.120.1222	Kireç Serme Makinası (250 hp)		20000000.00	Ana_BF_2026
10.120.1224	Torna tezgahı (7.5 KW)		540000.00	Ana_BF_2026
10.120.1226	Hazır sıva makinası (7.5 kW)		1485000.00	Ana_BF_2026
10.120.1227	Amortisman - 0,000050 10.160.1026  Yedek Parça - 0,000027                                         0,000116  18.900.000,00  2.192,40	Sa		Insaat_Analiz_TUM_2026
10.120.1229	Mikro tünel sistemi ile boru sürme makinası                       0,000191		4100000.00	Ana_BF_2026
10.120.1231	Vinç		17500000.00	Ana_BF_2026
10.120.1238	Amortisman - 0,000125 10.160.1026  Yedek Parça - 0,000066                                   0,000242  1.100.000,00  266,20	Sa		Insaat_Analiz_TUM_2026
10.120.1239	Amortisman - 0,000071 10.160.1026  Yedek Parça - 0,000038                                   0,000151  3.900.000,00  588,90	Sa		Insaat_Analiz_TUM_2026
10.120.1240	Mobil vinç (60 Ton - 240 Hp)		21600000.00	Ana_BF_2026
10.120.1242	Vidye ucu (Sert maden)		2700.00	Ana_BF_2026
10.120.1243	Vidye kron		7400.00	Ana_BF_2026
10.120.1244	Elmas uçlu sondaj matkabı		21600.00	Ana_BF_2026
10.120.1246	Matkap (4 1/2 inç sondaj için)		117000.00	Ana_BF_2026
10.120.1247	Matkap (9 7/8 inç sondaj için)		142000.00	Ana_BF_2026
10.120.1248	Matkap (12 1/4 inç)		183000.00	Ana_BF_2026
10.120.1301	Grab Makinesi (Takriben 285 HP gücünde,        Kg         24,37                    56,66		92000000.00	Ana_BF_2026
10.120.1302	Amortisman - 0.000083 10.160.1026  Yedek Parça - 0.000044                                      0,000171  310.000.000,00  53.010,00	Kg	310000000.0	Insaat_Analiz_TUM_2026
10.120.1304	Hidrofreze makinesi (Paletli kazıyıcı gövde - takriben 775 HP gücünde).		0	Ana_BF_2026
10.120.1351	Bentonit Ünitesi - Karıştırma ve Eleme Ünitesi (Desander) (Silo, kompresör dahil)		9450000.00	Ana_BF_2026
10.120.1352	Yüksek Sıkıştırma Özelliğine Sahip Finişerler		21000000.00	Ana_BF_2026
10.120.1353	gücünde, 900-1100 ton/saat kapasiteli, 5-10 m3 hazneli)		140000000.0	Ana_BF_2026
10.120.1360	Elektrik enerjisi                                 Sa         8,5		4.12	Insaat_Analiz_TUM_2026
10.130.1001	Çakıl (elenmesi gerekmeyen iri agrega)       m³                1              135,00		340.00	Ana_BF_2026
10.130.1002	Malzeme:                                                             340,00		340.00	Insaat_Analiz_TUM_2026
10.130.1003	Depoda		137.00	Ana_BF_2026
10.130.1004	Malzeme		137.00	Insaat_Analiz_TUM_2026
10.130.1005	Malzeme 10.130.1209  Kum (tuvenan agregadan elenmiş ve                 Sa                340,00       340,00	m³	385.00	Insaat_Analiz_TUM_2026
10.130.1007	Malzeme İnce sıva veya derz kumu (elenmiş ve            m³         1      431,00       431,00	Ton	1	Insaat_Analiz_TUM_2026
10.130.1008			485.00	Insaat_Analiz_TUM_2026
10.130.1009	Kum (tuvenan agregadan elenmiş ve                    m³                340,00		133.07	Ana_BF_2026
10.130.1029	Depoda		59.00	Ana_BF_2026
10.130.1042	Depoda		54.00	Ana_BF_2026
10.130.1049	Silis (kuvars) kumu ve çakılı                        Kg           0,4             2,00		0.80	Insaat_Analiz_TUM_2026
10.130.1209	yıkanmış) 10.130.9991  Portland Kalkerli Çimento (Torbalı)                Sa         1     2.550,00      510,00	Sa	1	Insaat_Analiz_TUM_2026
10.130.1225	TS EN 197-1 CEM II/B-LL 32,5 N                                           Ton Fabrikada		2400.00	Ana_BF_2026
10.130.1227	TS EN 197-1 CEM II/B-LL 32,5 N                                           Ton Fabrikada		2650.00	Ana_BF_2026
10.130.1235	Mermer pirinci (beyaz)	m³	3.5	Insaat_Analiz_TUM_2026
10.130.1244	Borlu aktif belit çimentosu (KPÇ 42,5) (Dökme)		2600.00	Ana_BF_2026
10.130.1702	Fabrikada		22.60	Ana_BF_2026
10.130.1703	Malzeme:                                            Kg          1,1        22,60		24.86	Insaat_Analiz_TUM_2026
10.130.1704	Fabrikada		24.20	Ana_BF_2026
10.130.1706	İşbaşında		26.00	Ana_BF_2026
10.130.1707	Malzeme:                                        Kg           0,55                  26,00		14.30	Insaat_Analiz_TUM_2026
10.130.1708	Kare profil boru (karşık çaplı)                 Kg           0,418                26,00		0.47	Insaat_Analiz_TUM_2026
10.130.1709	Pano elemanları (arka, yatay, iç dik ve dış          Kg                1,9     24,74		47.01	Insaat_Analiz_TUM_2026
10.130.1711	Fabrikada		26.00	Ana_BF_2026
10.130.1751	Tanımı	Sa	5	Insaat_Analiz_TUM_2026
10.130.1752	Depoda		26.00	Ana_BF_2026
10.130.1801	Ø 39 - Ø 44 mm Epoksi Kaplı Düz Beton Kaplama Çelik Çubukları		51.20	Ana_BF_2026
10.130.2002	190 x 85 x 190 mm yatay delikli tuğla		6.20	Ana_BF_2026
10.130.2003	190 x 135 x 190 mm yatay delikli tuğla                                   Ad      Fabrikada		6.90	Ana_BF_2026
10.130.2004	250 x 100 x 200 mm yatay delikli tuğla		5.90	Ana_BF_2026
10.130.2005	200 x 100 x 200 mm yatay delikli tuğla                                   Ad      Fabrikada		8.20	Ana_BF_2026
10.130.2006	250 x 120 x 200 mm yatay delikli tuğla		11.00	Ana_BF_2026
10.130.2007	250 x 120 x 250 mm yatay delikli tuğla                                   Ad      Fabrikada		15.00	Ana_BF_2026
10.130.2008	235 x 240 x 185 mm yatay delikli tuğla		18.00	Ana_BF_2026
10.130.2009	290 x 240 x 185 mm yatay delikli tuğla                                   Ad      Fabrikada		11.30	Ana_BF_2026
10.130.2010	Malzeme:                                           Ad          15               18,00		18.00	Ana_BF_2026
10.130.2011	250 x 250 x 200 mm yatay delikli tuğla                                   Ad      Fabrikada		24.00	Ana_BF_2026
10.130.2012	Malzeme:                                           Ad          29               11,10		11.10	Ana_BF_2026
10.130.2013	235 x 135 x 240 mm yatay delikli tuğla                                   Ad      Fabrikada		11.30	Ana_BF_2026
10.130.2014	Malzeme:                                           Ad          21               15,80		15.80	Ana_BF_2026
10.130.2015	240 x 190 x 250 mm yatay delikli tuğla                                   Ad      Fabrikada		8.20	Ana_BF_2026
10.130.2016	240 x 135 x 190 mm yatay delikli tuğla		15.00	Ana_BF_2026
10.130.2017	235 x 240 x 190 mm yatay delikli tuğla                                   Ad      Fabrikada		6.20	Ana_BF_2026
10.130.2018	190 x 190 x 135 mm yatay delikli kilitli tuğla		11.30	Ana_BF_2026
10.130.2019	240 x 250 x 135 mm yatay delikli kilitli tuğla                           Ad      Fabrikada		9.20	Ana_BF_2026
10.130.2020	235 x 250 x 135 mm yatay delikli tuğla		12.00	Ana_BF_2026
10.130.2021	235 x 250 x 185 mm yatay delikli tuğla                                   Ad      Fabrikada		7.50	Ana_BF_2026
10.130.2022	235 x 100 x 235 mm yatay delikli tuğla		8.70	Ana_BF_2026
10.130.2023	250 x 100 x 250 mm yatay delikli tuğla                                   Ad      Fabrikada		14.00	Ana_BF_2026
10.130.2024	250 x 150 x 250 mm yatay delikli tuğla		18.00	Ana_BF_2026
10.130.2025	250 x 200 x 250 mm yatay delikli tuğla                                   Ad      Fabrikada		6.50	Ana_BF_2026
10.130.2026	280 x 85 x 190 mm yatay delikli tuğla		7.65	Ana_BF_2026
10.130.2027	280 x 100 x 190 mm yatay delikli tuğla                                   Ad      Fabrikada		10.40	Ana_BF_2026
10.130.2028	280 x 135 x 190 mm yatay delikli tuğla		6.15	Ana_BF_2026
10.130.2029	190 x 85 x 300 mm yatay delikli tuğla                                    Ad      Fabrikada		7.70	Ana_BF_2026
10.130.2030	190 x 100 x 300 mm yatay delikli tuğla		11.25	Ana_BF_2026
10.130.2045	Düşey delikli P birim tuğlalar (TS EN 771-1+A1)                          Ad      Fabrikada		12.75	Ana_BF_2026
10.130.2133	390 x 190 x 190 mm düşey delikli tuğla                                   Ad      Fabrikada		21.75	Ana_BF_2026
10.130.2134	290 x 240 x 135 mm düşey delikli tuğla		29.00	Ana_BF_2026
10.130.2136	290 x 240 x 190 mm düşey delikli tuğla		11.85	Ana_BF_2026
10.130.2191	Düşey delikli dış cephe tuğlası (TS EN 771-1+A1)		23.15	Ana_BF_2026
10.130.2193	190 x 90 x 50 mm düşey delikli dış cephe tuğlası		15.75	Ana_BF_2026
10.130.2201	215 x 102 x 65 mm düşey delikli dış cephe tuğlası		5.95	Ana_BF_2026
10.130.2211	Malzeme:		517.65	Insaat_Analiz_TUM_2026
10.130.2212	290 x 190 x 135 mm düşey delikli tuğla                                   Ad      Fabrikada		22.35	Ana_BF_2026
10.130.2223	190 x 90 x 50 mm delikli harman tuğlası                                  Ad      Fabrikada		32.50	Ana_BF_2026
10.130.2227	225 x 200 x 400 mm asmolen döşeme dolgu tuğlası                          Ad      Fabrikada		23.00	Ana_BF_2026
10.130.2231	275 x 200 x 400 mm asmolen döşeme dolgu tuğlası                          Ad      Fabrikada		14.00	Ana_BF_2026
10.130.2241	325 x 200 x 400 mm asmolen döşeme dolgu tuğlası                          Ad      Fabrikada		23.50	Ana_BF_2026
10.130.2242	350 x 200 x 400 mm asmolen döşeme dolgu tuğlası		29.20	Ana_BF_2026
10.130.2243	200 x 200 x 350 mm asmolen döşeme dolgu tuğlası                          Ad      Fabrikada		35.40	Ana_BF_2026
10.130.2244	250 x 200 x 350 mm asmolen döşeme dolgu tuğlası		9.00	Ana_BF_2026
10.130.2250	Fabrikada		21.75	Ana_BF_2026
10.130.2261	Fabrikada		15.20	Ana_BF_2026
10.130.2263	Fabrikada		28.75	Ana_BF_2026
10.130.2265	Fabrikada		23.95	Ana_BF_2026
10.130.2267	Fabrikada		19.45	Ana_BF_2026
10.130.2269	Fabrikada		31.65	Ana_BF_2026
10.130.2271	Fabrikada		54.60	Ana_BF_2026
10.130.2273	Fabrikada		50.60	Ana_BF_2026
10.130.2281	İşbaşında		999.00	Ana_BF_2026
10.130.2283	İşbaşında		1128.00	Ana_BF_2026
10.130.2285	İşbaşında		1484.00	Ana_BF_2026
10.130.2342	210 X 105 X 65 mm taban tuğlası (kırmızı)		27.50	Ana_BF_2026
10.130.2344	210 X 105 X 50 mm taban tuğlası (kahverengi)		35.50	Ana_BF_2026
10.130.2442	Malzeme		914.94	Insaat_Analiz_TUM_2026
10.130.2443			955.74	Insaat_Analiz_TUM_2026
10.130.2444	8,5 -10 cm kalınlıklar arası		1150.00	Ana_BF_2026
10.130.2445			1152.60	Insaat_Analiz_TUM_2026
10.130.2499	23,5 - 25 cm kalınlıklar arası		897.00	Ana_BF_2026
10.130.2501	845-2+A1)		1030.00	Ana_BF_2026
10.130.2514			654.57	Insaat_Analiz_TUM_2026
10.130.2516			773.63	Insaat_Analiz_TUM_2026
10.130.2517	Techizatsız gazbeton duvar blokları                                      m³      Fabrikada		2597.00	Ana_BF_2026
10.130.2531	Techizatsız gazbeton duvar blokları                                      m²      Fabrikada		220.75	Ana_BF_2026
10.130.2533	8,5 cm kalınlıkta techizatsız gazbeton duvar bloğu                       m²      Fabrikada		259.70	Ana_BF_2026
10.130.2535	10 cm kalınlıkta techizatsız gazbeton duvar bloğu                        m²      Fabrikada		350.60	Ana_BF_2026
10.130.2537	13,5cm kalınlıkta techizatsız gazbeton duvar bloğu                       m²      Fabrikada		454.50	Ana_BF_2026
10.130.2539	17,5 cm kalınlıkta techizatsız gazbeton duvar bloğu                      m²      Fabrikada		519.50	Ana_BF_2026
10.130.2541	20 cm kalınlıkta techizatsız gazbeton duvar bloğu                        m²      Fabrikada		649.50	Ana_BF_2026
10.130.2543	25 cm kalınlıkta techizatsız gazbeton duvar bloğu                        m²      Fabrikada		779.10	Ana_BF_2026
10.130.2544	27,5 cm kalınlıkta techizatsız gazbeton duvar bloğu		844.00	Ana_BF_2026
10.130.2545	30 cm kalınlıkta techizatsız gazbeton duvar bloğu                        m²      Fabrikada		909.00	Ana_BF_2026
10.130.2546			869.32	Insaat_Analiz_TUM_2026
10.130.2574			778.68	Insaat_Analiz_TUM_2026
10.130.2575	27,5 cm kalınlıkta techizatsız gazbeton duvar bloğu                      m³      Fabrikada		2749.00	Ana_BF_2026
10.130.2576	30 cm kalınlıkta techizatsız gazbeton duvar bloğu		206.20	Ana_BF_2026
10.130.2577	32,5 cm kalınlıkta techizatsız gazbeton duvar bloğu                      m²      Fabrikada		233.70	Ana_BF_2026
10.130.2591	Techizatsız gazbeton duvar blokları                                      m²      Fabrikada		274.90	Ana_BF_2026
10.130.2593	Techizatsız gazbeton duvar blokları                                      m²      Fabrikada		371.10	Ana_BF_2026
10.130.2594	7,5 cm kalınlıkta techizatsız gazbeton duvar bloğu		412.35	Ana_BF_2026
10.130.2595	8,5 cm kalınlıkta techizatsız gazbeton duvar bloğu                       m²      Fabrikada		481.00	Ana_BF_2026
10.130.2596			317.24	Insaat_Analiz_TUM_2026
10.130.2597			342.63	Insaat_Analiz_TUM_2026
10.130.2598			380.69	Insaat_Analiz_TUM_2026
10.130.2599			444.14	Insaat_Analiz_TUM_2026
10.130.2600			482.25	Insaat_Analiz_TUM_2026
10.130.2601			507.58	Insaat_Analiz_TUM_2026
10.130.2602			571.03	Insaat_Analiz_TUM_2026
10.130.2603			634.48	Insaat_Analiz_TUM_2026
10.130.2604			697.93	Insaat_Analiz_TUM_2026
10.130.2605			761.38	Insaat_Analiz_TUM_2026
10.130.2606			824.82	Insaat_Analiz_TUM_2026
10.130.2607	Gazbeton asmolen blokları                                                m³      Fabrikada		2275.00	Ana_BF_2026
10.130.2621	Gazbeton asmolen blokları                                                m²      Fabrikada		398.15	Ana_BF_2026
10.130.2623	17,5 cm yükseklikte gazbeton asmolen bloğu                               m²      Fabrikada		511.90	Ana_BF_2026
10.130.2625	22,5 cm yükseklikte gazbeton asmolen bloğu                               m²      Fabrikada		625.60	Ana_BF_2026
10.130.2641	Techizatlı gazbeton lento		579.90	Ana_BF_2026
10.130.2642	7,5 cm kalınlıkta techizatlı gazbeton lento                              m²      Fabrikada		614.00	Ana_BF_2026
10.130.2644	9 cm kalınlıkta techizatlı gazbeton lento                                m²      Fabrikada		852.75	Ana_BF_2026
10.130.2648	15 cm kalınlıkta techizatlı gazbeton lento                               m²      Fabrikada		1194.00	Ana_BF_2026
10.130.2650	19 cm kalınlıkta techizatlı gazbeton lento                               m²      Fabrikada		1364.40	Ana_BF_2026
10.130.2652	22,5 cm kalınlıkta techizatlı gazbeton lento                             m²      Fabrikada		1705.50	Ana_BF_2026
10.130.2654	27,5 cm kalınlıkta techizatlı gazbeton lento                             m²      Fabrikada		2046.60	Ana_BF_2026
10.130.2656	32,5 cm kalınlıkta techizatlı gazbeton lento                             m²      Fabrikada		2387.70	Ana_BF_2026
10.130.2671	Techizatlı gazbeton lento		540.55	Ana_BF_2026
10.130.2672	7,5 cm kalınlıkta techizatlı gazbeton lento                              m²      Fabrikada		612.60	Ana_BF_2026
10.130.2674	9 cm kalınlıkta techizatlı gazbeton lento                                m²      Fabrikada		720.70	Ana_BF_2026
10.130.2676	12,5 cm kalınlıkta techizatlı gazbeton lento                             m²      Fabrikada		972.95	Ana_BF_2026
10.130.2687	Techizatlı gazbeton döşeme elemanı                                       m³      Fabrikada		6822.00	Ana_BF_2026
10.130.2701	Techizatlı gazbeton döşeme elemanı                                       m²      Fabrikada		852.75	Ana_BF_2026
10.130.2703	12,5 cm kalınlıkta techizatlı gazbeton döşeme elemanı                    m²      Fabrikada		1023.30	Ana_BF_2026
10.130.2705	17,5 cm kalınlıkta techizatlı gazbeton döşeme elemanı                    m²      Fabrikada		1364.40	Ana_BF_2026
10.130.2707	22,5 cm kalınlıkta techizatlı gazbeton döşeme elemanı                    m²      Fabrikada		1705.50	Ana_BF_2026
10.130.2731	Techizatlı gazbeton çatı elemanı		607.00	Ana_BF_2026
10.130.2736	15 cm kalınlıkta techizatlı gazbeton çatı elemanı                        m²      Fabrikada		1214.00	Ana_BF_2026
10.130.2745	10 cm kalınlıkta techizatlı gazbeton duvar elemanı                       m³      Fabrikada		6822.00	Ana_BF_2026
10.130.2747	15 cm kalınlıkta techizatlı gazbeton duvar elemanı                       m²      Fabrikada		852.75	Ana_BF_2026
10.130.2749	20 cm kalınlıkta techizatlı gazbeton duvar elemanı                       m²      Fabrikada		1023.30	Ana_BF_2026
10.130.2761	Fabrikada		901.00	Ana_BF_2026
10.130.2790			12.38	Insaat_Analiz_TUM_2026
10.130.2951	Malzeme		428.48	Insaat_Analiz_TUM_2026
10.130.2952	Fabrikada		583.00	Ana_BF_2026
10.130.2953	Malzeme		671.56	Insaat_Analiz_TUM_2026
10.130.2954	Fabrikada		836.00	Ana_BF_2026
10.130.2955			11.21	Insaat_Analiz_TUM_2026
10.130.3002	Fabrikada		94.00	Ana_BF_2026
10.130.3004	Fabrikada		197.00	Ana_BF_2026
10.130.3056	İşbaşında		196.00	Ana_BF_2026
10.130.3107	İşbaşında		2315.00	Ana_BF_2026
10.130.3109	İşbaşında		363.00	Ana_BF_2026
10.130.3153	İşbaşında		378.00	Ana_BF_2026
10.130.3171	İşbaşında		531.00	Ana_BF_2026
10.130.3173	İşbaşında		444.00	Ana_BF_2026
10.130.3301	İşbaşında		637.00	Ana_BF_2026
10.130.3501	Malzeme	m³	0.158	Insaat_Analiz_TUM_2026
10.130.3521	EPS katkılı beton, blok ve levhalar             m³             0,103        1.603,00		165.11	Insaat_Analiz_TUM_2026
10.130.3522	İşbaşında		3768.00	Ana_BF_2026
10.130.3523	10 cm kalınlığında, boşluklu alçı blok	m²	4363.00	Ana_BF_2026
10.130.4004	Fabrikada		486.00	Ana_BF_2026
10.130.4008	Fabrikada		297.00	Ana_BF_2026
10.130.4009	0,01     60,00		62.00	Insaat_Analiz_TUM_2026
10.130.4010	0,01     60,00		49.50	Ana_BF_2026
10.130.4012			76.00	Ana_BF_2026
10.130.4101	Malzeme:                                         m²          1,05             144,00		144.00	Ana_BF_2026
10.130.4102	yapışkanlı)                                     Adet		2.5	Insaat_Analiz_TUM_2026
10.130.4103	Fabrikada		178.00	Ana_BF_2026
10.130.4104	yapışkanlı)                                     Adet		2.5	Insaat_Analiz_TUM_2026
10.130.4106	yapışkanlı)                                     Adet          2,5		150.00	Ana_BF_2026
10.130.4121	Hafif Beton Plakası (Isıl iletkenliği ≤ 0,044 W/(m.K))	m³	114.00	Ana_BF_2026
10.130.4122	yapışkanlı)                                     Adet		2.5	Insaat_Analiz_TUM_2026
10.130.4123	Malzeme:                                          m²         1,05                   144,00		151.20	Insaat_Analiz_TUM_2026
10.130.4124	yapışkanlı)                                     Adet		92.00	Ana_BF_2026
10.130.4126	yapışkanlı)                                     Adet          2,5		134.00	Ana_BF_2026
10.130.4202	ayarlı-Alüminyum)		34.50	Insaat_Analiz_TUM_2026
10.130.4203	Çam kerestesi (II.sınıf)                               m³    0,0025		9000.00	Insaat_Analiz_TUM_2026
10.130.4204			336.60	Insaat_Analiz_TUM_2026
10.130.4206	Malzeme:		60.38	Insaat_Analiz_TUM_2026
10.130.4209	donma-çözülme çevrimine dayanıklı)		197.00	Ana_BF_2026
10.130.4501	Mahya havalandırma bandı (kendinden yapışkanlı)                                        m		31.80	Ana_BF_2026
10.130.4502	taşıma, alın, aks betonu elemanları, kalıp           Kg                0,1     41,00		4.10	Insaat_Analiz_TUM_2026
10.130.4504	İşbaşında		9000.00	Ana_BF_2026
10.130.4506	İşbaşında		10200.00	Ana_BF_2026
10.130.4509	Malzeme:                                         m³            0,012      12.000,00		19200.00	Ana_BF_2026
10.130.4601			12000.00	Ana_BF_2026
10.130.4603	İşbaşında		395.00	Ana_BF_2026
10.130.4605	İşbaşında		524.00	Ana_BF_2026
10.130.4606	Malzeme:	m²	0.04	Insaat_Analiz_TUM_2026
10.130.4607	mm)                                                                  50,00		550.00	Ana_BF_2026
10.130.4721	Malzeme                                         m²           0,15       120,00		18.00	Insaat_Analiz_TUM_2026
10.130.4722	Malzeme                                         m²           0,15       120,00		18.00	Insaat_Analiz_TUM_2026
10.130.6001	Portland Kalkerli Çimento (Torbalı)               Ton         1     2.550,00		637.50	Insaat_Analiz_TUM_2026
10.130.6002	Malzeme:		0.83	Insaat_Analiz_TUM_2026
10.130.9991	Ahşap doğrama imalat atölyesi 10.160.1030  Su                                                   Kwh                    55,00        783,00	m³	5.50	Insaat_Analiz_TUM_2026
10.160.1001	Malzeme:                                             Ad          2           120,00		9.60	Insaat_Analiz_TUM_2026
10.160.1003	Kg         0,5        40,75		20.38	Insaat_Analiz_TUM_2026
10.160.1004	Jel Dinamit                                     m             0,5        12,00		6.00	Insaat_Analiz_TUM_2026
10.160.1005	Fitil                                          Ad             0,5        19,75		9.88	Insaat_Analiz_TUM_2026
10.160.1024	Plastomer esaslı cam tülü taşıyıcılı örtü             m²       1,15		112.00	Insaat_Analiz_TUM_2026
10.160.1025	Benzin                                                                   55,00		3.60	Insaat_Analiz_TUM_2026
10.160.1026	Mazot (0.150 x 140 x 0.57)                                  Sa                                876,80	Sa	1.71	Insaat_Analiz_TUM_2026
10.160.1030	1,5 mm kalınlıkta jeomembran                    m²            1,05       170,00		4.12	Ana_BF_2026
10.160.1032	İşbaşında		250.00	Ana_BF_2026
10.160.1034	İşbaşında		33.07	Ana_BF_2026
10.160.1035	Malzeme:	Sa	492.91	Insaat_Analiz_TUM_2026
10.170.1001	Oksijen tüp 20 lt.lik	Ad	983.00	Ana_BF_2026
10.170.1011	Pressiometre tazyikli hava tüpü	Ad	900.00	Ana_BF_2026
10.170.1031	Teknik Amonyum Nitrat	Kg	745.00	Ana_BF_2026
10.170.1041	Elektrod (3,25-4 mm çapında)	Ad	662.00	Ana_BF_2026
10.170.1201	AHŞAP İNŞAAT GEREÇLERİ		270.00	Ana_BF_2026
10.170.1202	Malzemeler		310.00	Ana_BF_2026
10.170.1203	Malzeme :		400.40	Insaat_Analiz_TUM_2026
10.170.1305	İşbaşında		440.00	Ana_BF_2026
10.170.1307	İşbaşında		540.00	Ana_BF_2026
10.170.1401			990.00	Ana_BF_2026
10.170.1402	Malzeme:		1199.00	Insaat_Analiz_TUM_2026
10.170.1603	Meşe kaplama (0.8 mm kalınlık)		47.00	Ana_BF_2026
10.170.1722	I. Sınıf iroko kerestesinden 19 mm kalınlıkta cephe ve yer kaplaması		83490.00	Ana_BF_2026
10.170.1801	Kayın kerestesi                                        Kg       0,15		136.69	Insaat_Analiz_TUM_2026
10.170.1905	Isıl işlem görmüş (185-212 C)		347.00	Ana_BF_2026
10.170.1925	Çam kerestesi (II.sınıf)                            m³               0,03      9.000,00		370.00	Ana_BF_2026
10.170.2002			178.80	Insaat_Analiz_TUM_2026
10.170.2005	Nemli şartlarda yük taşıyıcı olarak kullanılan (OSB/3 Tipi)		30.45	Ana_BF_2026
10.170.2009	İşbaşında		45.20	Ana_BF_2026
10.170.2101			73.65	Ana_BF_2026
10.170.2103	İşbaşında		112.00	Ana_BF_2026
10.170.2105	İşbaşında		147.00	Ana_BF_2026
10.170.2107	0,65 mm laminat levha                             Kg        0,29/1,43       230,00		220.11	Insaat_Analiz_TUM_2026
10.170.2108	İşbaşında		196.50	Ana_BF_2026
10.170.2110	İşbaşında		255.50	Ana_BF_2026
10.170.2111	Malzeme:                                           m³       0,003    10.200,00		309.42	Insaat_Analiz_TUM_2026
10.170.2112	İşbaşında		354.00	Ana_BF_2026
10.170.2201	Malzeme:                                          m³        0,00728/4,50    9.000,00		159.00	Ana_BF_2026
10.170.2202	Çam kerestesi (II.sınıf)                                                     159,00		390.13	Insaat_Analiz_TUM_2026
10.170.2203	İşbaşında		453.00	Ana_BF_2026
10.170.2301			710.00	Ana_BF_2026
10.170.2303	İşbaşında		850.00	Ana_BF_2026
10.170.2305	İşbaşında		1015.00	Ana_BF_2026
10.170.2308	İşbaşında		1690.00	Ana_BF_2026
10.170.2401			1204.00	Ana_BF_2026
10.170.2451	Çivi                                              Kg        0,64/1,43        25,00	m²	230.00	Ana_BF_2026
10.170.2452	İşbaşında		266.50	Ana_BF_2026
10.170.2501			255.00	Ana_BF_2026
10.170.2552	İşbaşında		4388.00	Ana_BF_2026
10.170.2601	İşbaşında		2170.00	Ana_BF_2026
10.170.2603	İşbaşında		2724.00	Ana_BF_2026
10.170.2605	İşbaşında		2170.00	Ana_BF_2026
10.170.2622	İşbaşında		2724.00	Ana_BF_2026
10.170.2702			148.50	Insaat_Analiz_TUM_2026
10.200.1001	Malzeme:                                        Kg            1,1        26,24		26.00	Insaat_Analiz_TUM_2026
10.200.1002	Malzeme:                                        Kg            1,1        24,95		10.20	Insaat_Analiz_TUM_2026
10.200.1158	Fabrikada		28.78	Ana_BF_2026
10.200.1160	Fabrikada		28.39	Ana_BF_2026
10.200.1162	Fabrikada		28.18	Ana_BF_2026
10.200.1201			33.34	Ana_BF_2026
10.200.1203	Fabrikada		32.27	Ana_BF_2026
10.200.1205	Fabrikada		30.54	Ana_BF_2026
10.200.1253	Fabrikada		25.17	Ana_BF_2026
10.200.1255	Fabrikada		24.95	Ana_BF_2026
10.200.1257	Malzeme:                                      Kg             0,518       24,74		24.74	Ana_BF_2026
10.200.1258	Sac 3,00mm kalınlıkta	Kg	0.37	Insaat_Analiz_TUM_2026
10.200.1259	Fabrikada		24.74	Ana_BF_2026
10.200.1301	16,00mm - 17,99mm kalınlıkta	Kg	44.00	Ana_BF_2026
10.200.1304			44.00	Ana_BF_2026
10.200.1402	1,60mm - 1,79mm kalınlıkta	Kg	47.50	Ana_BF_2026
10.200.1404			44.00	Ana_BF_2026
10.200.1601	İşbaşında		104.50	Ana_BF_2026
10.200.2004	Isı yalıtımsız alüminyum profil                     Kg       1,07       212,00		246.00	Ana_BF_2026
10.200.2013	Naturel-(parlak veya kumlanmış) ve eloksallı ısı yalıtımlı alüminyum profil		256.00	Ana_BF_2026
10.200.2015	Renkli-(parlak veya kumlanmış) eloksallı ısı yalıtımlı alüminyum profil		212.00	Ana_BF_2026
10.200.2123	Çam kerestesi (II.sınıf)                        m³           0,003     9.000,00		513.00	Insaat_Analiz_TUM_2026
10.200.2124	0.30 mm kalınlıkta		199.00	Ana_BF_2026
10.200.2131	0.70 mm kalınlıkta		196.00	Ana_BF_2026
10.200.2133	4-EN AW 3105-ALMn0,5Mg0,5		200.00	Ana_BF_2026
10.200.2201	3.00 mm kalınlıkta	Kg	247.00	Ana_BF_2026
10.200.2202	İşbaşında		246.00	Ana_BF_2026
10.200.2211	mikron epoksi astar)		247.00	Ana_BF_2026
10.200.2212	İşbaşında		246.00	Ana_BF_2026
10.200.2214	İşbaşında		246.00	Ana_BF_2026
10.200.2221			256.00	Ana_BF_2026
10.200.2223	İşbaşında		247.00	Ana_BF_2026
10.200.2231	3.00 mm kalınlıkta	Kg	256.00	Ana_BF_2026
10.200.2232	İşbaşında		247.00	Ana_BF_2026
10.200.2234	İşbaşında		247.00	Ana_BF_2026
10.200.2241			256.00	Ana_BF_2026
10.200.2243	İşbaşında		247.00	Ana_BF_2026
10.200.2301	Alüminyum trifon takımı                        Ad                        6,60	Kg	224.00	Ana_BF_2026
10.200.2302	İşbaşında		224.00	Ana_BF_2026
10.200.2341	0.30 mm kalınlıkta	Kg	276.00	Ana_BF_2026
10.200.2342	İşbaşında		276.00	Ana_BF_2026
10.200.2381	0.70 mm kalınlıkta	Kg	216.00	Ana_BF_2026
10.200.2451	Malzeme :                                     Kg            2,952		148.52	Ana_BF_2026
10.200.2452	Trapezoidal alüminyum levha		19.80	Insaat_Analiz_TUM_2026
10.200.2501	İşbaşında		151.00	Ana_BF_2026
10.200.2712	İşbaşında		516.00	Ana_BF_2026
10.200.2713	PVDF (kaynar 500>%70) son kat boya, arası 3mm polietilen dolgulu		0.50	Ana_BF_2026
10.200.2721			337.05	Insaat_Analiz_TUM_2026
10.200.2731	zeminde dilatasyon fugası yapılması (50 mm genislikte dilatasyonlar için) (yaya yüküne		681.45	Insaat_Analiz_TUM_2026
10.200.2732	İşbaşında		1650.00	Ana_BF_2026
10.200.2741	İşbaşında		241.00	Ana_BF_2026
10.200.2743	İşbaşında		293.00	Ana_BF_2026
10.200.2751			307.65	Insaat_Analiz_TUM_2026
10.200.2762	İşbaşında		988.00	Ana_BF_2026
10.200.2764	İşbaşında		18.20	Ana_BF_2026
10.200.2791	kalınlığında kapak profili                      Ad             3         2,00		234.00	Ana_BF_2026
10.200.2792			186.90	Insaat_Analiz_TUM_2026
10.200.2801	Malzeme:		707.37	Insaat_Analiz_TUM_2026
10.200.2809	İşbaşında		128.00	Ana_BF_2026
10.200.2819	İşbaşında		61.30	Ana_BF_2026
10.200.2851	Fabrikada		449.25	Ana_BF_2026
10.200.2853	İşbaşında		363.00	Ana_BF_2026
10.200.3001	İşbaşında		25.75	Ana_BF_2026
10.200.3002	Malzeme:		21.63	Insaat_Analiz_TUM_2026
10.200.3003	12,5 mm kalınlığında standart (Tip A) alçı       m²                  1,05        45,00		14.50	Ana_BF_2026
10.200.3004			30.45	Insaat_Analiz_TUM_2026
10.200.3005	İşbaşında		33.00	Ana_BF_2026
10.200.3006	levha                                                 m              0,84        27,10		1.79	Insaat_Analiz_TUM_2026
10.200.3008	12,5 mm kalınlığında (Tip GM-FH1R) alçı              m²        2,1       129,00		36.70	Ana_BF_2026
10.200.3010	İşbaşında		19.10	Ana_BF_2026
10.200.3012	12,5 mm kalınlığında standart (Tip A) alçı           m²               2,1        45,00		23.70	Ana_BF_2026
10.200.3014	12,5 mm kalınlığında standart (Tip A) alçı           m²       1,05        45,00		28.60	Ana_BF_2026
10.200.3016	12,5 mm kalınlığında standart (Tip A) alçı           m²       1,05        45,00		12.90	Ana_BF_2026
10.200.3022	İşbaşında		1.38	Ana_BF_2026
10.200.3023	Çelik dübel                                         Ad              1,6      2,00		6.35	Insaat_Analiz_TUM_2026
10.200.3024	Vida ve plastik dübel		9.42	Insaat_Analiz_TUM_2026
10.200.3026	Yalıtım bandı (3 mm polietilenden mamul,            m               0,8      1,38		3.04	Ana_BF_2026
10.200.3028	İşbaşında		7.00	Ana_BF_2026
10.200.3030	Tavan C 60 profilli 0.60 mm kalınlıkta                  m            0,84     25,75		0.86	Ana_BF_2026
10.200.3031	Vida ve plastik dübel 19.100.2434  Borazan vida                                         m³                3       2,00                  8,80	m	2051.49	Insaat_Analiz_TUM_2026
10.200.3032	Duvar U 50 profilli 0.60 mm kalınlıkta                m               2,1        33,00		2.75	Ana_BF_2026
10.200.3033	12,5 mm kalınlığında standart (Tip A) alçı          m²      2,1      45,00		3.58	Insaat_Analiz_TUM_2026
10.200.3034	12,5 mm kalınlığında (Tip GM-FH1R) alçı              m²        2,1       129,00		20.46	Ana_BF_2026
10.200.3054	İşbaşında		20.00	Ana_BF_2026
10.200.3056	İşbaşında		3.00	Ana_BF_2026
10.200.3058	İşbaşında		21.50	Ana_BF_2026
10.200.3059	İşbaşında		26.20	Ana_BF_2026
10.200.3060	İşbaşında		26.20	Ana_BF_2026
10.200.3061	İşbaşında		26.20	Ana_BF_2026
10.200.3062	İşbaşında		13.20	Ana_BF_2026
10.200.3064	İşbaşında		13.70	Ana_BF_2026
10.200.3072	İşbaşında		13.10	Ana_BF_2026
10.200.3074	İşbaşında		27.00	Ana_BF_2026
10.200.3081	İşbaşında		22.80	Ana_BF_2026
10.200.3092	İşbaşında		17.80	Ana_BF_2026
10.200.3097	profil		23.50	Ana_BF_2026
10.200.3101	profil		36.00	Ana_BF_2026
10.200.3111	35mm GENİŞLİĞİNDE ARA TAŞIYICI T PROFİLLER		19.60	Ana_BF_2026
10.200.3112	İşbaşında		17.80	Ana_BF_2026
10.200.3114	İşbaşında		43.40	Ana_BF_2026
10.200.3121	0.40mm kalınlığında, h=38mm yüksekliğinde profil                                  m		20.40	Ana_BF_2026
10.200.3122	İşbaşında		20.45	Ana_BF_2026
10.200.3124	İşbaşında		50.15	Ana_BF_2026
10.200.3126	İşbaşında		22.30	Ana_BF_2026
10.200.3127			16.20	Ana_BF_2026
10.200.3129	İşbaşında		1.20	Ana_BF_2026
10.200.3130			1.98	Ana_BF_2026
10.200.3131			2.05	Ana_BF_2026
10.200.3132	Ekleme parçası                                      Ad              0,7      3,04		2.58	Ana_BF_2026
10.200.3133			2.90	Ana_BF_2026
10.200.3134			3.77	Ana_BF_2026
10.200.3135			4.30	Ana_BF_2026
10.200.3137	galvanizli		7.89	Insaat_Analiz_TUM_2026
10.200.3141	Kenar Z profili (0,40mm-0,60 mm kalınlığında)                                     m		5.45	Ana_BF_2026
10.200.3601	Malzeme:                                        Kg           0,682                35,09		35.09	Ana_BF_2026
10.200.3602	Askı çubuğu 40cm	Ad	12.85	Ana_BF_2026
10.200.3603	Fabrikada		14.90	Ana_BF_2026
10.200.3605	Fabrikada		25.35	Ana_BF_2026
10.200.3607	Fabrikada		30.25	Ana_BF_2026
10.200.3622	ÖNGERİLMELİ BETON İÇİN ÇELİK TELLER, TORONLAR VE                         Kg      Fabrikada		32.65	Ana_BF_2026
10.200.3701	Öngerme teli (Düz yüzeyli) (Ø 4 -12 mm)                                  Kg      Fabrikada		36.90	Ana_BF_2026
10.200.3704	Öngerme halatı (Ø 0,6 inç ve yukarısı) (Tip 270 K)                       m       İşbaşında		266.00	Ana_BF_2026
10.200.3801	DIŞ CEPHE MEKANİK MONTAJ ELEMANLARI                                      m       İşbaşında		307.00	Ana_BF_2026
10.200.3802	1-U profil (paslanmaz çelik AISI 304)		392.00	Ana_BF_2026
10.200.3803	35/35/3 mm                                                               m       İşbaşında		398.00	Ana_BF_2026
10.200.3804	40/30/3 mm		500.00	Ana_BF_2026
10.200.3805	40/40/3 mm                                                               m       İşbaşında		601.00	Ana_BF_2026
10.200.3807	40/40/4 mm                                                               m       İşbaşında		78.50	Ana_BF_2026
10.200.3821	50/50/5 mm                                                               m       İşbaşında		88.50	Ana_BF_2026
10.200.3822	2-U profil (ST 37 sıcak daldırma galvaniz)		114.50	Ana_BF_2026
10.200.3823	35/35/3 mm                                                               m       İşbaşında		114.50	Ana_BF_2026
10.200.3824	40/30/3 mm		145.00	Ana_BF_2026
10.200.3825	40/40/3 mm                                                               m       İşbaşında		182.00	Ana_BF_2026
10.200.3827	40/40/4 mm                                                               m       İşbaşında		152.00	Ana_BF_2026
10.200.3841	50/50/5 mm                                                               m       İşbaşında		297.00	Ana_BF_2026
10.200.3842	3-L profil (paslanmaz çelik AISI 304)		276.00	Ana_BF_2026
10.200.3843	30/30/3 mm                                                               m       İşbaşında		348.00	Ana_BF_2026
10.200.3844	40/40/3 mm		432.00	Ana_BF_2026
10.200.3866	5-L konsol (paslanmaz çelik AISI 304)                                    Ad      İşbaşında		40.00	Ana_BF_2026
10.200.3881	50/80x120x4 mm                                                           Ad      İşbaşında		72.50	Ana_BF_2026
10.200.3882	50/100x120x4 mm		105.50	Ana_BF_2026
10.200.3883	60/120x120x5 mm                                                          Ad      İşbaşında		116.00	Ana_BF_2026
10.200.3903	60/120x120x5 mm                                                          Ad      İşbaşında		15.00	Ana_BF_2026
10.200.3904	60/140x120x5 mm		23.50	Ana_BF_2026
10.200.3905	7-Z ankraj (paslanmaz çelik AISI 304)                                    Ad      İşbaşında		26.50	Ana_BF_2026
10.200.3921	30x3xY40 mm                                                              Ad      İşbaşında		43.00	Ana_BF_2026
10.200.3927	30x4xY60 mm                                                              Ad      İşbaşında		10.00	Ana_BF_2026
10.200.3928	30x4xY80 mm		14.50	Ana_BF_2026
10.200.3929	30x4xY100 mm                                                             Ad      İşbaşında		17.00	Ana_BF_2026
10.200.3930	30x5xY20 mm		21.50	Ana_BF_2026
10.200.3931	30x5xY40 mm                                                              Ad      İşbaşında		24.00	Ana_BF_2026
10.200.3932	30x5xY60 mm		14.50	Ana_BF_2026
10.200.3933	30x5xY80 mm                                                              Ad      İşbaşında		20.00	Ana_BF_2026
10.200.3934	30x5xY100 mm		22.00	Ana_BF_2026
10.200.3935	40x5xY20 mm                                                              Ad      İşbaşında		26.50	Ana_BF_2026
10.200.3936	40x5xY40 mm		31.00	Ana_BF_2026
10.200.3937	40x5xY60 mm                                                              Ad      İşbaşında		18.20	Ana_BF_2026
10.200.3938	40x5xY80 mm		22.50	Ana_BF_2026
10.200.3939	40x5xY100 mm                                                             Ad      İşbaşında		29.00	Ana_BF_2026
10.200.3940	8-L ankraj (paslanmaz çelik AISI 304)		33.40	Ana_BF_2026
10.200.3951	30x30/40x3 mm		22.45	Ana_BF_2026
10.200.3952	30x30/50x3 mm                                                            Ad      İşbaşında		31.20	Ana_BF_2026
10.200.3953	30x40/40x3 mm		36.50	Ana_BF_2026
10.200.3954	30x40/50x3 mm                                                            Ad      İşbaşında		42.00	Ana_BF_2026
10.200.3955	30x30/30x4 mm		51.00	Ana_BF_2026
10.200.3971	20x100x2,5 mm                                                            Ad      İşbaşında		8.65	Ana_BF_2026
10.200.3972	20x130x2,5 mm		9.25	Ana_BF_2026
10.200.3973	20x150x2,5 mm                                                            Ad      İşbaşında		10.80	Ana_BF_2026
10.200.3974	20x150x3 mm		12.60	Ana_BF_2026
10.200.3975	20x180x3 mm                                                              Ad      İşbaşında		14.20	Ana_BF_2026
10.200.4002	M8x80 mm                                                                 Ad      İşbaşında		4.60	Ana_BF_2026
10.200.4004	M10x80 mm                                                                Ad      İşbaşında		6.00	Ana_BF_2026
10.200.4006	M10x120 mm                                                               Ad      İşbaşında		7.95	Ana_BF_2026
10.200.4021	M6x100 mm		7.20	Ana_BF_2026
10.200.4022	M8x80 mm                                                                 Ad      İşbaşında		9.25	Ana_BF_2026
10.200.4023	M8x100 mm		10.00	Ana_BF_2026
10.200.4024	M10x80 mm                                                                Ad      İşbaşında		13.80	Ana_BF_2026
10.200.4025	M10x100 mm		15.20	Ana_BF_2026
10.200.4026	M10x120 mm                                                               Ad      İşbaşında		16.80	Ana_BF_2026
10.200.4046	M10x90 mm                                                                Ad      İşbaşında		2.70	Ana_BF_2026
10.200.4048	M12x110 mm                                                               Ad      İşbaşında		3.20	Ana_BF_2026
10.200.4050	M16x145 mm                                                               Ad      İşbaşında		3.85	Ana_BF_2026
10.200.4062	M6x100 mm                                                                Ad      İşbaşında		5.40	Ana_BF_2026
10.200.4071	15-Kovanlı dübel (paslanmaz çelik AISI 304)                              Ad      İşbaşında		3.25	Ana_BF_2026
10.200.4081	M6x80 mm                                                                 Ad      İşbaşında		14.50	Ana_BF_2026
10.200.4082	M8x60 mm		16.50	Ana_BF_2026
10.200.4083	M8x80 mm                                                                 Ad      İşbaşında		17.80	Ana_BF_2026
10.200.4093	M8x80 mm                                                                 Ad      İşbaşında		4.30	Ana_BF_2026
10.200.4095	17-Saplama dübel (paslanmaz çelik AISI 304)                              Ad      İşbaşında		5.40	Ana_BF_2026
10.200.4101	M10x130 mm                                                               Ad      İşbaşında		6.65	Ana_BF_2026
10.200.4103	M12x160 mm                                                               Ad      İşbaşında		7.25	Ana_BF_2026
10.200.4105	M20x240 mm                                                               Ad      İşbaşında		8.35	Ana_BF_2026
10.200.4107	18-Saplama dübel (ST 37 elektroliz galvaniz)                             Ad      İşbaşında		12.65	Ana_BF_2026
10.200.4121	M10x130 mm                                                               Ad      İşbaşında		22.20	Ana_BF_2026
10.200.4122	M10x170 mm		32.90	Ana_BF_2026
10.200.4123	M12x160 mm                                                               Ad      İşbaşında		60.00	Ana_BF_2026
10.200.4124	M16x190 mm		112.00	Ana_BF_2026
10.200.4125	M20x240 mm                                                               Ad      İşbaşında		187.00	Ana_BF_2026
10.200.4145	M10x70 mm                                                                Ad      İşbaşında		6.30	Ana_BF_2026
10.200.4146	M10x80 mm		8.00	Ana_BF_2026
10.200.4147	M12x50 mm                                                                Ad      İşbaşında		9.30	Ana_BF_2026
10.200.4148	M12x60 mm		11.65	Ana_BF_2026
10.200.4149	M12x70 mm                                                                Ad      İşbaşında		21.80	Ana_BF_2026
10.200.4150			38.40	Ana_BF_2026
10.200.4159	20-Flanşlı pim (paslanmaz çelik AISI 304)                                Ad      İşbaşında		1.25	Ana_BF_2026
10.200.4171	Ø4x60 mm                                                                 Ad      İşbaşında		1.85	Ana_BF_2026
10.200.4173	Ø5x60 mm                                                                 Ad      İşbaşında		2.10	Ana_BF_2026
10.200.4175	Ø6x60 mm                                                                 Ad      İşbaşında		2.35	Ana_BF_2026
10.200.4177	21-Tırtırlı pul (paslanmaz çelik AISI 304)                               Ad      İşbaşında		2.70	Ana_BF_2026
10.200.4181	34/26/3 mm                                                               Ad      İşbaşında		2.80	Ana_BF_2026
10.200.4192	23-Cıvata (paslanmaz çelik AISI A2 70)                                   Ad      İşbaşında		2.95	Ana_BF_2026
10.200.4201	M6x60 mm                                                                 Ad      İşbaşında		3.85	Ana_BF_2026
10.200.4203	M8x25 mm                                                                 Ad      İşbaşında		2.20	Ana_BF_2026
10.200.4205	M8x40 mm                                                                 Ad      İşbaşında		3.25	Ana_BF_2026
10.200.4207	M8x60 mm                                                                 Ad      İşbaşında		1.32	Ana_BF_2026
10.200.4209	M8x100 mm                                                                Ad      İşbaşında		2.95	Ana_BF_2026
10.200.4211	M10x40 mm                                                                Ad      İşbaşında		3.35	Ana_BF_2026
10.200.4213	M12x30 mm                                                                Ad      İşbaşında		1.85	Ana_BF_2026
10.200.4215	M12x50 mm                                                                Ad      İşbaşında		2.20	Ana_BF_2026
10.200.4232	M6x60 mm                                                                 Ad      İşbaşında		2.95	Ana_BF_2026
10.200.4234	M8x25 mm                                                                 Ad      İşbaşında		3.25	Ana_BF_2026
10.200.4236	M8x40 mm                                                                 Ad      İşbaşında		5.65	Ana_BF_2026
10.200.4246	25-Somun                                                                 Ad      İşbaşında		0.47	Ana_BF_2026
10.200.4261	M6                                                                       Ad      İşbaşında		1.86	Ana_BF_2026
10.200.4262	M8		3.24	Ana_BF_2026
10.200.4263	M10                                                                      Ad      İşbaşında		4.62	Ana_BF_2026
10.200.4264	M12		6.66	Ana_BF_2026
10.200.4265	M14                                                                      Ad      İşbaşında		9.18	Ana_BF_2026
10.200.4266	M16		21.75	Ana_BF_2026
10.200.4286	M16                                                                      Ad      İşbaşında		0.30	Ana_BF_2026
10.200.4304	M10                                                                      Ad      İşbaşında		1.32	Ana_BF_2026
10.200.4306	M14                                                                      Ad      İşbaşında		1.32	Ana_BF_2026
10.200.4322	28-Rondela                                                               Ad      İşbaşında		7.30	Ana_BF_2026
10.200.4324	M6-14(dahil) arası                                                       Ad      İşbaşında		0.30	Ana_BF_2026
10.200.4331	M20                                                                      Ad      İşbaşında		0.66	Ana_BF_2026
10.200.4444	İşbaşında		88.20	Ana_BF_2026
10.200.4446	İşbaşında		105.60	Ana_BF_2026
10.200.4448	İşbaşında		215.00	Ana_BF_2026
10.200.4450	İşbaşında		305.00	Ana_BF_2026
10.200.4452	İşbaşında		385.00	Ana_BF_2026
10.200.4502	İşbaşında		5732.00	Ana_BF_2026
10.200.4504	Fabrikada		19.00	Ana_BF_2026
10.200.4505	pano taşıma ve sahanlık), montaj, kaldırma,          Kg               0,25     26,00		6.50	Insaat_Analiz_TUM_2026
10.200.4506	Fabrikada		41.00	Ana_BF_2026
10.200.4507	Malzeme:                                        Kg             1,1                 15,50		17.05	Insaat_Analiz_TUM_2026
10.200.4508	Fabrikada		173.00	Ana_BF_2026
10.201.3004	İşbaşında		32.50	Ana_BF_2026
10.201.3006	İşbaşında		37.20	Ana_BF_2026
10.201.3008	İşbaşında		41.60	Ana_BF_2026
10.201.3010	İşbaşında		72.10	Ana_BF_2026
10.201.3012	İşbaşında		49.70	Ana_BF_2026
10.201.3014	İşbaşında		34.30	Ana_BF_2026
10.201.3016	İşbaşında		61.40	Ana_BF_2026
10.201.3019	İşbaşında		70.00	Ana_BF_2026
10.201.3022	İşbaşında		30.36	Ana_BF_2026
10.201.3025	İşbaşında		14.50	Ana_BF_2026
10.201.3026	levha		46.40	Insaat_Analiz_TUM_2026
10.201.3028	İşbaşında		45.55	Ana_BF_2026
10.201.3029	12,5 mm kalınlığında (Tip GM-FH1R) alçı		86.09	Insaat_Analiz_TUM_2026
10.201.3030	İşbaşında		1.82	Ana_BF_2026
10.201.3032	İşbaşında		0.44	Ana_BF_2026
10.201.3034	İşbaşında		0.86	Ana_BF_2026
10.202.3001	İşbaşında		158.40	Ana_BF_2026
10.240.1300	Beyaz Mermer		176.40	Insaat_Analiz_TUM_2026
10.240.1302	Açık Bej		720.00	Ana_BF_2026
10.240.1304	Afyon Bej (Afyon)		581.00	Ana_BF_2026
10.240.1426	Her türlü yüzey işlemi yapılması (honlama ve cilalama hariç; yakma, eskitme,		1344.00	Ana_BF_2026
10.240.1700	kumlama, çekiçleme, doldurma, doğal boyutlandırma, asitle yıkama ve benzeri)		1260.00	Ana_BF_2026
10.240.1703	Afyon Menekşe (Afyon)		781.00	Ana_BF_2026
10.240.1705	Akşehir Siyah (Konya)		504.00	Ana_BF_2026
10.240.1707	Alanya Emprador Light (Antalya)		770.00	Ana_BF_2026
10.240.1709	Balıkesir Bigadiç Kumru Tüyü (Balıkesir)		720.00	Ana_BF_2026
10.240.1711	Bursa Emperador (Bursa)		736.00	Ana_BF_2026
10.240.1713	Cappucıno (Bursa)		871.00	Ana_BF_2026
10.240.1715	Dark Emparador (Burdur)		781.00	Ana_BF_2026
10.240.1717	Eflani Yeşil (Karabük)		637.00	Ana_BF_2026
10.240.1719	Ege Bordo Uzay (Muğla)		1240.00	Ana_BF_2026
10.240.1765	Golden Spider (Eskişehir)		840.00	Ana_BF_2026
10.240.1766			1080.00	Ana_BF_2026
10.240.2000	Renkli Mermer		176.40	Insaat_Analiz_TUM_2026
10.240.2002	Fantasy Oniks (Bayburt)		4960.00	Ana_BF_2026
10.240.2004	Beyaz Oniks (Bayburt)		1520.00	Ana_BF_2026
10.240.2006	Sivas Oniks (Sivas)		2640.00	Ana_BF_2026
10.240.2008	Bal Oniks (Afyon)		2730.00	Ana_BF_2026
10.240.2010	Bal Oniks Akhisar (Manisa)		2400.00	Ana_BF_2026
10.240.2104	Koyu Renkli Traverten		1050.00	Ana_BF_2026
10.240.2106	Aizona Cream (Balıkesir)		870.00	Ana_BF_2026
10.240.2108	Aizona Red (Balıkesir)		720.00	Ana_BF_2026
10.240.2110	Antique Red Traverten (Kütahya)		910.00	Ana_BF_2026
10.240.2112	Balıkesir Scabos (Balıkesir)		590.00	Ana_BF_2026
10.240.2114	Chestnut Traverten (Tokat)		1000.00	Ana_BF_2026
10.240.2116	Chocolate (Balıkesir)		733.00	Ana_BF_2026
10.240.2118	Denizli Klasik Traverten (Denizli)		648.00	Ana_BF_2026
10.240.2120	Denizli Traverten Dark (Denizli)		781.00	Ana_BF_2026
10.240.2122	Elazığ Sarı Traverten (Elazığ)		1250.00	Ana_BF_2026
10.240.2124	Golden (Kütahya)		840.00	Ana_BF_2026
10.240.2126	Konya Traverten (Konya)		1200.00	Ana_BF_2026
10.240.2128	Rainbow (Balıkesir)		780.00	Ana_BF_2026
10.240.2300	Açık Renkli Traverten		176.40	Insaat_Analiz_TUM_2026
10.240.2302	Crema Classic (Antalya)		520.00	Ana_BF_2026
10.240.2304	Emgoni (Sakarya)		520.00	Ana_BF_2026
10.240.2306	Caribbean Cream (Antalya)		590.00	Ana_BF_2026
10.240.2308	Champagne (Antalya)		168.00	Ana_BF_2026
10.240.2400	Anadolu Beyaz (Yozgat)		2016.00	Ana_BF_2026
10.240.2401	kumlama, çekiçleme, doldurma, doğal boyutlandırma, asitle yıkama ve benzeri)		2592.00	Ana_BF_2026
10.240.2403	Aksaray Pembe, Ortaköy Pembe (Aksaray)		2616.00	Ana_BF_2026
10.240.2405	Balaban Yeşili (Kırklareli)		1350.00	Ana_BF_2026
10.240.2407	Bulancak Füme (Giresun)		2243.00	Ana_BF_2026
10.240.2411	Ankara Füme (Ankara)		1709.00	Ana_BF_2026
10.240.2413	Diana Gri (Ağrı)		1869.00	Ana_BF_2026
10.240.2415	Beypazarı Gray Rose (Ankara)		1779.00	Ana_BF_2026
10.240.2602	kumlama, çekiçleme, doldurma, doğal boyutlandırma, asitle yıkama ve benzeri)		290.00	Ana_BF_2026
10.240.2603	Malzeme		533.40	Insaat_Analiz_TUM_2026
10.240.2606	10 x 10 x 50 cm		475.00	Ana_BF_2026
10.240.2608	10 x 20 x 50 cm		605.00	Ana_BF_2026
10.240.2610	10 x 30 x 50 cm		312.00	Ana_BF_2026
10.240.2612	15 x 20 x 50 cm		413.00	Ana_BF_2026
10.240.2613	Malzeme		540.00	Insaat_Analiz_TUM_2026
10.240.2614	15 x 30 x 50 cm		475.00	Ana_BF_2026
10.240.2616	10 x 10 x 70 cm		662.00	Ana_BF_2026
10.240.2618	10 x 20 x 70 cm		749.00	Ana_BF_2026
10.240.2621	Malzeme		635.25	Insaat_Analiz_TUM_2026
10.240.2642	15 x 30 x 70 cm		768.00	Ana_BF_2026
10.240.2644	8 x 20 x 50 cm oluk taşı		475.00	Ana_BF_2026
10.240.2646	A-3 cm kalınlığında		566.00	Ana_BF_2026
10.240.2648	20 x 20 cm ebatlı		768.00	Ana_BF_2026
10.240.2650	40 x 40 cm ebatlı		677.00	Ana_BF_2026
10.240.2668	Malzeme		710.85	Insaat_Analiz_TUM_2026
10.240.2682	30 x 30 cm ebatlı		878.00	Ana_BF_2026
10.240.2684	50 x 50 cm ebatlı		619.00	Ana_BF_2026
10.240.2686	20cm x serbest boy		734.00	Ana_BF_2026
10.240.2688	40cm x serbest boy		806.00	Ana_BF_2026
10.240.2709	50cm x serbest boy		792.00	Ana_BF_2026
10.240.2722	15 x 15 cm ebatlı		648.00	Ana_BF_2026
10.240.2724	10cm x serbest boy		763.00	Ana_BF_2026
10.240.2726	20cm x serbest boy		877.00	Ana_BF_2026
10.240.2901	10 x 20 x 50 cm		360.00	Ana_BF_2026
10.240.2911	Not:Ara değerler enterpolasyonla bulunur                                 m²      İşbaşında		590.00	Ana_BF_2026
10.240.2912	2 x 30 x 30 cm		677.00	Ana_BF_2026
10.240.2913	2 x 40 x 40 cm                                                           m²      İşbaşında		504.00	Ana_BF_2026
10.240.2914	2 x 30 x serbest boy		547.00	Ana_BF_2026
10.240.2915	2 x 40 x serbest boy                                                     m²      İşbaşında		677.00	Ana_BF_2026
10.240.2916	3 x 30 x 30 cm		763.00	Ana_BF_2026
10.240.2917	3 x 40 x 40 cm                                                           m²      İşbaşında		547.00	Ana_BF_2026
10.240.2918	3 x 30 x serbest boy		648.00	Ana_BF_2026
10.240.2919	3 x 40 x serbest boy                                                     m²      İşbaşında		821.00	Ana_BF_2026
10.240.2920	4 x 30 x 30 cm		848.00	Ana_BF_2026
10.240.2921	4 x 40 x 40 cm                                                           m²      İşbaşında		664.00	Ana_BF_2026
10.240.2922	4 x 30 x serbest boy		768.00	Ana_BF_2026
10.240.2923	4 x 40 x serbest boy                                                     m²      İşbaşında		896.00	Ana_BF_2026
10.240.2924	5 x 30 x 30 cm		1024.00	Ana_BF_2026
10.240.2925	5 x 40 x 40 cm                                                           m²      İşbaşında		792.00	Ana_BF_2026
10.240.2926	5 x 30 x serbest boy		864.00	Ana_BF_2026
10.240.2927	5 x 40 x serbest boy                                                     m²      İşbaşında		968.00	Ana_BF_2026
10.240.2928	6 x 30 x serbest boy		1080.00	Ana_BF_2026
10.240.3001	YÖRESEL DOĞAL TAŞLAR		166.00	Ana_BF_2026
10.240.3011	Bayburt taşı (Tüf, tüfit)		174.00	Ana_BF_2026
10.240.3012	Ahlat kaplama taşı (Levha)		330.00	Ana_BF_2026
10.240.3023	Mimarsinan taşı		290.00	Ana_BF_2026
10.240.3024	Mancusun taşı		290.00	Ana_BF_2026
10.240.3031	Erkilet taşı		229.00	Ana_BF_2026
10.240.3033	Tomarza taşı		280.00	Ana_BF_2026
10.240.3042	3 x 20 x 40 cm		459.00	Ana_BF_2026
10.240.3043	3 x 20 xserbest boy cm                                                   m²      İşbaşında		541.00	Ana_BF_2026
10.240.3044	3 x 30 x 40 cm		504.00	Ana_BF_2026
10.240.3046	b)4cm kalınılığında plaklar (siyah-cilasız)		590.00	Ana_BF_2026
10.240.3051	4 x 10 x serbest boy cm		610.00	Ana_BF_2026
10.240.3052	4 x 20 x 40 cm                                                           m²      İşbaşında		590.00	Ana_BF_2026
10.240.3053	4 x 20 x serbest boy cm		650.00	Ana_BF_2026
10.240.3054	4 x 30 x 40 cm                                                           m²      İşbaşında		630.00	Ana_BF_2026
10.240.3056	c)Bordürler (pahlı) (siyah-cilasız)                                      m²      İşbaşında		330.00	Ana_BF_2026
10.240.3061	15 x 15 x 35 cm                                                          m²      İşbaşında		450.00	Ana_BF_2026
10.240.3062	15 x 15 x 70 cm		250.00	Ana_BF_2026
10.240.3063	10 x 10 x 50 cm                                                          m²      İşbaşında		174.00	Ana_BF_2026
10.240.3064	10 x 10 x 35 cm		341.00	Ana_BF_2026
10.240.3066	d) Oluk (siyah-cilasız)		360.00	Ana_BF_2026
10.240.3097	35 cm kalınlıkta                                                         m²      İşbaşında		981.00	Ana_BF_2026
10.240.3101	Söve/Kat Silmesi vb. (min.10 cm kalınlıkta)                              m²      İşbaşında		1350.00	Ana_BF_2026
10.240.3103	10 cm genişlikte                                                         m²      İşbaşında		1680.00	Ana_BF_2026
10.240.3104	15 cm genişlikte		1869.00	Ana_BF_2026
10.240.3106	25 cm genişlikte		1760.00	Ana_BF_2026
10.240.3201	Malzeme:                                        Ton       0,65		2550.00	Insaat_Analiz_TUM_2026
10.240.3202	İşbaşında		499.00	Ana_BF_2026
10.240.3204	İşbaşında		440.00	Ana_BF_2026
10.240.3206	İşbaşında		419.00	Ana_BF_2026
10.240.3301	İşbaşında		179.00	Ana_BF_2026
10.240.3351	İşbaşında		190.00	Ana_BF_2026
10.240.3404	İşbaşında		190.00	Ana_BF_2026
10.240.3408	İşbaşında		350.00	Ana_BF_2026
10.240.3451	İşbaşında		253.00	Ana_BF_2026
10.240.3501	İşbaşında		388.00	Ana_BF_2026
10.240.3512	İşbaşında		516.00	Ana_BF_2026
10.240.3515	İşbaşında		814.00	Ana_BF_2026
10.240.3517	İşbaşında		358.00	Ana_BF_2026
10.240.3552	İşbaşında		305.00	Ana_BF_2026
10.240.3561	İşbaşında		633.00	Ana_BF_2026
10.240.3564	İşbaşında		478.00	Ana_BF_2026
10.240.3566	İşbaşında		1017.00	Ana_BF_2026
10.240.3614	İşbaşında		592.00	Ana_BF_2026
10.240.3616	İşbaşında		1017.00	Ana_BF_2026
10.240.3651	İşbaşında		419.00	Ana_BF_2026
10.240.3662	İşbaşında		980.00	Ana_BF_2026
10.240.3665	İşbaşında		805.00	Ana_BF_2026
10.240.3701	İşbaşında		334.00	Ana_BF_2026
10.240.3703	İşbaşında		380.00	Ana_BF_2026
10.240.3802	İşbaşında		34.50	Ana_BF_2026
10.240.3807	İşbaşında		180.00	Ana_BF_2026
10.240.3809	İşbaşında		80.00	Ana_BF_2026
10.240.3811	İşbaşında		260.00	Ana_BF_2026
10.240.3814	İşbaşında		260.00	Ana_BF_2026
10.240.3916	İşbaşında		1132.00	Ana_BF_2026
10.240.3918	İşbaşında		1168.00	Ana_BF_2026
10.240.3920	İşbaşında		1677.00	Ana_BF_2026
10.240.3922	İşbaşında		1132.00	Ana_BF_2026
10.240.3924	İşbaşında		1145.00	Ana_BF_2026
10.240.3926	İşbaşında		1145.00	Ana_BF_2026
10.240.3928	İşbaşında		1320.00	Ana_BF_2026
10.240.3930	İşbaşında		1472.00	Ana_BF_2026
10.240.3932	İşbaşında		1017.00	Ana_BF_2026
10.240.3934	İşbaşında		1093.00	Ana_BF_2026
10.240.3936	İşbaşında		1320.00	Ana_BF_2026
10.240.3938	İşbaşında		2223.00	Ana_BF_2026
10.240.3940	İşbaşında		2071.00	Ana_BF_2026
10.240.3942	İşbaşında		1957.00	Ana_BF_2026
10.240.3944	İşbaşında		2201.00	Ana_BF_2026
10.240.4842	Kırılma Dayanımı Şartları (Sınıf 1) Eğilme dayanımı minimum 2,8 Mpa Aşınma		612.00	Ana_BF_2026
10.240.4863	Kırılma Dayanımı Şartları (Sınıf 3) Eğilme dayanımı minimum 4,0 Mpa Aşınma		540.00	Ana_BF_2026
10.240.5351	Granit agregalı (düz) denizlik, parapet veya harpuşta	m²	582.00	Ana_BF_2026
10.240.5401	Kuvars-silis+ mermer agregalı (düz) denizlik, parapet veya harpuşta	m²	88.50	Ana_BF_2026
10.240.5402	Kuvars-silis agregalı (düz) denizlik, parapet veya harpuşta	m²	140.00	Ana_BF_2026
10.240.5403	Denizlik, parapet ve harpuşta (L) (Her türlü yüzey işlemli)		77.00	Ana_BF_2026
10.240.5404	Mermer agregalı ( L ) denizlik, parapet veya harpuşta	m²	77.00	Ana_BF_2026
10.240.5405	Granit agregalı ( L ) denizlik, parapet veya harpuşta	m²	174.00	Ana_BF_2026
10.240.5406	Kuvars-silis+ mermer agregalı ( L ) denizlik, parapet veya harpuşta	m²	146.00	Ana_BF_2026
10.240.5411	Kuvars-silis agregalı ( L ) denizlik, parapet veya harpuşta	m²	16.00	Ana_BF_2026
10.240.5412	İşbaşında		8.35	Ana_BF_2026
10.240.5506	Alçı sıva köşe profili ≥ 0.40 mm kalınlıkta        m                      0,1        5,45		2.50	Ana_BF_2026
10.240.5507	Malzeme	m³	55.00	Insaat_Analiz_TUM_2026
10.240.5508	Su                                          m³                   0,002       55,00		3.96	Ana_BF_2026
10.240.5513	Malzeme                                           m³        4,5		3.65	Ana_BF_2026
10.240.5514	Malzeme                                           m³         1		55.00	Insaat_Analiz_TUM_2026
10.240.5518			45	Insaat_Analiz_TUM_2026
10.240.5581	İşbaşında		43.50	Ana_BF_2026
10.240.5583	İşbaşında		59.00	Ana_BF_2026
10.240.5584			123.90	Insaat_Analiz_TUM_2026
10.240.5585	İşbaşında		72.00	Ana_BF_2026
10.240.5594	İşbaşında		200.00	Ana_BF_2026
10.240.5603	İşbaşında		82.00	Ana_BF_2026
10.240.5604			172.20	Insaat_Analiz_TUM_2026
10.240.5605	İşbaşında		63.00	Ana_BF_2026
10.240.5613			132.30	Insaat_Analiz_TUM_2026
10.240.5614	İşbaşında		166.00	Ana_BF_2026
10.240.5643	İşbaşında		84.50	Ana_BF_2026
10.240.5654	İşbaşında		69.00	Ana_BF_2026
10.240.5713	İşbaşında		134.00	Ana_BF_2026
10.240.5733	İşbaşında		228.00	Ana_BF_2026
10.240.5736	İşbaşında		134.00	Ana_BF_2026
10.240.5745	İşbaşında		521.00	Ana_BF_2026
10.240.5753	İşbaşında		111.00	Ana_BF_2026
10.240.5765	İşbaşında		90.00	Ana_BF_2026
10.240.5780	İşbaşında		129.00	Ana_BF_2026
10.240.5786	İşbaşında		256.00	Ana_BF_2026
10.240.5793	İşbaşında		65.00	Ana_BF_2026
10.240.6051	Malzeme:		41.80	Insaat_Analiz_TUM_2026
10.240.6052	Malzeme:		62.70	Insaat_Analiz_TUM_2026
10.240.6053	Akrilik Esaslı PVC Yapıştırıcı                    Kg         0,35       115,00		7.20	Insaat_Analiz_TUM_2026
10.240.6054	Malzeme:                                                m        1,1               51,00		56.10	Insaat_Analiz_TUM_2026
10.240.6055			112.20	Insaat_Analiz_TUM_2026
10.240.6058	Malzeme		40.25	Insaat_Analiz_TUM_2026
10.240.6059	Malzeme                                           m²         1,05       605,00		158.17	Insaat_Analiz_TUM_2026
10.240.6101	malzeme min. 2800 gr/m2 ağırlıkta olmalıdır. Ayrıca malzemenin, EN		649	Ana_BF_2026
10.240.6104	Akrilik esaslı linolyum yapıştırıcı               Kg          0,4        95,00		46.00	Insaat_Analiz_TUM_2026
10.240.6105	2 mm kalınlıkta linolyum zemin kaplaması          m²         1,05       570,00		10.00	Insaat_Analiz_TUM_2026
10.240.6122	Akrilik esaslı linolyum yapıştırıcı	Kg	550.00	Ana_BF_2026
10.240.6123	İşbaşında		600.00	Ana_BF_2026
10.240.6514	İşbaşında		420.00	Ana_BF_2026
10.240.6609	İşbaşında		355.00	Ana_BF_2026
10.240.6613	İşbaşında		435.00	Ana_BF_2026
10.240.6651	İşbaşında		690.00	Ana_BF_2026
10.240.6653	Malzeme :		621.00	Insaat_Analiz_TUM_2026
10.240.6654	Malzeme :		482.85	Insaat_Analiz_TUM_2026
10.240.6656	Malzeme :		690.00	Ana_BF_2026
10.240.6658	İşbaşında		800.00	Ana_BF_2026
10.240.6660			52.00	Ana_BF_2026
10.240.6760	İşbaşında		490.00	Ana_BF_2026
10.240.6772	İşbaşında		520.00	Ana_BF_2026
10.240.6774	İşbaşında		880.00	Ana_BF_2026
10.240.6776	İşbaşında		510.00	Ana_BF_2026
10.240.6794	İşbaşında		850.00	Ana_BF_2026
10.240.6811	İşbaşında		720.00	Ana_BF_2026
10.240.7201			200.00	Ana_BF_2026
10.240.7202			225.00	Ana_BF_2026
10.240.7204			650.00	Ana_BF_2026
10.240.8001	İşbaşında		1300.00	Ana_BF_2026
10.240.8002	Malzeme:		68.00	Insaat_Analiz_TUM_2026
10.240.8051	İşbaşında		270.00	Ana_BF_2026
10.240.8053	İşbaşında		355.00	Ana_BF_2026
10.240.8055	İşbaşında		450.00	Ana_BF_2026
10.240.8057	İşbaşında		620.00	Ana_BF_2026
10.240.8060			180.00	Ana_BF_2026
10.240.8101	İşbaşında		265.00	Ana_BF_2026
10.240.8103	İşbaşında		360.00	Ana_BF_2026
10.240.8105	İşbaşında		470.00	Ana_BF_2026
10.240.8108	Doğaltaş mozaikler	m²	240.00	Ana_BF_2026
10.240.8202	İşbaşında		550.00	Ana_BF_2026
10.240.8204	İşbaşında		700.00	Ana_BF_2026
10.240.8206	İşbaşında		900.00	Ana_BF_2026
10.240.9012	İşbaşında		710.00	Ana_BF_2026
10.240.9032	İşbaşında		245.00	Ana_BF_2026
10.240.9034	İşbaşında		300.00	Ana_BF_2026
10.240.9036	İşbaşında		375.00	Ana_BF_2026
10.240.9038	İşbaşında		520.00	Ana_BF_2026
10.240.9041	İşbaşında		245.00	Ana_BF_2026
10.240.9043	İşbaşında		330.00	Ana_BF_2026
10.240.9045	İşbaşında		405.00	Ana_BF_2026
10.240.9047	İşbaşında		520.00	Ana_BF_2026
10.240.9071	İşbaşında		400.00	Ana_BF_2026
10.240.9081	İşbaşında		270.00	Ana_BF_2026
10.240.9092	İşbaşında		160.00	Ana_BF_2026
10.240.9094	İşbaşında		210.00	Ana_BF_2026
10.240.9111	İşbaşında		0.60	Ana_BF_2026
10.240.9113	Oluklu bitümlü levhalar (Her renkte)                 m²       1,25       160,00		18.49	Insaat_Analiz_TUM_2026
10.240.9114	Malzeme:                                          m²        1,25     160,00		1.20	Ana_BF_2026
10.240.9115	Oluklu bitümlü levhalar (Her renkte)            m²           1,25       160,00		21.60	Insaat_Analiz_TUM_2026
10.240.9116			5.40	Insaat_Analiz_TUM_2026
10.240.9117	Malzeme:                                      m²            1,25     115,00		2.70	Ana_BF_2026
10.250.1001	İşbaşında		260.00	Ana_BF_2026
10.250.1002	0,002    55,00		28.80	Insaat_Analiz_TUM_2026
10.250.1003	Zımpara kağıdı		200.00	Ana_BF_2026
10.250.1005	Zımpara kağıdı		190.00	Ana_BF_2026
10.250.1007	İşbaşında		180.00	Ana_BF_2026
10.250.1008	0,002    55,00		20.25	Insaat_Analiz_TUM_2026
10.250.1009	İşbaşında		235.00	Ana_BF_2026
10.250.1010	Zımpara kağıdı		19.04	Insaat_Analiz_TUM_2026
10.250.1014	Su                                                       m³                 8,50		27.00	Insaat_Analiz_TUM_2026
10.250.1016	Su                                                       m³                 8,50		23.76	Insaat_Analiz_TUM_2026
10.250.1017	Su                                                       m³                 8,50		19.44	Insaat_Analiz_TUM_2026
10.250.1021	İşbaşında		165.00	Ana_BF_2026
10.250.1022			36.63	Insaat_Analiz_TUM_2026
10.250.1023			60.00	Insaat_Analiz_TUM_2026
10.250.1024	İşbaşında		290.00	Ana_BF_2026
10.250.1026	İşbaşında		275.00	Ana_BF_2026
10.250.1028	İşbaşında		240.00	Ana_BF_2026
10.250.1029			48.00	Insaat_Analiz_TUM_2026
10.250.1030	İşbaşında		290.00	Ana_BF_2026
10.250.1032			100.00	Insaat_Analiz_TUM_2026
10.250.1034	İşbaşında		240.00	Ana_BF_2026
10.250.1035			48.00	Insaat_Analiz_TUM_2026
10.250.1036	İşbaşında		290.00	Ana_BF_2026
10.250.1037			137.75	Insaat_Analiz_TUM_2026
10.250.1038	İşbaşında		272.00	Ana_BF_2026
10.250.1039			129.20	Insaat_Analiz_TUM_2026
10.250.1040	İşbaşında		292.00	Ana_BF_2026
10.250.1042	İşbaşında		100.00	Ana_BF_2026
10.250.1044	Sentetik boya astarı                            lt           0,07       150,00		215.00	Ana_BF_2026
10.250.1046	İşbaşında		170.00	Ana_BF_2026
10.250.1047	Sentetik boya astarı                            lt           0,07       150,00		11.90	Insaat_Analiz_TUM_2026
10.250.1048	İşbaşında		65.00	Ana_BF_2026
10.250.1050			16.50	Insaat_Analiz_TUM_2026
10.250.1052	Su bazlı panel kapı boyası                                               lt      İşbaşında		305.00	Ana_BF_2026
10.250.1053	Su bazlı dış cephe ahşap boyası (kapı, pencere hariç)		205.00	Ana_BF_2026
10.250.1054	Solvent bazlı epoksi boya (çift bileşenli)                               lt      İşbaşında		395.00	Ana_BF_2026
10.250.1055	Solvent bazlı epoksi astar (çift bileşenli)        lt                 0,184      212,00		100.00	Ana_BF_2026
10.250.1056	Su bazlı epoksi boya                                                     lt      İşbaşında		40.00	Ana_BF_2026
10.250.1058	Sönmüş kireç CL 80S                        Ton                  0,00025    3.300,00		0.60	Insaat_Analiz_TUM_2026
10.300.1171			5.95	Insaat_Analiz_TUM_2026
10.300.1173	Zımpara kağıdı                                    Ad             1,00                8,50		16.25	Insaat_Analiz_TUM_2026
10.300.1174			22.50	Insaat_Analiz_TUM_2026
10.300.1175	Metal ve PVC yüzey astarı                                                lt      İşbaşında		85.00	Ana_BF_2026
10.300.1176	Akrilik esaslı su bazlı antibakteriyel solüsyon		120.00	Ana_BF_2026
10.300.1177	Akrilik esaslı su bazlı antibakteriyel astar                             lt      İşbaşında		65.00	Ana_BF_2026
10.300.1178	Leke kapatıcı termoplastik reçine esaslı iç cephe astarı		335.00	Ana_BF_2026
10.300.1179	Sentetik boya astarı                                                     Kg      İşbaşında		150.00	Ana_BF_2026
10.300.1180	Sentetik boya macunu                           Kg            0,193       75,00		515.00	Ana_BF_2026
10.300.1181	Sentetik esaslı renkli ahşap koruyucu                                    lt      İşbaşında		55.00	Ana_BF_2026
10.300.1182	Sentetik esaslı ham ahşap koruyucu astar        lt           0,146      205,00		135.00	Ana_BF_2026
10.300.1183	Solvent bazlı epoksi astar (çift bileşenli)                              lt      İşbaşında		435.00	Ana_BF_2026
10.300.1184	Akrilik kopolimer reçine esaslı solvent bazlı dış cephe astarı		150.00	Ana_BF_2026
10.300.1185	Dekoratif Kaplama Astarı                                                 lt      İşbaşında		170.00	Ana_BF_2026
10.300.1186	Macun		185.00	Ana_BF_2026
10.300.1201	Akrilik esaslı macun		212.00	Ana_BF_2026
10.300.1202	Su bazlı ahşap macunu                                                    lt      İşbaşında		255.00	Ana_BF_2026
10.300.1203	Sentetik boya macunu		55.00	Ana_BF_2026
10.300.1204	Sentetik esaslı ham ahşap koruyucu astar        lt           0,095      170,00		14.48	Insaat_Analiz_TUM_2026
10.300.1311	Sentetik esaslı renkli ahşap koruyucu		29.93	Insaat_Analiz_TUM_2026
10.300.1312	Sentetik esaslı ham ahşap koruyucu astar        lt           0,095      170,00		35.55	Insaat_Analiz_TUM_2026
10.300.1313	Parke dolgu verniği		47.25	Insaat_Analiz_TUM_2026
10.300.1314	Zımpara kağıdı                               lt              0,189      250,00		22.00	Insaat_Analiz_TUM_2026
10.300.1351	Malzeme:                                             Kg              0,25     55,00		110.00	Insaat_Analiz_TUM_2026
10.300.1352			129.80	Insaat_Analiz_TUM_2026
10.300.1353			28.00	Insaat_Analiz_TUM_2026
10.300.1402	Termoplastik esaslı sıcak yol çizgi boyası                               Kg      İşbaşında		55.00	Ana_BF_2026
10.300.1403			43.50	Ana_BF_2026
10.300.1501	İşbaşında		425.00	Ana_BF_2026
10.300.1503	İşbaşında		1050.00	Ana_BF_2026
10.300.1505	İşbaşında		690.00	Ana_BF_2026
10.300.1507	İşbaşında		345.00	Ana_BF_2026
10.300.1512	İşbaşında		95.00	Ana_BF_2026
10.300.1601	Kum ve kırmataş ile 400 Kg çimento dozlu              m³       0,04      2.151,30		8.50	Ana_BF_2026
10.300.1602	Su                                             m³            0,005                   55,00		4.25	Insaat_Analiz_TUM_2026
10.300.1603	İyi cins suni deri                          m²                1,1        40,00		11.00	Insaat_Analiz_TUM_2026
10.300.2001	İşbaşında		45.00	Ana_BF_2026
10.300.2003	İşbaşında		52.50	Ana_BF_2026
10.300.2031	İşbaşında		42.00	Ana_BF_2026
10.300.2033	İşbaşında		53.00	Ana_BF_2026
10.300.2035	İşbaşında		45.00	Ana_BF_2026
10.300.2037	İşbaşında		45.00	Ana_BF_2026
10.300.2039	İşbaşında		280.00	Ana_BF_2026
10.300.2062	Perdah Makinesi                                  Sa           0,1              483,01		68.00	Ana_BF_2026
10.300.2063			21.00	Insaat_Analiz_TUM_2026
10.300.2072	İşbaşında		10.00	Ana_BF_2026
10.300.2073	Malzeme:                                    Adet               1     118.000,00		364.00	Insaat_Analiz_TUM_2026
10.300.2074	İşbaşında		15.00	Ana_BF_2026
10.300.2091	İşbaşında		5.50	Ana_BF_2026
10.300.2093	İşbaşında		12.00	Ana_BF_2026
10.300.2094	Malzeme		30.00	Insaat_Analiz_TUM_2026
10.300.2095	İşbaşında		9.00	Ana_BF_2026
10.300.2097	İşbaşında		8.50	Ana_BF_2026
10.300.2100	İşbaşında		10.50	Ana_BF_2026
10.300.2141	İşbaşında		30.00	Ana_BF_2026
10.300.2152	Epoksi esaslı iki bileşenli astar                    Kg           0,4            475,00		310.00	Ana_BF_2026
10.300.2153	Kuvars kumu karşılığı; köreltme yapma		285.00	Ana_BF_2026
10.300.2157	Vida ve plastik dübel		48.00	Insaat_Analiz_TUM_2026
10.300.2158	Kompresör (250 HP)                                 Sa        0,01      1.942,71		31.20	Insaat_Analiz_TUM_2026
10.300.2159	Kuvars kumu karşılığı; köreltme yapma                Kg           0,6            385,00		231.00	Insaat_Analiz_TUM_2026
10.300.2160	İşbaşında		1450.00	Ana_BF_2026
10.300.2161	Silis (kuvars) kumu ve çakılı                          Kg       0,4      2,00		188.50	Insaat_Analiz_TUM_2026
10.300.2162	İşbaşında		1400.00	Ana_BF_2026
10.300.2163			154.00	Insaat_Analiz_TUM_2026
10.300.2164	İşbaşında		1170.00	Ana_BF_2026
10.300.2171	İşbaşında		30.00	Ana_BF_2026
10.300.2175	İşbaşında		105.00	Ana_BF_2026
10.300.2178	Çift kompenantlı yalıtım malzemesi dozaj                 Sa    0,05     930,40		600.00	Ana_BF_2026
10.300.2179	Çift kompenantlı yalıtım malzemesi dozaj           Sa        0,05     930,40		1320.00	Insaat_Analiz_TUM_2026
10.300.2191	Kg		0.1	Insaat_Analiz_TUM_2026
10.300.2192	Sac 5,00mm kalınlıkta                         Kg              0,1    24,74		0.92	Insaat_Analiz_TUM_2026
10.300.2201	Malzeme:		28.00	Insaat_Analiz_TUM_2026
10.300.2231	30 x 30 cm - 33 x 33 cm anma ebatlarında        m²           1,05                   171,00		6.80	Insaat_Analiz_TUM_2026
10.300.2232	30 x 30 cm - 33 x 33 cm anma ebatlarında        m²           1,05                   253,00		250.00	Ana_BF_2026
10.300.2233			80.00	Ana_BF_2026
10.300.4012	İşbaşında		90.00	Ana_BF_2026
10.300.4022	İşbaşında		80.00	Ana_BF_2026
10.300.4101	BETON TAKVİYELERİNDE KULLANILAN ÇELİK TELLER VE		900.00	Ana_BF_2026
10.300.4102	MİKRO/MAKRO DONATI LİFLERİ		1100.00	Ana_BF_2026
10.300.4103	Çelik Teller (TS EN 14889-1)		800.00	Ana_BF_2026
10.300.4121	Tutkallı bütün uzunluğunca deforme olmuş teller	Kg	130.00	Ana_BF_2026
10.310.1001			96.60	Insaat_Analiz_TUM_2026
10.310.1002			61.74	Insaat_Analiz_TUM_2026
10.310.1011			126.00	Insaat_Analiz_TUM_2026
10.310.1012			236.25	Insaat_Analiz_TUM_2026
10.310.1021			84.00	Insaat_Analiz_TUM_2026
10.310.1022			157.50	Insaat_Analiz_TUM_2026
10.310.1041	İşbaşında		735.00	Ana_BF_2026
10.310.1052	İşbaşında		80.00	Ana_BF_2026
10.310.1062	İşbaşında		260.00	Ana_BF_2026
10.310.1064	İşbaşında		190.00	Ana_BF_2026
10.310.1074	İşbaşında		590.00	Ana_BF_2026
10.310.1101	Malzeme :		25.00	Insaat_Analiz_TUM_2026
10.310.1122	Yüzeye dik çekme mukavemeti en az 2,5kPa (TR2,5)	m³	190.00	Ana_BF_2026
10.310.1123	İşbaşında		340.00	Ana_BF_2026
10.310.1125	İşbaşında		235.00	Ana_BF_2026
10.310.1132			610.00	Ana_BF_2026
10.310.1201	İşbaşında		160.00	Ana_BF_2026
10.310.1211			173.25	Insaat_Analiz_TUM_2026
10.310.1221	İşbaşında		180.00	Ana_BF_2026
10.310.1241	İşbaşında		2200.00	Ana_BF_2026
10.310.1242			57.86	Insaat_Analiz_TUM_2026
10.310.1251			126.00	Insaat_Analiz_TUM_2026
10.310.1252	İşbaşında		2800.00	Ana_BF_2026
10.310.1253			220.50	Insaat_Analiz_TUM_2026
10.310.1301	Malzeme :                                       Kg              4         5,00		86.63	Insaat_Analiz_TUM_2026
10.310.1363	İşbaşında		2950.00	Ana_BF_2026
10.310.1373	İşbaşında		1750.00	Ana_BF_2026
10.310.1383	İşbaşında		2450.00	Ana_BF_2026
10.310.1393	İşbaşında		2950.00	Ana_BF_2026
10.310.1521	İşbaşında		3650.00	Ana_BF_2026
10.310.1541			228.38	Insaat_Analiz_TUM_2026
10.310.1551			223.13	Insaat_Analiz_TUM_2026
10.310.1552	İşbaşında		4600.00	Ana_BF_2026
10.310.1561	İşbaşında		4200.00	Ana_BF_2026
10.310.1562			483.00	Insaat_Analiz_TUM_2026
10.310.1563	İşbaşında		8900.00	Ana_BF_2026
10.310.1571	İşbaşında		4250.00	Ana_BF_2026
10.310.1572			477.75	Insaat_Analiz_TUM_2026
10.310.1581	İşbaşında		6200.00	Ana_BF_2026
10.310.1582			446.25	Insaat_Analiz_TUM_2026
10.310.1583	İşbaşında		4350.00	Ana_BF_2026
10.310.1591			283.50	Insaat_Analiz_TUM_2026
10.310.1592			390.60	Insaat_Analiz_TUM_2026
10.310.1593	İşbaşında		5600.00	Ana_BF_2026
10.310.1601			274.05	Insaat_Analiz_TUM_2026
10.310.1602			368.55	Insaat_Analiz_TUM_2026
10.310.1603	İşbaşında		4500.00	Ana_BF_2026
10.310.1611	İşbaşında		10000.00	Ana_BF_2026
10.310.1612			352.80	Insaat_Analiz_TUM_2026
10.330.2351	Isı yalıtım levhaları yapıştırıcısı		16.50	Insaat_Analiz_TUM_2026
10.330.2356	İşbaşında		2.00	Ana_BF_2026
10.330.2362	İşbaşında		6.00	Ana_BF_2026
10.330.2366	İşbaşında		2.00	Ana_BF_2026
10.330.2402	İşbaşında		4.20	Ana_BF_2026
10.330.2403	Malzeme                                          m            1,05        14,00		14.70	Insaat_Analiz_TUM_2026
10.330.2406	İşbaşında		8.00	Ana_BF_2026
10.330.2407	Malzeme                                          m		1.05	Insaat_Analiz_TUM_2026
10.330.2408	Malzeme                                          m                 1,05        15,00		15.00	Ana_BF_2026
10.330.2501	Yüzeye dik çekme mukavemeti en az 100kPa          m³         0,0525   1.650,00		16.50	Insaat_Analiz_TUM_2026
10.330.2502	Elastromerik reçine esaslı (tek bileşenli) su       Kg         1,5       120,00		11.00	Insaat_Analiz_TUM_2026
10.330.2505	İşbaşında		20.00	Ana_BF_2026
10.330.2552	İşbaşında		745.00	Ana_BF_2026
10.330.2561	İşbaşında		715.00	Ana_BF_2026
10.330.2563	İşbaşında		780.00	Ana_BF_2026
10.330.2602	İşbaşında		860.00	Ana_BF_2026
10.330.2604	İşbaşında		1030.00	Ana_BF_2026
10.330.2606	İşbaşında		1200.00	Ana_BF_2026
10.330.2608	İşbaşında		965.00	Ana_BF_2026
10.330.2628	İşbaşında		1030.00	Ana_BF_2026
10.330.2630	İşbaşında		1150.00	Ana_BF_2026
10.330.2651	İşbaşında		1150.00	Ana_BF_2026
10.330.2652			1320.00	Insaat_Analiz_TUM_2026
10.330.2653	İşbaşında		1270.00	Ana_BF_2026
10.330.2656	İşbaşında		1085.00	Ana_BF_2026
10.330.2676	İşbaşında		1195.00	Ana_BF_2026
10.330.2677			1368.00	Insaat_Analiz_TUM_2026
10.330.2679	İşbaşında		1375.00	Ana_BF_2026
10.330.2681	İşbaşında		745.00	Ana_BF_2026
10.330.2701	İşbaşında		940.00	Ana_BF_2026
10.330.2702			990.00	Insaat_Analiz_TUM_2026
10.330.2703	İşbaşında		1085.00	Ana_BF_2026
10.330.2705	İşbaşında		1220.00	Ana_BF_2026
10.330.2707	İşbaşında		1050.00	Ana_BF_2026
10.330.2709	İşbaşında		765.00	Ana_BF_2026
10.330.2727	İşbaşında		1030.00	Ana_BF_2026
10.330.2751	0,60 + 0,40 + (100mm dolgulu)	m²	1150.00	Ana_BF_2026
10.330.2752	İşbaşında		1200.00	Ana_BF_2026
10.330.2755	İşbaşında		1360.00	Ana_BF_2026
10.330.2776	Poliizosiyanurat 38-42 kg/m³ yoğunlukta, Sac akma dayanımı minimum 220		1200.00	Ana_BF_2026
10.330.2777			1452.00	Insaat_Analiz_TUM_2026
10.330.2778	İşbaşında		1270.00	Ana_BF_2026
10.330.2780	İşbaşında		1375.00	Ana_BF_2026
10.330.2801			870.00	Ana_BF_2026
10.330.2803	İşbaşında		900.00	Ana_BF_2026
10.330.2805	İşbaşında		980.00	Ana_BF_2026
10.330.2807	İşbaşında		800.00	Ana_BF_2026
10.330.2809	İşbaşında		870.00	Ana_BF_2026
10.330.2826	1,20 + 0,60 + (100mm dolgulu)	m²	690.00	Ana_BF_2026
10.330.2827	İşbaşında		725.00	Ana_BF_2026
10.330.2828			882.00	Insaat_Analiz_TUM_2026
10.330.2833	İşbaşında		800.00	Ana_BF_2026
10.330.2835	İşbaşında		815.00	Ana_BF_2026
10.330.2837	İşbaşında		870.00	Ana_BF_2026
10.330.2839	İşbaşında		940.00	Ana_BF_2026
10.330.2852	İşbaşında		815.00	Ana_BF_2026
10.330.2853			978.00	Insaat_Analiz_TUM_2026
10.330.2854	İşbaşında		815.00	Ana_BF_2026
10.330.2856	İşbaşında		785.00	Ana_BF_2026
10.330.2858	İşbaşında		815.00	Ana_BF_2026
10.330.2860	İşbaşında		815.00	Ana_BF_2026
10.330.2862	İşbaşında		890.00	Ana_BF_2026
10.330.2901	İşbaşında		975.00	Ana_BF_2026
10.330.2902			1170.00	Insaat_Analiz_TUM_2026
10.330.2904	İşbaşında		1120.00	Ana_BF_2026
10.330.2906	İşbaşında		1050.00	Ana_BF_2026
10.330.2908	İşbaşında		1100.00	Ana_BF_2026
10.330.2910	İşbaşında		1370.00	Ana_BF_2026
10.330.2927	İşbaşında		1060.00	Ana_BF_2026
10.330.2930	İşbaşında		1060.00	Ana_BF_2026
10.330.2932	İşbaşında		1140.00	Ana_BF_2026
10.330.2951	İşbaşında		1315.00	Ana_BF_2026
10.330.2953	İşbaşında		1430.00	Ana_BF_2026
10.330.2961	İşbaşında		1370.00	Ana_BF_2026
10.330.2963	İşbaşında		1460.00	Ana_BF_2026
10.330.2971	İşbaşında		1400.00	Ana_BF_2026
10.330.2973	İşbaşında		1470.00	Ana_BF_2026
10.330.2981			1758.00	Insaat_Analiz_TUM_2026
10.330.2986			1800.00	Insaat_Analiz_TUM_2026
10.330.3099	50 mm poliüretan dolgulu çatı paneli		140.00	Ana_BF_2026
10.330.3100	PVC membranlı 50 mm poliüretan dolgulu		8.75	Insaat_Analiz_TUM_2026
10.330.3101	İşbaşında		6500.00	Ana_BF_2026
10.330.3102	15101-1+A1, TS EN 15101-2)                       Sa           0,04    55,00	m²	6200.00	Ana_BF_2026
10.330.3201			132.00	Insaat_Analiz_TUM_2026
10.330.3202	İşbaşında		20.00	Ana_BF_2026
10.330.3203	Taşyünü ve poliüretan yalıtımlı, 1,20mm kalınlıkta keçeli TPO membranlı		10.00	Ana_BF_2026
10.330.3301	İşbaşında		250.00	Ana_BF_2026
10.330.3402	İşbaşında		435.00	Ana_BF_2026
10.330.3403	Sacın, dışa bakan yüzeyi 5 mikron epoksi astar üzeri 20 mikron polyester son		485.00	Ana_BF_2026
10.330.3451			12.00	Ana_BF_2026
10.330.3561	İşbaşında		160.00	Ana_BF_2026
10.330.3563	İşbaşında		230.00	Ana_BF_2026
10.330.5002	İşbaşında		200.00	Ana_BF_2026
10.330.5004	İşbaşında		200.00	Ana_BF_2026
10.330.5101	İşbaşında		120.00	Ana_BF_2026
10.330.5102	Malzeme :		161.00	Insaat_Analiz_TUM_2026
10.330.5103	İşbaşında		150.00	Ana_BF_2026
10.330.5105	İşbaşında		147.00	Ana_BF_2026
10.330.5111	İşbaşında		130.00	Ana_BF_2026
10.330.5113	İşbaşında		152.00	Ana_BF_2026
10.330.5121	Bitüm emülisyonu (TS 113)                             Kg        0,4        41,00	m²	140.00	Ana_BF_2026
10.330.5122	Bitüm emülisyonu (TS 113)                             Kg        0,4		170.00	Ana_BF_2026
10.330.5125	İşbaşında		170.00	Ana_BF_2026
10.330.5126			219.65	Insaat_Analiz_TUM_2026
10.330.5127	Bitüm emülisyonu (TS 113)                             Kg        0,4        41,00		170.00	Ana_BF_2026
10.330.5128			219.65	Insaat_Analiz_TUM_2026
10.330.5129	İşbaşında		195.00	Ana_BF_2026
10.330.5131	İşbaşında		195.00	Ana_BF_2026
10.330.5133	İşbaşında		293.00	Ana_BF_2026
10.330.5141			228.00	Ana_BF_2026
10.330.5151			111.00	Ana_BF_2026
10.330.5152	Malzeme :		195.50	Insaat_Analiz_TUM_2026
10.330.5153	İşbaşında		160.00	Ana_BF_2026
10.330.5155	İşbaşında		163.00	Ana_BF_2026
10.330.5157	İşbaşında		190.00	Ana_BF_2026
10.330.5161			120.00	Ana_BF_2026
10.330.5163	İşbaşında		170.00	Ana_BF_2026
10.330.5165	İşbaşında		170.00	Ana_BF_2026
10.330.5167	İşbaşında		191.00	Ana_BF_2026
10.330.5171	Bitüm emülisyonu (TS 113)                       Kg             0,4        41,00		170.00	Ana_BF_2026
10.330.5172	Bitüm emülisyonu (TS 113)                       Kg             0,4		41.00	Insaat_Analiz_TUM_2026
10.330.5173	İşbaşında		202.00	Ana_BF_2026
10.330.5176			281.75	Insaat_Analiz_TUM_2026
10.330.5177	Bitüm emülisyonu (TS 113)                       Kg             0,4        41,00		227.70	Insaat_Analiz_TUM_2026
10.330.5178	İşbaşında		230.00	Ana_BF_2026
10.330.5180	İşbaşında		226.00	Ana_BF_2026
10.330.5182	İşbaşında		335.00	Ana_BF_2026
10.330.5192	İşbaşında		137.00	Ana_BF_2026
10.330.5194	İşbaşında		137.00	Ana_BF_2026
10.330.5201	Bitüm emülisyonu (TS 113)                             Kg        0,4        41,00		160.00	Ana_BF_2026
10.330.5202	Bitüm emülisyonu (TS 113)                             Kg        0,4		41.00	Insaat_Analiz_TUM_2026
10.330.5203	İşbaşında		160.00	Ana_BF_2026
10.330.5205	İşbaşında		160.00	Ana_BF_2026
10.330.5206	Bitüm emülisyonu (TS 113)                             Kg        0,4        41,00		184.00	Insaat_Analiz_TUM_2026
10.330.5207	İşbaşında		190.00	Ana_BF_2026
10.330.5209	İşbaşında		190.00	Ana_BF_2026
10.330.5292	İşbaşında		85.00	Ana_BF_2026
10.330.5294	İşbaşında		80.00	Ana_BF_2026
10.330.5302	İşbaşında		2.50	Ana_BF_2026
10.330.5307	İşbaşında		3.40	Ana_BF_2026
10.330.5403	Bitümlü karton                                  m²           1,15        6,00		12.10	Ana_BF_2026
10.330.5421	Tip 3 ( Yumuşama noktası : 85 - 96 )	Kg	17.70	Ana_BF_2026
10.330.5422	Rafineri		17.70	Ana_BF_2026
10.330.5424	Rafineri		17.70	Ana_BF_2026
10.330.5426	Rafineri		24.70	Ana_BF_2026
10.330.5441			12.80	Ana_BF_2026
10.330.5442			15.20	Ana_BF_2026
10.330.5443			15.80	Ana_BF_2026
10.330.5444			15.80	Ana_BF_2026
10.330.5445			12.30	Ana_BF_2026
10.330.5446			13.30	Ana_BF_2026
10.330.5491	Özel başlı çivi                             Ad                 80        1,00	Kg	7.50	Ana_BF_2026
10.330.5492	İşbaşında		8.00	Ana_BF_2026
10.330.5493	Malzeme:                                        m²           1,15                 5,00		5.75	Insaat_Analiz_TUM_2026
10.330.5499			70.00	Ana_BF_2026
10.330.6001			6.50	Ana_BF_2026
10.330.6002	Malzeme :                                           m²        1,1        7,00		7.70	Insaat_Analiz_TUM_2026
10.330.6003	İşbaşında		9.00	Ana_BF_2026
10.330.6004	Malzeme :                                           m²        1,1        11,00		12.10	Insaat_Analiz_TUM_2026
10.330.6005	İşbaşında		13.50	Ana_BF_2026
10.330.6007	Malzeme                                                  m²        1,1        22,00		22.00	Ana_BF_2026
10.330.6013	2,5 mm kalınlıkta                                                        m²      İşbaşında		190.00	Ana_BF_2026
10.330.6014	2- PVC Esaslı, UV Dayanımlı, Donatılı		250.00	Ana_BF_2026
10.330.6022	1,5 mm kalınlıkta                                                        m²      İşbaşında		95.00	Ana_BF_2026
10.330.6023	2 mm kalınlıkta		140.00	Ana_BF_2026
10.330.6024	2,5 mm kalınlıkta                                                        m²      İşbaşında		185.00	Ana_BF_2026
10.330.6033	2 mm kalınlıkta                                                          m²      İşbaşında		155.00	Ana_BF_2026
10.330.6034	2,5 mm kalınlıkta		210.00	Ana_BF_2026
10.330.6042	1 mm kalınlıkta                                                          m²      İşbaşında		92.00	Ana_BF_2026
10.330.6043	1,5 mm kalınlıkta		140.00	Ana_BF_2026
10.330.6044	2 mm kalınlıkta                                                          m²      İşbaşında		185.00	Ana_BF_2026
10.330.6053	1,5 mm kalınlıkta                                                        m²      İşbaşında		370.00	Ana_BF_2026
10.330.6054	2 mm kalınlıkta		510.00	Ana_BF_2026
10.330.6062	1 mm kalınlıkta                                                          m²      İşbaşında		170.00	Ana_BF_2026
10.330.6063	1,5 mm kalınlıkta		255.00	Ana_BF_2026
10.330.6064	2 mm kalınlıkta                                                          m²      İşbaşında		340.00	Ana_BF_2026
10.330.6073	1 mm kalınlıkta                                                          m²      İşbaşında		310.00	Ana_BF_2026
10.330.6074	1,5 mm kalınlıkta		415.00	Ana_BF_2026
10.330.6082	10- Termo Plastik EPDM Esaslı                                            m²      İşbaşında		185.00	Ana_BF_2026
10.330.6083	1 mm kalınlıkta		240.00	Ana_BF_2026
10.330.6084	1,5 mm kalınlıkta                                                        m²      İşbaşında		305.00	Ana_BF_2026
10.330.6203	BETON İŞLERİNDE KULLANILAN PVC PLASTİK DİLATASYON                        Kg      İşbaşında		85.00	Ana_BF_2026
10.330.6301	HDPE LEVHALAR (TS 6905 EN ISO 14632)                                     m²      İşbaşında		192.00	Ana_BF_2026
10.330.6304	2 mm kalınlıkta		485.00	Ana_BF_2026
10.330.6305	3 mm kalınlıkta                                                          m²      İşbaşında		965.00	Ana_BF_2026
10.330.6306	4 mm kalınlıkta		1860.00	Ana_BF_2026
10.330.6307	5 mm kalınlıkta                                                          m²      İşbaşında		2880.00	Ana_BF_2026
10.330.6308	Vida ve plastik dübel                           Ad               3         2,00		125.00	Ana_BF_2026
10.330.6322	Malzeme :		283.50	Insaat_Analiz_TUM_2026
10.330.6323	Malzeme :		388.50	Insaat_Analiz_TUM_2026
10.330.6324	Malzeme :		498.75	Insaat_Analiz_TUM_2026
10.330.6328	4 mm kalınlıkta                                                          m²      İşbaşında		182.00	Ana_BF_2026
10.330.6401	10 mm kalınlıkta                                                         m²      İşbaşında		370.00	Ana_BF_2026
10.330.6402	20 mm kalınlıkta		475.00	Ana_BF_2026
10.330.6403	30 mm kalınlıkta                                                         m²      İşbaşında		930.00	Ana_BF_2026
10.330.6404	PP Kaynak Elektrodu		1860.00	Ana_BF_2026
10.330.6405	HDPE ESASLI DRENAJ VE KORUMA LEVHALARI                                   m²      İşbaşında		2820.00	Ana_BF_2026
10.330.6422	250 ≤ Basınç Dayanımı < 350 kN/m²		25.00	Ana_BF_2026
10.330.6423	350 ≤ Basınç Dayanımı < 450 kN/m²                                        m²      İşbaşında		43.00	Ana_BF_2026
10.330.6424	450 ≤ Basınç Dayanımı < 550 kN/m²		62.00	Ana_BF_2026
10.330.6425	HDPE ESASLI JEOKOMPOZİT DRENAJ VE KORUMA LEVHALARI                       m²      İşbaşında		80.00	Ana_BF_2026
10.380.1001	3 mm kalınlıkta		630.00	Ana_BF_2026
10.380.1002	4 mm kalınlıkta                                                          m²      İşbaşında		720.00	Ana_BF_2026
10.380.1003	5 mm kalınlıkta		900.00	Ana_BF_2026
10.380.1004	6 mm kalınlıkta                                                          m²      İşbaşında		990.00	Ana_BF_2026
10.380.1006	10 mm kalınlıkta                                                         m²      İşbaşında		435.00	Ana_BF_2026
10.380.1007	2- Füme Renkli Düz Camlar (TS EN 572-2)		695.00	Ana_BF_2026
10.380.1011	4 mm kalınlıkta		935.00	Ana_BF_2026
10.380.1012	5 mm kalınlıkta                                                          m²      İşbaşında		965.00	Ana_BF_2026
10.380.1013	6 mm kalınlıkta		1350.00	Ana_BF_2026
10.380.1015	10 mm kalınlıkta		675.00	Ana_BF_2026
10.380.1016	3- Bronz Renkli Düz Camlar (TS EN 572-2)                                 m²      İşbaşında		810.00	Ana_BF_2026
10.380.1021	5 mm kalınlıkta                                                          m²      İşbaşında		1150.00	Ana_BF_2026
10.380.1022	6 mm kalınlıkta		1400.00	Ana_BF_2026
10.380.1024	10 mm kalınlıkta		735.00	Ana_BF_2026
10.380.1025	4- Mavi Renkli Düz Camlar (TS EN 572-2)                                  m²      İşbaşında		975.00	Ana_BF_2026
10.380.1032	8 mm kalınlıkta		435.00	Ana_BF_2026
10.380.1033	5- Yeşil Renkli Düz Camlar (TS EN 572-2)                                 m²      İşbaşında		700.00	Ana_BF_2026
10.380.1041	4 mm kalınlıkta                                                          m²      İşbaşında		960.00	Ana_BF_2026
10.380.1042	5 mm kalınlıkta		1180.00	Ana_BF_2026
10.380.1043	6 mm kalınlıkta                                                          m²      İşbaşında		1470.00	Ana_BF_2026
10.380.1045	10 mm kalınlıkta                                                         m²      İşbaşında		810.00	Ana_BF_2026
10.380.1046	6- Kumlanmış Düz Camlar (TS EN 572-2)		1080.00	Ana_BF_2026
10.380.1052	8 mm kalınlıkta                                                          m²      İşbaşında		730.00	Ana_BF_2026
10.380.1053	7- Düşük Demirli Düz Camlar (TS EN 572-2)		950.00	Ana_BF_2026
10.380.1061	5 mm kalınlıkta		1400.00	Ana_BF_2026
10.380.1062	6 mm kalınlıkta                                                          m²      İşbaşında		1720.00	Ana_BF_2026
10.380.1063	8 mm kalınlıkta		2270.00	Ana_BF_2026
10.380.1065	12 mm kalınlıkta		1080.00	Ana_BF_2026
10.380.1201	1- Renksiz Aynalar (TS EN 1036-1,2)		630.00	Ana_BF_2026
10.380.1202	3 mm kalınlıkta                                                          m²      İşbaşında		720.00	Ana_BF_2026
10.380.1203	4 mm kalınlıkta		775.00	Ana_BF_2026
10.380.1211	2- Füme Renkli Aynalar (TS EN 1036-1,2)                                  m²      İşbaşında		850.00	Ana_BF_2026
10.380.1212	4 mm kalınlıkta		920.00	Ana_BF_2026
10.380.1221	3- Bronz Renkli Aynalar (TS EN 1036-1,2)                                 m²      İşbaşında		855.00	Ana_BF_2026
10.380.1222	4 mm kalınlıkta		930.00	Ana_BF_2026
10.380.1401	6 mm kalınlıkta                                                          m²      İşbaşında		390.00	Ana_BF_2026
10.380.1402	LAMİNE CAMLAR		450.00	Ana_BF_2026
10.380.1403	1- Renksiz Saydam 0,38 PVB'li Lamine Camlar                              m²      İşbaşında		900.00	Ana_BF_2026
10.380.1412	5+5 mm kalınlıkta                                                        m²      İşbaşında		1110.00	Ana_BF_2026
10.380.1413	6+6 mm kalınlıkta		1180.00	Ana_BF_2026
10.380.1414	2- Renksiz Saydam 0,76 PVB'li Lamine Camlar                              m²      İşbaşında		1405.00	Ana_BF_2026
10.380.1421	5+5 mm kalınlıkta                                                        m²      İşbaşında		1620.00	Ana_BF_2026
10.380.1422	6+6 mm kalınlıkta		1830.00	Ana_BF_2026
10.380.1423	8+8 mm kalınlıkta                                                        m²      İşbaşında		2280.00	Ana_BF_2026
10.380.1424	10+10 mm kalınlıkta		2495.00	Ana_BF_2026
10.380.1432	3+3 mm kalınlıkta                                                        m²      İşbaşında		1700.00	Ana_BF_2026
10.380.1433	4+4 mm kalınlıkta		1610.00	Ana_BF_2026
10.380.1442	4+4 mm kalınlıkta		3150.00	Ana_BF_2026
10.380.1511	Malzeme :		1002.75	Insaat_Analiz_TUM_2026
10.380.1512	Malzeme :		1039.50	Insaat_Analiz_TUM_2026
10.380.1513	Malzeme :		1228.50	Insaat_Analiz_TUM_2026
10.380.1514	Malzeme :		1312.50	Insaat_Analiz_TUM_2026
10.380.1521	Malzeme :		1023.75	Insaat_Analiz_TUM_2026
10.380.1522	5+5 mm kalınlıkta		1125.00	Ana_BF_2026
10.380.1523	Malzeme :		1239.00	Insaat_Analiz_TUM_2026
10.380.1524	12 mm ara boşluk çıtalı		955.00	Ana_BF_2026
10.380.1531	4+4 mm kalınlıkta		1170.00	Ana_BF_2026
10.380.1535	3+3 mm kalınlıkta		1020.00	Ana_BF_2026
10.380.1541	5+5 mm kalınlıkta		1260.00	Ana_BF_2026
10.380.1542	Malzeme :		1191.75	Insaat_Analiz_TUM_2026
10.380.1543	9 mm ara boşluk çıtalı (ilk camı ısı kontrol kaplamalı)		1030.00	Ana_BF_2026
10.380.1544	Malzeme :		1370.25	Insaat_Analiz_TUM_2026
10.380.1545	4+5 mm kalınlıkta		1150.00	Ana_BF_2026
10.380.1551	6+6 mm kalınlıkta		1230.00	Ana_BF_2026
10.380.1552	Malzeme :		1202.25	Insaat_Analiz_TUM_2026
10.380.1553	12 mm ara boşluk çıtalı (ilk camı ısı kontrol kaplamalı)		1035.00	Ana_BF_2026
10.380.1554	Malzeme :		1417.50	Insaat_Analiz_TUM_2026
10.380.1555	Malzeme :		1323.00	Insaat_Analiz_TUM_2026
10.380.1566	12 mm ara boşluk çıtalı		1070.00	Ana_BF_2026
10.380.1571	Malzeme :		1123.50	Insaat_Analiz_TUM_2026
10.380.1572	Malzeme :		1181.25	Insaat_Analiz_TUM_2026
10.380.1573	Malzeme :		1228.50	Insaat_Analiz_TUM_2026
10.380.1574	Malzeme :		1249.50	Insaat_Analiz_TUM_2026
10.380.1575	Malzeme :		1323.00	Insaat_Analiz_TUM_2026
10.380.1576	6+6 mm kalınlıkta		1160.00	Ana_BF_2026
10.380.1581	Malzeme :		1218.00	Insaat_Analiz_TUM_2026
10.380.1582	Malzeme :		1286.25	Insaat_Analiz_TUM_2026
10.380.1583	Malzeme :		1323.00	Insaat_Analiz_TUM_2026
10.380.1584	Malzeme :		1344.00	Insaat_Analiz_TUM_2026
10.380.1585	Malzeme :		1417.50	Insaat_Analiz_TUM_2026
10.380.1586	6+5 mm kalınlıkta		1730.00	Ana_BF_2026
10.380.1593	6+4 mm kalınlıkta		1880.00	Ana_BF_2026
10.380.1605	6+5 mm kalınlıkta		1890.00	Ana_BF_2026
10.380.1613	12 mm ara boşluk çıtalı		1900.00	Ana_BF_2026
10.380.1633	İşbaşında		2520.00	Ana_BF_2026
10.380.1641			2200.00	Ana_BF_2026
10.380.1643	İşbaşında		2610.00	Ana_BF_2026
10.380.1651			1900.00	Ana_BF_2026
10.380.1661			1980.00	Ana_BF_2026
10.380.1671			1765.00	Ana_BF_2026
10.380.1681			1850.00	Ana_BF_2026
10.380.1691			1650.00	Ana_BF_2026
10.380.1694	İşbaşında		1585.00	Ana_BF_2026
10.380.1701			1675.00	Ana_BF_2026
10.380.1703	İşbaşında		1610.00	Ana_BF_2026
10.380.1711			1415.00	Ana_BF_2026
10.380.1713	İşbaşında		1570.00	Ana_BF_2026
10.380.1721	12 + 12 mm ara boşluk çıtalı		1455.00	Ana_BF_2026
10.380.1722	İşbaşında		1575.00	Ana_BF_2026
10.380.1731	4 + 4 + 4 mm kalınlıkta	m²	1545.00	Ana_BF_2026
10.380.1743	6 + (4+4 - 0,38 pvb'li lamine)		1870.00	Ana_BF_2026
10.380.1754	6 + 6 mm kalınlıkta		2010.00	Ana_BF_2026
10.380.1761	8 + 6 mm kalınlıkta		2270.00	Ana_BF_2026
10.380.2002	8 + 6 mm kalınlıkta		2090.00	Ana_BF_2026
10.380.9982	mahya, yan kalkan, saçak profili, dereler,       Ad           2,5                    3,50		775.00	Ana_BF_2026
10.400.1002	Malzeme:		190.00	Insaat_Analiz_TUM_2026
10.400.1009	PLASTİK DOĞRAMA PROFİLLERİ		600.00	Ana_BF_2026
10.400.1010			105.60	Insaat_Analiz_TUM_2026
10.400.1019			22.00	Insaat_Analiz_TUM_2026
10.400.1021			3.50	Insaat_Analiz_TUM_2026
10.400.1022	Metal takviyeli beyaz renkli sert PVC doğrama               Kg    0,96     120,00		2.25	Insaat_Analiz_TUM_2026
10.400.2001	izolasyon ve cam conta ve fitilleri		120.00	Ana_BF_2026
10.400.2002	PVC SÜSPANSİYON HAMMADDESİ		90.00	Ana_BF_2026
10.400.2003	Gömme makaralı iç kapı kilidi (Geniş ve dar	Ad	200.00	Insaat_Analiz_TUM_2026
10.400.2009	Menteşe                                                                  Ad      İşbaşında		170.00	Ana_BF_2026
10.400.2010	Yaylı menteşe		25.00	Ana_BF_2026
10.400.2011	Sürgü (Düşey tesbit takımı)                                              Ad      İşbaşında		90.00	Ana_BF_2026
10.400.2103	Vasistas takımı (Basit makas)                                            Ad      İşbaşında		100.00	Ana_BF_2026
10.400.2106	Sürgü                                                                    Ad      İşbaşında		60.00	Ana_BF_2026
10.400.2107	Lastik başlı tampon		20.00	Ana_BF_2026
10.400.2108	Tespit yaylı mandalı                                                     Ad      İşbaşında		25.00	Ana_BF_2026
10.400.2109	Kontrpua takımı (Pik örme tel sarıdan makara tel yuvaları ile komple)		30.00	Ana_BF_2026
10.400.2121			85.00	Ana_BF_2026
10.400.2141	100 cm ye kadar 2 kavramalı ispanyolet       Ad                 1		100.00	Ana_BF_2026
10.400.2142	Ad                 1		120.00	Ana_BF_2026
10.400.2144	İspanyolet takımı(Kol dahil)		40.00	Ana_BF_2026
10.420.1001	İşbaşında		35.00	Ana_BF_2026
10.420.1003	İşbaşında		55.00	Ana_BF_2026
10.420.1006	Kereste 4 defada kullanılmak üzere 0.10 m3        m³         0,025   5.040,00		126.00	Insaat_Analiz_TUM_2026
10.420.1007	Galvanizli çivi                                      Kg       0,03          60,00		1.80	Insaat_Analiz_TUM_2026
10.420.1008	İki yüzü polietilen film kaplı cam tülü             m²        1,1        55,00		50.00	Ana_BF_2026
10.420.1009	Yağ bazlı kalıp ayırıcı	Kg	0.2	Insaat_Analiz_TUM_2026
10.420.1010	Çivi                                                   Sa       0,35           70,00		80.00	Ana_BF_2026
10.420.1012	Elektrik enerjisi                              Kwh              0,2        4,12		200.00	Ana_BF_2026
10.420.1013	Vida ve plastik dübel		3.20	Insaat_Analiz_TUM_2026
10.420.1014	Duvar U 100 profilli 0.60 mm kalınlıkta               m        2,2        66,20		3.36	Insaat_Analiz_TUM_2026
10.420.1015	Yalıtım bandı (3 mm polietilenden mamul,             Ad        4,4        2,00		3.90	Insaat_Analiz_TUM_2026
10.420.1016			5.60	Insaat_Analiz_TUM_2026
10.420.1052	İşbaşında		40.00	Ana_BF_2026
10.420.1101	Çinko levha                                          Kg       0,035		30.00	Ana_BF_2026
10.420.1151	3+3 mm kal., 12 mm boşluklu yalıtım camı               m²       1,05       955,00		8.00	Insaat_Analiz_TUM_2026
10.420.1152	İşbaşında		1.00	Ana_BF_2026
10.420.1153	Şerit kordon                                 m                3,5        6,50		80.00	Insaat_Analiz_TUM_2026
10.420.1154			2.00	Insaat_Analiz_TUM_2026
10.420.1301	İşbaşında		30.00	Ana_BF_2026
10.420.1302	Kontraplak                                             Kg       0,15           30,00		4.50	Insaat_Analiz_TUM_2026
10.420.1303	İşbaşında		30.00	Ana_BF_2026
10.420.1304			30.00	Insaat_Analiz_TUM_2026
10.420.1401	Malzeme:		57.75	Insaat_Analiz_TUM_2026
10.420.1402	Malzeme:		94.50	Insaat_Analiz_TUM_2026
10.420.1403	Malzeme:		115.50	Insaat_Analiz_TUM_2026
10.420.1405	Malzeme:                                            m        1,05		65.00	Ana_BF_2026
10.420.1406	Malzeme:                                            m        1,05		68.25	Insaat_Analiz_TUM_2026
10.420.1501	Malzeme:		15.00	Insaat_Analiz_TUM_2026
10.420.1502	İşbaşında		35.00	Ana_BF_2026
10.420.1504	İşbaşında		37.50	Ana_BF_2026
10.420.1511	Malzeme 10.130.9991  Toprak (Nebati olmayacak)                       Sa                 7,50         75,00	m³		Insaat_Analiz_TUM_2026
10.420.1512	Mozaik silme taşı		30.00	Ana_BF_2026
10.420.1513	Malzeme :		4.20	Insaat_Analiz_TUM_2026
10.420.1514	Pamuk                                       Kg                0,5        22,00		40.00	Ana_BF_2026
10.420.1515	Malzeme:		44.00	Insaat_Analiz_TUM_2026
10.420.1516	Kıtık                                       Kg                 3         3,30		2.20	Ana_BF_2026
10.420.1702	İşbaşında		100.00	Ana_BF_2026
10.420.1752	İşbaşında		53000.00	Ana_BF_2026
10.420.1754	İşbaşında		140000.00	Ana_BF_2026
10.420.1782	İşbaşında		55.00	Ana_BF_2026
10.420.1851	Hafif agrega (Elenmiş kömür curufu)                                      m³      İşbaşında		130.00	Ana_BF_2026
10.420.1852	Çivi                                             Kg           0,25        25,00		9.00	Ana_BF_2026
10.420.1853	Kreozot (TS 4329 EN 13991)                                               Ton     İşbaşında		6.00	Ana_BF_2026
10.440.1003	Ø 100 mm anma çaplı                                                      m       Fabrikada		65.00	Ana_BF_2026
10.440.1004	Ø 150 mm anma çaplı		100.00	Ana_BF_2026
10.440.1005	Ø 160 mm anma çaplı                                                      m       Fabrikada		115.00	Ana_BF_2026
10.440.1019	Ø 200 mm anma çaplı		135.00	Ana_BF_2026
10.440.1020	Her çap için özel parça		70.00	Ana_BF_2026
10.440.1022	Ø 50 mm anma çaplı		15.00	Ana_BF_2026
10.440.1023	Ø 80 mm anma çaplı                                                       m       Fabrikada		24.00	Ana_BF_2026
10.440.1024	Ø 100 mm anma çaplı		32.00	Ana_BF_2026
10.440.1025	Ø 125 mm anma çaplı                                                      Kg      Fabrikada		55.00	Ana_BF_2026
10.440.1039	Ø 160 mm anma çaplı		85.00	Ana_BF_2026
10.440.1040	Her çap için özel parça		70.00	Ana_BF_2026
10.440.1071	Ø 800 mm anma çaplı                                                      m       Fabrikada		85.00	Ana_BF_2026
10.440.1072	Ø 1000 mm anma çaplı		110.00	Ana_BF_2026
10.440.1073	Her çap için özel parça                                                  m       Fabrikada		145.00	Ana_BF_2026
10.440.1074	Koruge drenaj boruları		195.00	Ana_BF_2026
10.440.1075	Yüksek yoğunluklu polietilen (HDPE) ve Polipropilen (PP) esaslı (TS EN   m       Fabrikada		285.00	Ana_BF_2026
10.440.1079	Her çap için özel parça		78.00	Ana_BF_2026
10.440.1150	13476-3)		85.00	Ana_BF_2026
10.440.1151	Not: Ara çapların rayiç fiyatları enterpolasyonla bulunur.               m       Fabrikada		95.00	Ana_BF_2026
10.440.1152	SN 4		135.00	Ana_BF_2026
10.440.1153	Ø 100 mm anma çaplı                                                      m       Fabrikada		180.00	Ana_BF_2026
10.440.1154	Ø 125 mm anma çaplı		250.00	Ana_BF_2026
10.440.1155	Ø 150 mm anma çaplı                                                      m       Fabrikada		420.00	Ana_BF_2026
10.440.1156	Ø 200 mm anma çaplı		660.00	Ana_BF_2026
10.440.1157	Ø 250 mm anma çaplı                                                      m       Fabrikada		1080.00	Ana_BF_2026
10.440.1158	Ø 300 mm anma çaplı		1800.00	Ana_BF_2026
10.440.1159	Ø 400 mm anma çaplı                                                      m       Fabrikada		2650.00	Ana_BF_2026
10.440.1160	Ø 500 mm anma çaplı		66.00	Ana_BF_2026
10.440.1170	Ø 1000 mm anma çaplı                                                     m       Fabrikada		100.00	Ana_BF_2026
10.440.1171	Her çap için özel parça		115.00	Ana_BF_2026
10.440.1172	SN 8                                                                     m       Fabrikada		155.00	Ana_BF_2026
10.440.1173	Ø 100 mm anma çaplı		240.00	Ana_BF_2026
10.440.1174	Ø 125 mm anma çaplı                                                      m       Fabrikada		360.00	Ana_BF_2026
10.440.1175	Ø 150 mm anma çaplı		600.00	Ana_BF_2026
10.440.1176	Ø 200 mm anma çaplı                                                      m       Fabrikada		900.00	Ana_BF_2026
10.440.1177	Ø 250 mm anma çaplı		1450.00	Ana_BF_2026
10.440.1178	Ø 300 mm anma çaplı                                                      Kg      Fabrikada		2400.00	Ana_BF_2026
10.440.1179	Ø 400 mm anma çaplı		4100.00	Ana_BF_2026
10.440.1180	Ø 500 mm anma çaplı                                                      m       Fabrikada		78.00	Ana_BF_2026
10.440.1256	Ø 500 mm anma çaplı Tip		2	Ana_BF_2026
10.440.1258	Ø 800 mm anma çaplı Tip		2	Ana_BF_2026
10.440.1262	Ø 1000 mm anma çaplı Tip 3                                m     Fabrikada		1150.00	Ana_BF_2026
10.440.1263	Ø 1200 mm anma çaplı Tip 3                                m     Fabrikada		1320.00	Ana_BF_2026
10.440.1264	Ø 1400 mm anma çaplı Tip 3                                m     Fabrikada		1920.00	Ana_BF_2026
10.440.1265	Ø 1500 mm anma çaplı Tip 3                                m     Fabrikada		3120.00	Ana_BF_2026
10.440.1266	Ø 1600 mm anma çaplı Tip 3                                m     Fabrikada		4560.00	Ana_BF_2026
10.440.1267	Ø 1800 mm anma çaplı Tip 3                                m     Fabrikada		6000.00	Ana_BF_2026
10.440.1268	Ø 2000 mm anma çaplı Tip 3                                m     Fabrikada		7450.00	Ana_BF_2026
10.440.1269	Ø 2200 mm anma çaplı Tip 3                                m     Fabrikada		8400.00	Ana_BF_2026
10.440.1270	Ø 2400 mm anma çaplı Tip 3                                m     Fabrikada		10200.00	Ana_BF_2026
10.440.1271	Ø 2600 mm anma çaplı Tip 3                                m     Fabrikada		13800.00	Ana_BF_2026
10.440.1272	Ø 3000 mm anma çaplı Tip 3                                m     Fabrikada		15000.00	Ana_BF_2026
10.440.1273	Ø 500 mm anma çaplı Tip 4                                 m     Fabrikada		18000.00	Ana_BF_2026
10.440.1274	Ø 600 mm anma çaplı Tip 4                                 m     Fabrikada		24000.00	Ana_BF_2026
10.440.1275	Ø 800 mm anma çaplı Tip 4                                 m     Fabrikada		42000.00	Ana_BF_2026
10.440.1276	Ø 1000 mm anma çaplı Tip 4                                m     Fabrikada		1500.00	Ana_BF_2026
10.440.1277	Ø 1200 mm anma çaplı Tip 4                                m     Fabrikada		1750.00	Ana_BF_2026
10.440.1278	Ø 1400 mm anma çaplı Tip 4                                m     Fabrikada		2400.00	Ana_BF_2026
10.440.1279	Ø 1500 mm anma çaplı Tip 4                                m     Fabrikada		3950.00	Ana_BF_2026
10.440.1280	Ø 1600 mm anma çaplı Tip 4                                m     Fabrikada		5880.00	Ana_BF_2026
10.440.1281	Ø 1800 mm anma çaplı Tip 4                                m     Fabrikada		7800.00	Ana_BF_2026
10.440.1282	Ø 2000 mm anma çaplı Tip 4                                m     Fabrikada		9600.00	Ana_BF_2026
10.440.1283	Ø 2200 mm anma çaplı Tip 4                                m     Fabrikada		10800.00	Ana_BF_2026
10.440.1284	Ø 2400 mm anma çaplı Tip 4                                m     Fabrikada		13200.00	Ana_BF_2026
10.440.1285	Ø 2600 mm anma çaplı Tip 4                                m     Fabrikada		18000.00	Ana_BF_2026
10.440.1286	Ø 3000 mm anma çaplı Tip 4                                m     Fabrikada		19500.00	Ana_BF_2026
10.440.1287	Ø 500 mm anma çaplı Tip 5                                 m     Fabrikada		23400.00	Ana_BF_2026
10.440.1288	Ø 600 mm anma çaplı Tip 5                                 m     Fabrikada		31200.00	Ana_BF_2026
10.440.1289	Ø 800 mm anma çaplı Tip 5                                 m     Fabrikada		54000.00	Ana_BF_2026
10.440.1290	Ø 1000 mm anma çaplı Tip 5                                m     Fabrikada		1800.00	Ana_BF_2026
10.440.1291	Ø 1200 mm anma çaplı Tip 5                                m     Fabrikada		2100.00	Ana_BF_2026
10.440.1292	Ø 1400 mm anma çaplı Tip 5                                m     Fabrikada		2880.00	Ana_BF_2026
10.440.1293	Ø 1500 mm anma çaplı Tip 5                                m     Fabrikada		4800.00	Ana_BF_2026
10.440.1294	Ø 1600 mm anma çaplı Tip 5                                m     Fabrikada		6900.00	Ana_BF_2026
10.440.1295	Ø 1800 mm anma çaplı Tip 5                                m     Fabrikada		9600.00	Ana_BF_2026
10.440.1296	Ø 2000 mm anma çaplı Tip 5                                m     Fabrikada		11400.00	Ana_BF_2026
10.440.1297	Ø 2200 mm anma çaplı Tip 5                                m     Fabrikada		13200.00	Ana_BF_2026
10.440.1298	Ø 2400 mm anma çaplı Tip 5                                m     Fabrikada		18000.00	Ana_BF_2026
10.440.1299	Ø 2600 mm anma çaplı Tip 5                                m     Fabrikada		25000.00	Ana_BF_2026
10.440.1300	Ø 2800 mm anma çaplı Tip 5                                m     Fabrikada		28500.00	Ana_BF_2026
10.440.1301	Ø 3000 mm anma çaplı Tip 5                                m     Fabrikada		36000.00	Ana_BF_2026
10.440.1302	m     Fabrikada		48000.00	Ana_BF_2026
10.440.1303	m     Fabrikada		72000.00	Ana_BF_2026
10.440.1304	m     Fabrikada		90000.00	Ana_BF_2026
10.440.1309	Ø 1000 mm anma çaplı Tip 6                                    m     Fabrikada		3480.00	Ana_BF_2026
10.440.1310	Ø 1200 mm anma çaplı Tip 6                                    m     Fabrikada		6000.00	Ana_BF_2026
10.440.1311	Ø 1400 mm anma çaplı Tip 6                                    m     Fabrikada		8400.00	Ana_BF_2026
10.440.1312	Ø 1500 mm anma çaplı Tip 6                                    m     Fabrikada		13200.00	Ana_BF_2026
10.440.1313	Ø 1600 mm anma çaplı Tip 6                                    m     Fabrikada		15000.00	Ana_BF_2026
10.440.1314	Ø 1800 mm anma çaplı Tip 6                                    m     Fabrikada		18000.00	Ana_BF_2026
10.440.1315	Ø 2000 mm anma çaplı Tip 6                                    m     Fabrikada		23400.00	Ana_BF_2026
10.440.1316	Ø 2200 mm anma çaplı Tip 6                                    m     Fabrikada		30000.00	Ana_BF_2026
10.440.1317	Ø 2400 mm anma çaplı Tip 6                                    m     Fabrikada		33500.00	Ana_BF_2026
10.440.1318	Ø 2600 mm anma çaplı Tip 6                                    m     Fabrikada		43200.00	Ana_BF_2026
10.440.1319	Ø 2800 mm anma çaplı Tip 6                                    m     Fabrikada		57500.00	Ana_BF_2026
10.440.1320	Ø 3000 mm anma çaplı Tip 6                                    m     Fabrikada		82500.00	Ana_BF_2026
10.440.1321	Ø 500 mm anma çaplı Tip 7                                     m     Fabrikada		108000.00	Ana_BF_2026
10.440.1322	Ø 600 mm anma çaplı Tip 7                                     m     Fabrikada		2600.00	Ana_BF_2026
10.440.1323	Ø 800 mm anma çaplı Tip 7                                     m     Fabrikada		3000.00	Ana_BF_2026
10.440.1324	Ø 1000 mm anma çaplı Tip 7                                    m     Fabrikada		4200.00	Ana_BF_2026
10.440.1325	Ø 1200 mm anma çaplı Tip 7                                    m     Fabrikada		7200.00	Ana_BF_2026
10.440.1326	Ø 1400 mm anma çaplı Tip 7                                    m     Fabrikada		10800.00	Ana_BF_2026
10.440.1327	Ø 1500 mm anma çaplı Tip 7                                    m     Fabrikada		14500.00	Ana_BF_2026
10.440.1328	Ø 1600 mm anma çaplı Tip 7                                    m     Fabrikada		17500.00	Ana_BF_2026
10.440.1329	Ø 1800 mm anma çaplı Tip 7                                    m     Fabrikada		19200.00	Ana_BF_2026
10.440.1330	Ø 2000 mm anma çaplı Tip 7                                    m     Fabrikada		24000.00	Ana_BF_2026
10.440.1331	Ø 2200 mm anma çaplı Tip 7                                    m     Fabrikada		33000.00	Ana_BF_2026
10.440.1332	Ø 2400 mm anma çaplı Tip 7                                    m     Fabrikada		36000.00	Ana_BF_2026
10.440.1333	Ø 2600 mm anma çaplı Tip 7                                    m     Fabrikada		46200.00	Ana_BF_2026
10.440.1334	Ø 2800 mm anma çaplı Tip 7                                    m     Fabrikada		62000.00	Ana_BF_2026
10.440.1335	Ø 3000 mm anma çaplı Tip 7                                    m     Fabrikada		98500.00	Ana_BF_2026
10.440.1336	Her çap için özel parça                                       m     Fabrikada		130000.00	Ana_BF_2026
10.440.1401	Not: Ara çapların rayiç fiyatlarıenterpolasyonla bulunur.     m     Fabrikada		2280.00	Ana_BF_2026
10.440.1402	SN 8 tipi borular                                             m     Fabrikada		2950.00	Ana_BF_2026
10.440.1403	Ø 600 mm anma çaplı                                           m     Fabrikada		4800.00	Ana_BF_2026
10.440.1404	Ø 800 mm anma çaplı                                           m     Fabrikada		7200.00	Ana_BF_2026
10.440.1405	Ø 1000 mm anma çaplı                                          m     Fabrikada		9600.00	Ana_BF_2026
10.440.1406	Ø 1200 mm anma çaplı                                          m     Fabrikada		11800.00	Ana_BF_2026
10.440.1407	Ø 1400 mm anma çaplı                                          m     Fabrikada		13200.00	Ana_BF_2026
10.440.1408	Ø 1500 mm anma çaplı                                          m     Fabrikada		16800.00	Ana_BF_2026
10.440.1409	Ø 1600 mm anma çaplı                                          m     Fabrikada		22500.00	Ana_BF_2026
10.440.1410	Ø 1800 mm anma çaplı                                          m     Fabrikada		24000.00	Ana_BF_2026
10.440.1411	Ø 2000 mm anma çaplı                                          m     Fabrikada		31500.00	Ana_BF_2026
10.440.1421	Ø 1000 mm anma çaplı		8650.00	Ana_BF_2026
10.440.1422	Ø 1200 mm anma çaplı                                                     m       Fabrikada		11500.00	Ana_BF_2026
10.440.1423	Ø 1400 mm anma çaplı		14000.00	Ana_BF_2026
10.440.1424	Ø 1500 mm anma çaplı                                                     m       Fabrikada		15500.00	Ana_BF_2026
10.440.1425	Ø 1600 mm anma çaplı		20000.00	Ana_BF_2026
10.440.1426	Ø 1800 mm anma çaplı                                                     m       Fabrikada		26500.00	Ana_BF_2026
10.440.1427	Ø 2000 mm anma çaplı		28500.00	Ana_BF_2026
10.440.1428	Ø 2200 mm anma çaplı                                                     m       Fabrikada		37500.00	Ana_BF_2026
10.440.1429	Ø 2400 mm anma çaplı		49500.00	Ana_BF_2026
10.440.1431	SN 12.5 tipi borular		3000.00	Ana_BF_2026
10.440.1440	Ø 800 mm anma çaplı		6300.00	Ana_BF_2026
10.440.1441	Ø 1000 mm anma çaplı                                                     m       Fabrikada		9450.00	Ana_BF_2026
10.440.1442	Ø 1200 mm anma çaplı		12000.00	Ana_BF_2026
10.440.1443	Ø 1400 mm anma çaplı                                                     m       Fabrikada		14700.00	Ana_BF_2026
10.440.1444	Ø 1500 mm anma çaplı		16500.00	Ana_BF_2026
10.440.1445	Ø 1600 mm anma çaplı                                                     m       Fabrikada		21000.00	Ana_BF_2026
10.440.1446	Ø 1800 mm anma çaplı		28000.00	Ana_BF_2026
10.440.1447	Ø 2000 mm anma çaplı                                                     m       Fabrikada		30000.00	Ana_BF_2026
10.440.1448	Ø 2200 mm anma çaplı		39000.00	Ana_BF_2026
10.440.1449	Ø 2400 mm anma çaplı                                                     m       Fabrikada		52500.00	Ana_BF_2026
10.440.1451	SN 16 tipi borular                                                       m       Fabrikada		3420.00	Ana_BF_2026
10.440.1460	Ø 800 mm anma çaplı                                                      m       Fabrikada		7150.00	Ana_BF_2026
10.440.1461	Ø 1000 mm anma çaplı		10800.00	Ana_BF_2026
10.440.1462	Ø 1200 mm anma çaplı                                                     m       Fabrikada		13800.00	Ana_BF_2026
10.440.1463	Ø 1400 mm anma çaplı		16500.00	Ana_BF_2026
10.440.1464	Ø 1500 mm anma çaplı                                                     m       Fabrikada		18500.00	Ana_BF_2026
10.440.1465	Ø 1600 mm anma çaplı		23500.00	Ana_BF_2026
10.440.1466	Ø 1800 mm anma çaplı                                                     m       Fabrikada		31200.00	Ana_BF_2026
10.440.1467	Ø 2000 mm anma çaplı		33500.00	Ana_BF_2026
10.440.1468	Ø 2200 mm anma çaplı                                                     m       Fabrikada		43500.00	Ana_BF_2026
10.440.1469	Ø 2400 mm anma çaplı		58500.00	Ana_BF_2026
10.440.1471	Her çap için özel parça		205.00	Ana_BF_2026
10.440.1561	SN 4 SDR 41 tipi borular                                                 m       Fabrikada		170.00	Ana_BF_2026
10.440.1570	Ø 125 mm anma çaplı                                                      m       Fabrikada		315.00	Ana_BF_2026
10.440.1571	Ø 160 mm anma çaplı		470.00	Ana_BF_2026
10.440.1572	Ø 200 mm anma çaplı                                                      m       Fabrikada		745.00	Ana_BF_2026
10.440.1573	Ø 250 mm anma çaplı		1130.00	Ana_BF_2026
10.440.1574	Ø 315 mm anma çaplı                                                      m       Fabrikada		1800.00	Ana_BF_2026
10.440.1575	Ø 400 mm anma çaplı		2900.00	Ana_BF_2026
10.440.1576	Ø 500 mm anma çaplı                                                      m       Fabrikada		4500.00	Ana_BF_2026
10.440.1577	Ø 630 mm anma çaplı		6120.00	Ana_BF_2026
10.440.1578	Ø 710 mm anma çaplı                                                      m       Fabrikada		7450.00	Ana_BF_2026
10.440.1579	Ø 800 mm anma çaplı		11650.00	Ana_BF_2026
10.440.1599	Ø 800 mm anma çaplı                                                      m       Fabrikada		185.00	Ana_BF_2026
10.440.1600	Ø 1000 mm anma çaplı		215.00	Ana_BF_2026
10.440.1601	Her çap için özel parça                                                  m       Fabrikada		345.00	Ana_BF_2026
10.440.1649	PE 100 POLİETİLENDEN MAMUL İÇME VE KULLANMA SUYU		515.00	Ana_BF_2026
10.440.1751	Not: Ara çapların rayiç fiyatları enterpolasyonla bulunur.               m       Fabrikada		1980.00	Ana_BF_2026
10.440.1752	4 Atmosfer basınç dayanımlı		3180.00	Ana_BF_2026
10.440.1753	Ø 315 mm anma çaplı                                                      m       Fabrikada		4920.00	Ana_BF_2026
10.440.1754	Ø 355 mm anma çaplı		6720.00	Ana_BF_2026
10.440.1755	Ø 400 mm anma çaplı                                                      m       Fabrikada		8160.00	Ana_BF_2026
10.440.1758	Ø 315 mm anma çaplı                                        m     Fabrikada		9000.00	Ana_BF_2026
10.440.1760	Ø 500 mm anma çaplı                                     m       Fabrikada		34.00	Ana_BF_2026
10.440.1770	Ø 800 mm anma çaplı                                     m       Fabrikada		1200.00	Ana_BF_2026
10.440.1771	Ø 1000 mm anma çaplı		1860.00	Ana_BF_2026
10.440.1772	6 Atmosfer basınç dayanımlı                             m       Fabrikada		3000.00	Ana_BF_2026
10.440.1773	Ø 50 mm anma çaplı		4800.00	Ana_BF_2026
10.440.1774	Ø 63 mm anma çaplı                                      m       Fabrikada		7500.00	Ana_BF_2026
10.440.1794	Ø 200 mm anma çaplı                                     m       Fabrikada		25.00	Ana_BF_2026
10.440.1795	Ø 225 mm anma çaplı		40.00	Ana_BF_2026
10.440.1796	Ø 250 mm anma çaplı                                     m       Fabrikada		55.00	Ana_BF_2026
10.440.1797	Ø 280 mm anma çaplı		78.00	Ana_BF_2026
10.440.1798	Ø 315 mm anma çaplı                                     m       Fabrikada		115.00	Ana_BF_2026
10.440.1799	Ø 355 mm anma çaplı		150.00	Ana_BF_2026
10.440.1800	Ø 400 mm anma çaplı                                     m       Fabrikada		185.00	Ana_BF_2026
10.440.1801	Ø 450 mm anma çaplı		245.00	Ana_BF_2026
10.440.1802	Ø 500 mm anma çaplı                                     m       Fabrikada		305.00	Ana_BF_2026
10.440.1803	Ø 560 mm anma çaplı		380.00	Ana_BF_2026
10.440.1804	Ø 630 mm anma çaplı                                     m       Fabrikada		475.00	Ana_BF_2026
10.440.1805	Ø 710 mm anma çaplı		590.00	Ana_BF_2026
10.440.1806	Ø 800 mm anma çaplı                                     m       Fabrikada		740.00	Ana_BF_2026
10.440.1807	Ø 900 mm anma çaplı		935.00	Ana_BF_2026
10.440.1808	Ø 1000 mm anma çaplı                                    m       Fabrikada		1200.00	Ana_BF_2026
10.440.1809	8 Atmosfer basınç dayanımlı		1500.00	Ana_BF_2026
10.440.1810	Ø 40 mm anma çaplı                                      m       Fabrikada		1910.00	Ana_BF_2026
10.440.1811	Ø 63 mm anma çaplı		2350.00	Ana_BF_2026
10.440.1812	Ø 90 mm anma çaplı                                      m       Fabrikada		2950.00	Ana_BF_2026
10.440.1813	Ø 110 mm anma çaplı		3720.00	Ana_BF_2026
10.440.1830	Ø 140 mm anma çaplı		6180.00	Ana_BF_2026
10.440.1831	Ø 160 mm anma çaplı                                     m       Fabrikada		7620.00	Ana_BF_2026
10.440.1832	Ø 180 mm anma çaplı		9360.00	Ana_BF_2026
10.440.1852	10 Atmosfer basınç dayanımlı                                             m       Fabrikada		15.00	Ana_BF_2026
10.440.1870	Ø 40 mm anma çaplı                                                       m       Fabrikada		36.00	Ana_BF_2026
10.440.1871	Ø 50 mm anma çaplı		57.00	Ana_BF_2026
10.440.1872	Ø 63 mm anma çaplı                                                       m       Fabrikada		80.00	Ana_BF_2026
10.440.1873	Ø 75 mm anma çaplı		115.00	Ana_BF_2026
10.440.1874	Ø 90 mm anma çaplı                                                       m       Fabrikada		174.00	Ana_BF_2026
10.440.1875	Ø 110 mm anma çaplı		225.00	Ana_BF_2026
10.440.1876	Ø 125 mm anma çaplı                                                      m       Fabrikada		275.00	Ana_BF_2026
10.440.1877	Ø 140 mm anma çaplı		360.00	Ana_BF_2026
10.440.1878	Ø 160 mm anma çaplı                                                      m       Fabrikada		450.00	Ana_BF_2026
10.440.1879	Ø 180 mm anma çaplı		560.00	Ana_BF_2026
10.440.1880	Ø 200 mm anma çaplı                                                      m       Fabrikada		710.00	Ana_BF_2026
10.440.1881	Ø 225 mm anma çaplı		865.00	Ana_BF_2026
10.440.1882	Ø 250 mm anma çaplı                                                      m       Fabrikada		1100.00	Ana_BF_2026
10.440.1883	Ø 280 mm anma çaplı		1400.00	Ana_BF_2026
10.440.1884	Ø 315 mm anma çaplı                                                      m       Fabrikada		1770.00	Ana_BF_2026
10.440.1885	Ø 355 mm anma çaplı		2250.00	Ana_BF_2026
10.440.1886	Ø 400 mm anma çaplı                                                      m       Fabrikada		2850.00	Ana_BF_2026
10.440.1887	Ø 450 mm anma çaplı		3500.00	Ana_BF_2026
10.440.1888	Ø 500 mm anma çaplı                                                      m       Fabrikada		4400.00	Ana_BF_2026
10.440.1889	Ø 560 mm anma çaplı		5450.00	Ana_BF_2026
10.440.1890	Ø 630 mm anma çaplı                                                      m       Fabrikada		6800.00	Ana_BF_2026
10.440.1891	Ø 710 mm anma çaplı		8700.00	Ana_BF_2026
10.440.1892	Ø 800 mm anma çaplı                                                      m       Fabrikada		12000.00	Ana_BF_2026
10.440.1893	Ø 900 mm anma çaplı		14400.00	Ana_BF_2026
10.440.1894	Ø 1000 mm anma çaplı                                                     m       Fabrikada		21600.00	Ana_BF_2026
10.440.1915	Ø 160 mm anma çaplı                                         m     Fabrikada		205.00	Ana_BF_2026
10.440.1916	Ø 180 mm anma çaplı                                         m     Fabrikada		270.00	Ana_BF_2026
10.440.1917	Ø 200 mm anma çaplı                                         m     Fabrikada		335.00	Ana_BF_2026
10.440.1918	Ø 225 mm anma çaplı                                         m     Fabrikada		435.00	Ana_BF_2026
10.440.1919	Ø 250 mm anma çaplı                                         m     Fabrikada		550.00	Ana_BF_2026
10.440.1920	Ø 280 mm anma çaplı                                         m     Fabrikada		680.00	Ana_BF_2026
10.440.1921	Ø 315 mm anma çaplı                                         m     Fabrikada		865.00	Ana_BF_2026
10.440.1922	Ø 355 mm anma çaplı                                         m     Fabrikada		1050.00	Ana_BF_2026
10.440.1923	Ø 400 mm anma çaplı                                         m     Fabrikada		1350.00	Ana_BF_2026
10.440.1924	Ø 450 mm anma çaplı                                         m     Fabrikada		1700.00	Ana_BF_2026
10.440.1925	Ø 500 mm anma çaplı                                         m     Fabrikada		2150.00	Ana_BF_2026
10.440.1926	Ø 560 mm anma çaplı                                         m     Fabrikada		2750.00	Ana_BF_2026
10.440.1927	Ø 630 mm anma çaplı                                         m     Fabrikada		3450.00	Ana_BF_2026
10.440.1928	Ø 710 mm anma çaplı                                         m     Fabrikada		4250.00	Ana_BF_2026
10.440.1929	Ø 800 mm anma çaplı                                         m     Fabrikada		5370.00	Ana_BF_2026
10.440.1930	Ø 900 mm anma çaplı                                         m     Fabrikada		6800.00	Ana_BF_2026
10.440.1931	Ø 1000 mm anma çaplı                                        m     Fabrikada		8400.00	Ana_BF_2026
10.440.1932	Ø 1200 mm anma çaplı                                        m     Fabrikada		10800.00	Ana_BF_2026
10.440.1933	16 Atmosfer basınç dayanımlı                                m     Fabrikada		13800.00	Ana_BF_2026
10.440.1934	Ø 20 mm anma çaplı                                          m     Fabrikada		17400.00	Ana_BF_2026
10.440.1935	Ø 32 mm anma çaplı                                          m     Fabrikada		25000.00	Ana_BF_2026
10.440.1937	Ø 50 mm anma çaplı                                       m       Fabrikada		9.50	Ana_BF_2026
10.440.1950	Ø 75 mm anma çaplı                                       m       Fabrikada		35.00	Ana_BF_2026
10.440.1951	Ø 90 mm anma çaplı		53.00	Ana_BF_2026
10.440.1952	Ø 110 mm anma çaplı                                      m       Fabrikada		84.00	Ana_BF_2026
10.440.1953	Ø 125 mm anma çaplı		115.00	Ana_BF_2026
10.440.1954	Ø 140 mm anma çaplı                                      m       Fabrikada		168.00	Ana_BF_2026
10.440.1955	Ø 160 mm anma çaplı		250.00	Ana_BF_2026
10.440.1956	Ø 180 mm anma çaplı                                      m       Fabrikada		325.00	Ana_BF_2026
10.440.1957	Ø 200 mm anma çaplı		400.00	Ana_BF_2026
10.440.1958	Ø 225 mm anma çaplı                                      m       Fabrikada		530.00	Ana_BF_2026
10.440.1959	Ø 250 mm anma çaplı		665.00	Ana_BF_2026
10.440.1960	Ø 280 mm anma çaplı                                      m       Fabrikada		825.00	Ana_BF_2026
10.440.1961	Ø 315 mm anma çaplı		1050.00	Ana_BF_2026
10.440.1962	Ø 355 mm anma çaplı                                      m       Fabrikada		1285.00	Ana_BF_2026
10.440.1963	Ø 400 mm anma çaplı		1625.00	Ana_BF_2026
10.440.1964	Ø 450 mm anma çaplı                                      m       Fabrikada		2050.00	Ana_BF_2026
10.440.1965	Ø 500 mm anma çaplı		2600.00	Ana_BF_2026
10.440.1966	m       Fabrikada		3310.00	Ana_BF_2026
10.440.1967			4200.00	Ana_BF_2026
10.440.1968	m       Fabrikada		5150.00	Ana_BF_2026
10.440.1973	20 Atmosfer basınç dayanımlı                                m     Fabrikada		17400.00	Ana_BF_2026
10.440.1974	Ø 16 mm anma çaplı                                          m     Fabrikada		22000.00	Ana_BF_2026
10.440.1975	Ø 25 mm anma çaplı                                          m     Fabrikada		36000.00	Ana_BF_2026
10.440.1977	Ø 40 mm anma çaplı                                       m       Fabrikada		9.50	Ana_BF_2026
10.440.1990	Ø 63 mm anma çaplı                                       m       Fabrikada		26.50	Ana_BF_2026
10.440.1991	Ø 75 mm anma çaplı		41.00	Ana_BF_2026
10.440.1992	Ø 90 mm anma çaplı                                       m       Fabrikada		63.00	Ana_BF_2026
10.440.1993	Ø 110 mm anma çaplı		100.00	Ana_BF_2026
10.440.1994	Ø 125 mm anma çaplı                                      m       Fabrikada		140.00	Ana_BF_2026
10.440.1995	Ø 140 mm anma çaplı		200.00	Ana_BF_2026
10.440.1996	Ø 160 mm anma çaplı                                      m       Fabrikada		300.00	Ana_BF_2026
10.440.1997	Ø 180 mm anma çaplı		400.00	Ana_BF_2026
10.440.1998	Ø 200 mm anma çaplı                                      m       Fabrikada		485.00	Ana_BF_2026
10.440.1999	Ø 225 mm anma çaplı		640.00	Ana_BF_2026
10.440.2000	Ø 250 mm anma çaplı                                      m       Fabrikada		800.00	Ana_BF_2026
10.440.2001	Ø 280 mm anma çaplı		1000.00	Ana_BF_2026
10.440.2002	Ø 315 mm anma çaplı                                      m       Fabrikada		1250.00	Ana_BF_2026
10.440.2003	Ø 355 mm anma çaplı		1550.00	Ana_BF_2026
10.440.2004	Ø 400 mm anma çaplı                                      m       Fabrikada		1950.00	Ana_BF_2026
10.440.2005	Ø 450 mm anma çaplı		2450.00	Ana_BF_2026
10.440.2006	Ø 500 mm anma çaplı                                      m       Fabrikada		3180.00	Ana_BF_2026
10.440.2007	Ø 560 mm anma çaplı		4000.00	Ana_BF_2026
10.440.2008	Ø 630 mm anma çaplı                                      m       Fabrikada		5000.00	Ana_BF_2026
10.440.2009	Ø 710 mm anma çaplı		6200.00	Ana_BF_2026
10.440.2010	Ø 800 mm anma çaplı                                      m       Fabrikada		7750.00	Ana_BF_2026
10.440.2011	25 Atmosfer basınç dayanımlı		9900.00	Ana_BF_2026
10.440.2012	Ø 16 mm anma çaplı                                       m       Fabrikada		13200.00	Ana_BF_2026
10.440.2013	Ø 25 mm anma çaplı		16800.00	Ana_BF_2026
10.440.2053	Her çap için özel parça		115.00	Ana_BF_2026
10.440.2150	Not: Ara çapların rayiç fiyatları enterpolasyonla bulunur.		53.00	Ana_BF_2026
10.440.2151	Geçme Muflu Borular                                                      m       Fabrikada		75.00	Ana_BF_2026
10.440.2152	6 Atmosfer basınç dayanımlı		105.00	Ana_BF_2026
10.440.2153	Ø 50 mm anma çaplı                                                       m       Fabrikada		128.00	Ana_BF_2026
10.440.2154	Ø 63 mm anma çaplı		165.00	Ana_BF_2026
10.440.2155	Ø 75 mm anma çaplı                                                       m       Fabrikada		205.00	Ana_BF_2026
10.440.2156	Ø 90 mm anma çaplı		260.00	Ana_BF_2026
10.440.2157	Ø 110 mm anma çaplı                                                      m       Fabrikada		325.00	Ana_BF_2026
10.440.2158	Ø 125 mm anma çaplı		415.00	Ana_BF_2026
10.440.2159	Ø 140 mm anma çaplı                                                      m       Fabrikada		505.00	Ana_BF_2026
10.440.2160	Ø 160 mm anma çaplı		650.00	Ana_BF_2026
10.440.2161	Ø 180 mm anma çaplı                                                      m       Fabrikada		825.00	Ana_BF_2026
10.440.2162	Ø 200 mm anma çaplı		1060.00	Ana_BF_2026
10.440.2163	Ø 225 mm anma çaplı                                                      m       Fabrikada		1415.00	Ana_BF_2026
10.440.2164	Ø 250 mm anma çaplı		1890.00	Ana_BF_2026
10.440.2165	Ø 280 mm anma çaplı                                                      m       Fabrikada		2350.00	Ana_BF_2026
10.440.2166	Ø 315 mm anma çaplı		2950.00	Ana_BF_2026
10.440.2167	Ø 355 mm anma çaplı                                                      m       Fabrikada		4700.00	Ana_BF_2026
10.440.2190	Ø 500 mm anma çaplı		35.00	Ana_BF_2026
10.440.2191	Ø 630 mm anma çaplı                                                      m       Fabrikada		50.00	Ana_BF_2026
10.440.2192	8 Atmosfer basınç dayanımlı		70.00	Ana_BF_2026
10.440.2193	Ø 32 mm anma çaplı                                                       m       Fabrikada		100.00	Ana_BF_2026
10.440.2194	Ø 40 mm anma çaplı		145.00	Ana_BF_2026
10.440.2195	Ø 50 mm anma çaplı                                                       m       Fabrikada		175.00	Ana_BF_2026
10.440.2196	Ø 63 mm anma çaplı		230.00	Ana_BF_2026
10.440.2197	Ø 75 mm anma çaplı                                                       m       Fabrikada		290.00	Ana_BF_2026
10.440.2198	Ø 90 mm anma çaplı		355.00	Ana_BF_2026
10.440.2202	Ø 400 mm anma çaplı                                         m     Fabrikada		1150.00	Ana_BF_2026
10.440.2203	Ø 450 mm anma çaplı                                         m     Fabrikada		1475.00	Ana_BF_2026
10.440.2204	Ø 500 mm anma çaplı                                         m     Fabrikada		1980.00	Ana_BF_2026
10.440.2205	Ø 630 mm anma çaplı                                         m     Fabrikada		2600.00	Ana_BF_2026
10.440.2206	16 Atmosfer basınç dayanımlı                                m     Fabrikada		3300.00	Ana_BF_2026
10.440.2207	Ø 32 mm anma çaplı                                          m     Fabrikada		4100.00	Ana_BF_2026
10.440.2208	Ø 40 mm anma çaplı                                          m     Fabrikada		6500.00	Ana_BF_2026
10.440.2210	Ø 63 mm anma çaplı                                       m       Fabrikada		32.00	Ana_BF_2026
10.440.2230	Ø 90 mm anma çaplı                                       m       Fabrikada		65.00	Ana_BF_2026
10.440.2231	Ø 110 mm anma çaplı		95.00	Ana_BF_2026
10.440.2232	Ø 125 mm anma çaplı                                      m       Fabrikada		135.00	Ana_BF_2026
10.440.2233	Ø 140 mm anma çaplı		195.00	Ana_BF_2026
10.440.2234	Ø 160 mm anma çaplı                                      m       Fabrikada		235.00	Ana_BF_2026
10.440.2235	Ø 180 mm anma çaplı		305.00	Ana_BF_2026
10.440.2236	Ø 200 mm anma çaplı                                      m       Fabrikada		390.00	Ana_BF_2026
10.440.2237	Ø 225 mm anma çaplı		470.00	Ana_BF_2026
10.440.2238	Ø 250 mm anma çaplı                                      m       Fabrikada		600.00	Ana_BF_2026
10.440.2239	Ø 280 mm anma çaplı		780.00	Ana_BF_2026
10.440.2240	Ø 315 mm anma çaplı                                      m       Fabrikada		945.00	Ana_BF_2026
10.440.2241	Ø 355 mm anma çaplı		1180.00	Ana_BF_2026
10.440.2242	Ø 400 mm anma çaplı                                      m       Fabrikada		1535.00	Ana_BF_2026
10.440.2243	Ø 450 mm anma çaplı		1950.00	Ana_BF_2026
10.440.2244	Ø 500 mm anma çaplı                                      m       Fabrikada		2650.00	Ana_BF_2026
10.440.2245	Her çap için özel parça		3480.00	Ana_BF_2026
10.440.2246	Yapıştırma Muflu Borular                                 m       Fabrikada		4400.00	Ana_BF_2026
10.440.2247	6 Atmosfer basınç dayanımlı		5550.00	Ana_BF_2026
10.440.2248	Ø 50 mm anma çaplı                                       m       Fabrikada		48.00	Ana_BF_2026
10.440.2285	10 Atmosfer basınç dayanımlı                                             m       Fabrikada		48.50	Ana_BF_2026
10.440.2300	Ø 63 mm anma çaplı                                                       m       Fabrikada		97.00	Ana_BF_2026
10.440.2301	Ø 75 mm anma çaplı		145.00	Ana_BF_2026
10.440.2302	Ø 90 mm anma çaplı                                                       m       Fabrikada		170.00	Ana_BF_2026
10.440.2303	Ø 110 mm anma çaplı		225.00	Ana_BF_2026
10.440.2304	Ø 125 mm anma çaplı                                                      m       Fabrikada		285.00	Ana_BF_2026
10.440.2305	Ø 140 mm anma çaplı		345.00	Ana_BF_2026
10.440.2306	Ø 160 mm anma çaplı                                                      m       Fabrikada		435.00	Ana_BF_2026
10.440.2307	Ø 180 mm anma çaplı		555.00	Ana_BF_2026
10.440.2308	Ø 200 mm anma çaplı                                                      m       Fabrikada		675.00	Ana_BF_2026
10.440.2309	Ø 225 mm anma çaplı		850.00	Ana_BF_2026
10.440.2310	Ø 250 mm anma çaplı                                                      m       Fabrikada		1100.00	Ana_BF_2026
10.440.2311	Ø 280 mm anma çaplı		1350.00	Ana_BF_2026
10.440.2312	Ø 315 mm anma çaplı                                                      m       Fabrikada		1850.00	Ana_BF_2026
10.440.2313	Ø 355 mm anma çaplı		2350.00	Ana_BF_2026
10.440.2343	Ø 355 mm anma çaplı                                                      m       Fabrikada		64.00	Ana_BF_2026
10.440.2344	Ø 400 mm anma çaplı		92.00	Ana_BF_2026
10.440.2345	Her çap için özel parça                                                  m       Fabrikada		132.00	Ana_BF_2026
10.440.2399	SERT PVC PLASTİK İÇME SUYU BORULARI (U-PVC)		190.00	Ana_BF_2026
10.440.2451	Not: Ara çapların rayiç fiyatları enterpolasyonla bulunur.               m       Fabrikada		380.00	Ana_BF_2026
10.440.2452	Geçme Muflu Borular		450.00	Ana_BF_2026
10.440.2455	Ø 225 mm anma çaplı                                         m     Fabrikada		265.00	Ana_BF_2026
10.440.2456	Ø 250 mm anma çaplı                                         m     Fabrikada		330.00	Ana_BF_2026
10.440.2457	Ø 280 mm anma çaplı                                         m     Fabrikada		420.00	Ana_BF_2026
10.440.2458	Ø 315 mm anma çaplı                                         m     Fabrikada		515.00	Ana_BF_2026
10.440.2459	Ø 355 mm anma çaplı                                         m     Fabrikada		660.00	Ana_BF_2026
10.440.2460	Ø 400 mm anma çaplı                                         m     Fabrikada		845.00	Ana_BF_2026
10.440.2461	Ø 450 mm anma çaplı                                         m     Fabrikada		1080.00	Ana_BF_2026
10.440.2462	Ø 500 mm anma çaplı                                         m     Fabrikada		1450.00	Ana_BF_2026
10.440.2463	Ø 630 mm anma çaplı                                         m     Fabrikada		1925.00	Ana_BF_2026
10.440.2464	10 Atmosfer basınç dayanımlı                                m     Fabrikada		2450.00	Ana_BF_2026
10.440.2465	Ø 50 mm anma çaplı                                          m     Fabrikada		3000.00	Ana_BF_2026
10.440.2466	Ø 63 mm anma çaplı                                          m     Fabrikada		4850.00	Ana_BF_2026
10.440.2468	Ø 90 mm anma çaplı                                       m       Fabrikada		50.50	Ana_BF_2026
10.440.2480	Ø 125 mm anma çaplı                                      m       Fabrikada		102.00	Ana_BF_2026
10.440.2481	Ø 140 mm anma çaplı		150.00	Ana_BF_2026
10.440.2482	Ø 160 mm anma çaplı                                      m       Fabrikada		180.00	Ana_BF_2026
10.440.2483	Ø 180 mm anma çaplı		235.00	Ana_BF_2026
10.440.2484	Ø 200 mm anma çaplı                                      m       Fabrikada		295.00	Ana_BF_2026
10.440.2485	Ø 225 mm anma çaplı		360.00	Ana_BF_2026
10.440.2486	Ø 250 mm anma çaplı                                      m       Fabrikada		460.00	Ana_BF_2026
10.440.2487	Ø 280 mm anma çaplı		590.00	Ana_BF_2026
10.440.2488	Ø 315 mm anma çaplı                                      m       Fabrikada		725.00	Ana_BF_2026
10.440.2489	Ø 355 mm anma çaplı		925.00	Ana_BF_2026
10.440.2490	Ø 400 mm anma çaplı                                      m       Fabrikada		1180.00	Ana_BF_2026
10.440.2491	Ø 450 mm anma çaplı		1500.00	Ana_BF_2026
10.440.2492	Ø 500 mm anma çaplı                                      m       Fabrikada		2025.00	Ana_BF_2026
10.440.2493	Ø 630 mm anma çaplı		2650.00	Ana_BF_2026
10.440.2494	16 Atmosfer basınç dayanımlı                             m       Fabrikada		3370.00	Ana_BF_2026
10.440.2495	Ø 50 mm anma çaplı		4215.00	Ana_BF_2026
10.440.2496	Ø 63 mm anma çaplı                                       m       Fabrikada		6600.00	Ana_BF_2026
10.440.2532	Ø 500 mm anma çaplı                                         m     Fabrikada		2700.00	Ana_BF_2026
10.440.2533	Ø 630 mm anma çaplı                                         m     Fabrikada		3500.00	Ana_BF_2026
10.440.2534	Her çap için özel parça                                     m     Fabrikada		4500.00	Ana_BF_2026
10.440.2535	Yapıştırma Muflu Borular                                    m     Fabrikada		5650.00	Ana_BF_2026
10.440.2536	6 Atmosfer basınç dayanımlı                                 m     Fabrikada		8900.00	Ana_BF_2026
10.440.2538	Ø 63 mm anma çaplı		50.00	Ana_BF_2026
10.440.2570	Ø 110 mm anma çaplı		53.00	Ana_BF_2026
10.440.2571	Ø 125 mm anma çaplı                                      m       Fabrikada		75.00	Ana_BF_2026
10.440.2572	Ø 140 mm anma çaplı		105.00	Ana_BF_2026
10.440.2573	Ø 160 mm anma çaplı                                      m       Fabrikada		125.00	Ana_BF_2026
10.440.2574	Ø 180 mm anma çaplı		163.00	Ana_BF_2026
10.440.2575	Ø 200 mm anma çaplı                                      m       Fabrikada		205.00	Ana_BF_2026
10.440.2576	Ø 225 mm anma çaplı		255.00	Ana_BF_2026
10.440.2577	Ø 250 mm anma çaplı                                      m       Fabrikada		315.00	Ana_BF_2026
10.440.2578	Ø 280 mm anma çaplı		395.00	Ana_BF_2026
10.440.2579	Ø 315 mm anma çaplı                                      m       Fabrikada		495.00	Ana_BF_2026
10.440.2580	Ø 355 mm anma çaplı		625.00	Ana_BF_2026
10.440.2581	Ø 400 mm anma çaplı                                      m       Fabrikada		810.00	Ana_BF_2026
10.440.2582	10 Atmosfer basınç dayanımlı		1030.00	Ana_BF_2026
10.440.2583	Ø 50 mm anma çaplı                                       m       Fabrikada		1330.00	Ana_BF_2026
10.440.2584	Ø 63 mm anma çaplı		1800.00	Ana_BF_2026
10.440.2600	Ø 110 mm anma çaplı                                      m       Fabrikada		70.00	Ana_BF_2026
10.440.2601	Ø 125 mm anma çaplı		98.00	Ana_BF_2026
10.440.2602	Ø 140 mm anma çaplı                                      m       Fabrikada		148.00	Ana_BF_2026
10.440.2603	Ø 160 mm anma çaplı		175.00	Ana_BF_2026
10.440.2604	Ø 180 mm anma çaplı                                      m       Fabrikada		230.00	Ana_BF_2026
10.440.2605	Ø 200 mm anma çaplı		290.00	Ana_BF_2026
10.440.2606	Ø 225 mm anma çaplı                                      m       Fabrikada		350.00	Ana_BF_2026
10.440.2607	Ø 250 mm anma çaplı		445.00	Ana_BF_2026
10.440.2608	Ø 280 mm anma çaplı                                      m       Fabrikada		565.00	Ana_BF_2026
10.440.2609	Ø 315 mm anma çaplı		685.00	Ana_BF_2026
10.440.2610	Ø 355 mm anma çaplı                                      m       Fabrikada		870.00	Ana_BF_2026
10.440.2611	Ø 400 mm anma çaplı		1120.00	Ana_BF_2026
10.440.2612	16 Atmosfer basınç dayanımlı                             m       Fabrikada		1385.00	Ana_BF_2026
10.440.2613	Ø 50 mm anma çaplı		1865.00	Ana_BF_2026
10.440.2614	m       Fabrikada		2400.00	Ana_BF_2026
10.440.2699	SERT PVC PLASTİK İÇME SUYU BORULARI (O-PVC)                              m       Fabrikada		300.00	Ana_BF_2026
10.440.2751	Not: Ara çapların rayiç fiyatları enterpolasyonla bulunur.		590.00	Ana_BF_2026
10.440.2752	Geçme Muflu Borular                                                      m       Fabrikada		725.00	Ana_BF_2026
10.440.2753	10 Atmosfer basınç dayanımlı		1180.00	Ana_BF_2026
10.440.2754	Ø 90 mm anma çaplı                                                       m       Fabrikada		1450.00	Ana_BF_2026
10.440.2755	Ø 110 mm anma çaplı		1850.00	Ana_BF_2026
10.440.2756	Ø 125 mm anma çaplı                                                      m       Fabrikada		2350.00	Ana_BF_2026
10.440.2757	Ø 140 mm anma çaplı		3000.00	Ana_BF_2026
10.440.2758	Ø 160 mm anma çaplı                                                      m       Fabrikada		4000.00	Ana_BF_2026
10.440.2759	Ø 200 mm anma çaplı		5300.00	Ana_BF_2026
10.440.2760	Ø 225 mm anma çaplı                                                      m       Fabrikada		6700.00	Ana_BF_2026
10.440.2761	Ø 250 mm anma çaplı		8400.00	Ana_BF_2026
10.440.2763	Ø 315 mm anma çaplı		177.00	Ana_BF_2026
10.440.2780	Ø 400 mm anma çaplı		395.00	Ana_BF_2026
10.440.2781	Ø 450 mm anma çaplı                                                      m       Fabrikada		520.00	Ana_BF_2026
10.440.2782	Ø 500 mm anma çaplı		650.00	Ana_BF_2026
10.440.2783	12.5 Atmosfer basınç dayanımlı                                           m       Fabrikada		795.00	Ana_BF_2026
10.440.2784	Ø 75 mm anma çaplı		1300.00	Ana_BF_2026
10.440.2785	Ø 90 mm anma çaplı                                                       m       Fabrikada		1590.00	Ana_BF_2026
10.440.2786	Ø 110 mm anma çaplı		2000.00	Ana_BF_2026
10.440.2787	Ø 125 mm anma çaplı                                                      m       Fabrikada		2500.00	Ana_BF_2026
10.440.2788	Ø 140 mm anma çaplı		3300.00	Ana_BF_2026
10.440.2794	Ø 110 mm anma çaplı                                      m       Fabrikada		195.00	Ana_BF_2026
10.440.2800	Ø 140 mm anma çaplı                                      m       Fabrikada		395.00	Ana_BF_2026
10.440.2801	Ø 160 mm anma çaplı		480.00	Ana_BF_2026
10.440.2802	Ø 200 mm anma çaplı                                      m       Fabrikada		625.00	Ana_BF_2026
10.440.2803	Ø 225 mm anma çaplı		795.00	Ana_BF_2026
10.440.2804	Ø 250 mm anma çaplı                                      m       Fabrikada		960.00	Ana_BF_2026
10.440.2805	Ø 280 mm anma çaplı		1590.00	Ana_BF_2026
10.440.2806	Ø 315 mm anma çaplı                                      m       Fabrikada		1900.00	Ana_BF_2026
10.440.2807	Ø 355 mm anma çaplı		2350.00	Ana_BF_2026
10.440.2808	Ø 400 mm anma çaplı                                      m       Fabrikada		3100.00	Ana_BF_2026
10.440.2809	Ø 450 mm anma çaplı		3950.00	Ana_BF_2026
10.440.2810	Ø 500 mm anma çaplı                                      m       Fabrikada		5400.00	Ana_BF_2026
10.440.2811	20 Atmosfer basınç dayanımlı		7000.00	Ana_BF_2026
10.440.2812	Ø 63 mm anma çaplı                                       m       Fabrikada		9000.00	Ana_BF_2026
10.440.2813	Ø 75 mm anma çaplı		11300.00	Ana_BF_2026
10.440.2843	Ø 75 mm anma çaplı                                       m       Fabrikada		212.00	Ana_BF_2026
10.440.2844	Ø 90 mm anma çaplı		305.00	Ana_BF_2026
10.440.2845	Ø 110 mm anma çaplı                                      m       Fabrikada		435.00	Ana_BF_2026
10.440.2860	Ø 140 mm anma çaplı                                      m       Fabrikada		690.00	Ana_BF_2026
10.440.2861	Ø 160 mm anma çaplı		880.00	Ana_BF_2026
10.440.2862	Ø 200 mm anma çaplı                                      m       Fabrikada		1050.00	Ana_BF_2026
10.440.2863			1750.00	Ana_BF_2026
10.440.2864	m       Fabrikada		2120.00	Ana_BF_2026
10.440.2865			2600.00	Ana_BF_2026
10.440.2866	m       Fabrikada		3450.00	Ana_BF_2026
10.440.2867			4350.00	Ana_BF_2026
10.440.2875	Her çap için özel parça		94.00	Ana_BF_2026
10.440.3000	Not:Ara çapların rayiç fiyatları enterpolasyon ile bulunur.		1100.00	Ana_BF_2026
10.440.3003	standart dışı boru boyu kullanılması halinde fazladan kullanılan manşon  m       Fabrikada		4000.00	Ana_BF_2026
10.440.3004	bedelleri ayrıca ödenecektir.)		5500.00	Ana_BF_2026
10.440.3005	6 atmosfer basınç dayanımlı (SN 2500)                                    m       Fabrikada		7500.00	Ana_BF_2026
10.440.3006	Ø 300 mm anma çaplı		9500.00	Ana_BF_2026
10.440.3007	Ø 400 mm anma çaplı                                                      m       Fabrikada		12000.00	Ana_BF_2026
10.440.3008	Ø 600 mm anma çaplı		14500.00	Ana_BF_2026
10.440.3009	Ø 800 mm anma çaplı                                                      m       Fabrikada		17500.00	Ana_BF_2026
10.440.3010	Ø 1000 mm anma çaplı		21000.00	Ana_BF_2026
10.440.3011	Ø 1200 mm anma çaplı                                                     m       Fabrikada		24000.00	Ana_BF_2026
10.440.3012	Ø 1400 mm anma çaplı		28000.00	Ana_BF_2026
10.440.3013	Ø 1600 mm anma çaplı                                                     m       Fabrikada		32000.00	Ana_BF_2026
10.440.3014	Ø 1800 mm anma çaplı		36500.00	Ana_BF_2026
10.440.3015	Ø 2000 mm anma çaplı                                                     m       Fabrikada		41500.00	Ana_BF_2026
10.440.3016	Ø 2200 mm anma çaplı		46000.00	Ana_BF_2026
10.440.3017	Ø 2400 mm anma çaplı                                                     m       Fabrikada		52000.00	Ana_BF_2026
10.440.3018	Ø 2600 mm anma çaplı		57500.00	Ana_BF_2026
10.440.3030	Ø 3200 mm anma çaplı                                                     m       Fabrikada		1150.00	Ana_BF_2026
10.440.3031	Ø 3400 mm anma çaplı		1800.00	Ana_BF_2026
10.440.3032	Ø 3600 mm anma çaplı                                                     m       Fabrikada		2800.00	Ana_BF_2026
10.440.3033	Ø 3800 mm anma çaplı		4050.00	Ana_BF_2026
10.440.3034	Ø 4000 mm anma çaplı                                                     m       Fabrikada		5600.00	Ana_BF_2026
10.440.3035	10 atmosfer basınç dayanımlı (SN 2500)		7600.00	Ana_BF_2026
10.440.3036	Ø 300 mm anma çaplı                                                      m       Fabrikada		9750.00	Ana_BF_2026
10.440.3037	Ø 400 mm anma çaplı		12500.00	Ana_BF_2026
10.440.3038	Ø 600 mm anma çaplı                                                      m       Fabrikada		15000.00	Ana_BF_2026
10.440.3039	Ø 800 mm anma çaplı		18000.00	Ana_BF_2026
10.440.3049	16 atmosfer basınç dayanımlı (SN 2500)                                   m       Fabrikada		1150.00	Ana_BF_2026
10.440.3060	Ø 400 mm anma çaplı                                                      m       Fabrikada		2000.00	Ana_BF_2026
10.440.3061	Ø 600 mm anma çaplı		3100.00	Ana_BF_2026
10.440.3062	Ø 800 mm anma çaplı                                                      m       Fabrikada		4400.00	Ana_BF_2026
10.440.3063	Ø 1000 mm anma çaplı		6250.00	Ana_BF_2026
10.440.3064	Ø 1200 mm anma çaplı                                                     m       Fabrikada		8100.00	Ana_BF_2026
10.440.3065	Ø 1400 mm anma çaplı		10500.00	Ana_BF_2026
10.440.3066	Ø 1600 mm anma çaplı                                                     m       Fabrikada		13000.00	Ana_BF_2026
10.440.3067	Ø 1800 mm anma çaplı		15500.00	Ana_BF_2026
10.440.3068	Ø 2000 mm anma çaplı                                                     m       Fabrikada		19000.00	Ana_BF_2026
10.440.3069	Ø 2200 mm anma çaplı		22000.00	Ana_BF_2026
10.440.3070	Ø 2400 mm anma çaplı                                                     m       Fabrikada		26000.00	Ana_BF_2026
10.440.3071	Ø 2600 mm anma çaplı		30000.00	Ana_BF_2026
10.440.3072	Ø 2800 mm anma çaplı                                                     m       Fabrikada		35000.00	Ana_BF_2026
10.440.3111	Ø 600 mm anma çaplı                                                      m       Fabrikada		1200.00	Ana_BF_2026
10.440.3112	Ø 700 mm anma çaplı		1550.00	Ana_BF_2026
10.440.3113	Ø 800 mm anma çaplı                                                      m       Fabrikada		2300.00	Ana_BF_2026
10.440.3114	Ø 900 mm anma çaplı		3550.00	Ana_BF_2026
10.440.3115	Ø 1000 mm anma çaplı                                                     m       Fabrikada		5100.00	Ana_BF_2026
10.440.3116	Ø 1100 mm anma çaplı		7100.00	Ana_BF_2026
10.440.3117	Ø 1200 mm anma çaplı                                                     m       Fabrikada		9300.00	Ana_BF_2026
10.440.3118	Ø 1300 mm anma çaplı		12000.00	Ana_BF_2026
10.440.3119	m       Fabrikada		15000.00	Ana_BF_2026
10.440.3146	10 atmosfer basınç dayanımlı (SN 5000)                                   m       Fabrikada		1250.00	Ana_BF_2026
10.440.3160	Ø 400 mm anma çaplı                                                      m       Fabrikada		2100.00	Ana_BF_2026
10.440.3161	Ø 600 mm anma çaplı		2600.00	Ana_BF_2026
10.440.3162	Ø 700 mm anma çaplı                                                      m       Fabrikada		3200.00	Ana_BF_2026
10.440.3163	Ø 800 mm anma çaplı		4000.00	Ana_BF_2026
10.440.3164	Ø 900 mm anma çaplı                                                      m       Fabrikada		4750.00	Ana_BF_2026
10.440.3165	Ø 1000 mm anma çaplı		5750.00	Ana_BF_2026
10.440.3166	Ø 1100 mm anma çaplı                                                     m       Fabrikada		6500.00	Ana_BF_2026
10.440.3167	Ø 1200 mm anma çaplı		7500.00	Ana_BF_2026
10.440.3168	Ø 1300 mm anma çaplı                                                     m       Fabrikada		8750.00	Ana_BF_2026
10.440.3169	Ø 1400 mm anma çaplı		10000.00	Ana_BF_2026
10.440.3170	Ø 1500 mm anma çaplı                                                     m       Fabrikada		11500.00	Ana_BF_2026
10.440.3171	Ø 1600 mm anma çaplı		13000.00	Ana_BF_2026
10.440.3172	Ø 1700 mm anma çaplı                                                     m       Fabrikada		14500.00	Ana_BF_2026
10.440.3173	Ø 1800 mm anma çaplı		16000.00	Ana_BF_2026
10.440.3174	Ø 1900 mm anma çaplı                                                     m       Fabrikada		17500.00	Ana_BF_2026
10.440.3175	Ø 2000 mm anma çaplı		19000.00	Ana_BF_2026
10.440.3176	Ø 2100 mm anma çaplı                                                     m       Fabrikada		20500.00	Ana_BF_2026
10.440.3196	16 atmosfer basınç dayanımlı (SN 5000)                                   m       Fabrikada		1325.00	Ana_BF_2026
10.440.3200	Ø 400 mm anma çaplı                                                      m       Fabrikada		2300.00	Ana_BF_2026
10.440.3201	Ø 600 mm anma çaplı		3500.00	Ana_BF_2026
10.440.3202	Ø 800 mm anma çaplı                                                      m       Fabrikada		5050.00	Ana_BF_2026
10.440.3203	Ø 1000 mm anma çaplı		7200.00	Ana_BF_2026
10.440.3204	Ø 1200 mm anma çaplı                                                     m       Fabrikada		9300.00	Ana_BF_2026
10.440.3205	Ø 1400 mm anma çaplı		12000.00	Ana_BF_2026
10.440.3206	Ø 1600 mm anma çaplı                                                     m       Fabrikada		15000.00	Ana_BF_2026
10.440.3207	Ø 1800 mm anma çaplı		17850.00	Ana_BF_2026
10.440.3208	Ø 2000 mm anma çaplı                                                     m       Fabrikada		21850.00	Ana_BF_2026
10.440.3209	Ø 2200 mm anma çaplı		25300.00	Ana_BF_2026
10.440.3210	Ø 2400 mm anma çaplı                                                     m       Fabrikada		30000.00	Ana_BF_2026
10.440.3211	Ø 2600 mm anma çaplı		35000.00	Ana_BF_2026
10.440.3212	Ø 2800 mm anma çaplı                                                     m       Fabrikada		40000.00	Ana_BF_2026
10.440.3269	10 atmosfer basınç dayanımlı (SN 10000)                                  m       Fabrikada		1400.00	Ana_BF_2026
10.440.3280	Ø 400 mm anma çaplı                                                      m       Fabrikada		2400.00	Ana_BF_2026
10.440.3281	Ø 600 mm anma çaplı		3700.00	Ana_BF_2026
10.440.3282	Ø 800 mm anma çaplı                                                      m       Fabrikada		5400.00	Ana_BF_2026
10.440.3283	Ø 1000 mm anma çaplı		7500.00	Ana_BF_2026
10.440.3284	Ø 1200 mm anma çaplı                                                     m       Fabrikada		10000.00	Ana_BF_2026
10.440.3285	Ø 1400 mm anma çaplı		13000.00	Ana_BF_2026
10.440.3286	Ø 1600 mm anma çaplı                                                     m       Fabrikada		16500.00	Ana_BF_2026
10.440.3287	Ø 1800 mm anma çaplı		19500.00	Ana_BF_2026
10.440.3288	Ø 2000 mm anma çaplı                                                     m       Fabrikada		23500.00	Ana_BF_2026
10.440.3289	Ø 2200 mm anma çaplı		27500.00	Ana_BF_2026
10.440.3290	Ø 2400 mm anma çaplı                                                     m       Fabrikada		32000.00	Ana_BF_2026
10.440.3291	Ø 2600 mm anma çaplı		36750.00	Ana_BF_2026
10.440.3292	Ø 2800 mm anma çaplı                                                     m       Fabrikada		42500.00	Ana_BF_2026
10.440.3293	Ø 3000 mm anma çaplı		48500.00	Ana_BF_2026
10.440.3294	Ø 3200 mm anma çaplı                                                     m       Fabrikada		55000.00	Ana_BF_2026
10.440.3295	Ø 3400 mm anma çaplı		62000.00	Ana_BF_2026
10.440.3296	Ø 3600 mm anma çaplı                                                     m       Fabrikada		70000.00	Ana_BF_2026
10.440.3297	Ø 3800 mm anma çaplı		78000.00	Ana_BF_2026
10.440.3324	20 atmosfer basınç dayanımlı (SN 10000)                                  m       Fabrikada		1550.00	Ana_BF_2026
10.440.3340	Ø 400 mm anma çaplı                                                      m       Fabrikada		3050.00	Ana_BF_2026
10.440.3341	Ø 600 mm anma çaplı		4700.00	Ana_BF_2026
10.440.3342	Ø 800 mm anma çaplı                                                      m       Fabrikada		6700.00	Ana_BF_2026
10.440.3343	Ø 1000 mm anma çaplı		9500.00	Ana_BF_2026
10.440.3344	Ø 1200 mm anma çaplı                                                     m       Fabrikada		12500.00	Ana_BF_2026
10.440.3345	Ø 1400 mm anma çaplı		16000.00	Ana_BF_2026
10.440.3346	Ø 1600 mm anma çaplı                                                     m       Fabrikada		20000.00	Ana_BF_2026
10.440.3347	Ø 1800 mm anma çaplı		23500.00	Ana_BF_2026
10.440.3349	Her çap için özel parça		200.00	Ana_BF_2026
10.440.3608	2 inç (60.3x3.90) GR-A                                                   m       Fabrikada		56.50	Ana_BF_2026
10.440.3609	2 1/2 inç (73.0x5.20) GR-A		79.00	Ana_BF_2026
10.440.3610	3 inç (88.9x5.50) GR-A                                                   m       Fabrikada		115.00	Ana_BF_2026
10.440.3611	4 inç (114.3x6.00) GR-B		150.00	Ana_BF_2026
10.440.3612	5 inç (141.0x6.60) GR-B                                                  m       Fabrikada		175.00	Ana_BF_2026
10.440.3613	6 inç (168.3x7.10) GR-B		230.00	Ana_BF_2026
10.440.3649	8 inç (219.1x8.18) GR-B                                                  m       Fabrikada		355.00	Ana_BF_2026
10.440.3650	12 inç (323.9x9.50) GR-B                                                 m       Fabrikada		700.00	Ana_BF_2026
10.440.3651	Her çap için özel parça		955.00	Ana_BF_2026
10.440.3652	PE kaplı doğal gaz boruları                                              m       Fabrikada		1230.00	Ana_BF_2026
10.440.3653	Dış çap (mm) x et kalınlığı(mm)		1830.00	Ana_BF_2026
10.440.3654	1/2 inç (21.3x2.80) GR-A                                                 m       Fabrikada		2615.00	Ana_BF_2026
10.440.3655	3/4 inç (26.7x2.90) GR-A		3250.00	Ana_BF_2026
10.440.3769	Fabrikada		275.00	Ana_BF_2026
10.440.3771	Fabrikada		320.00	Ana_BF_2026
10.440.3773	Fabrikada		395.00	Ana_BF_2026
10.440.3775	Fabrikada		485.00	Ana_BF_2026
10.440.3799	Fabrikada		535.00	Ana_BF_2026
10.440.3865	Fabrikada		1300.00	Ana_BF_2026
10.440.3867	Fabrikada		1530.00	Ana_BF_2026
10.440.3869	Fabrikada		1715.00	Ana_BF_2026
10.440.3871	Fabrikada		2050.00	Ana_BF_2026
10.440.3873	Fabrikada		2115.00	Ana_BF_2026
10.440.3875	Fabrikada		2390.00	Ana_BF_2026
10.440.3877	Fabrikada		2550.00	Ana_BF_2026
10.440.3879	Fabrikada		3030.00	Ana_BF_2026
10.440.3881	Fabrikada		3420.00	Ana_BF_2026
10.440.3883	Fabrikada		4100.00	Ana_BF_2026
10.440.3885	Fabrikada		4500.00	Ana_BF_2026
10.440.3889	1422,4 x 10,0 mm                                m     Fabrikada		13850.00	Ana_BF_2026
10.440.3890	1524,0 x 8,8 mm                                 m     Fabrikada		13900.00	Ana_BF_2026
10.440.3891	1524,0 x 10,0 mm                                m     Fabrikada		14900.00	Ana_BF_2026
10.440.3892	1524,0 x 11,0 mm                                m     Fabrikada		16500.00	Ana_BF_2026
10.440.3893	1626,0 x 8,8 mm                                 m     Fabrikada		16000.00	Ana_BF_2026
10.440.3894	1626,0 x 10,0 mm                                m     Fabrikada		17500.00	Ana_BF_2026
10.440.3895	1626,0 x 11,0 mm                                m     Fabrikada		18900.00	Ana_BF_2026
10.440.3896	1727,0 x 10,0 mm                                m     Fabrikada		17000.00	Ana_BF_2026
10.440.3897	1727,0 x 11,0 mm                                m     Fabrikada		18750.00	Ana_BF_2026
10.440.3898	1727,0 x 12,5 mm                                m     Fabrikada		20150.00	Ana_BF_2026
10.440.3899	1829,0 x 10,0 mm                                m     Fabrikada		19950.00	Ana_BF_2026
10.440.3900	1829,0 x 11,0 mm                                m     Fabrikada		21400.00	Ana_BF_2026
10.440.3901	1829,0 x 12,5 mm                                m     Fabrikada		23650.00	Ana_BF_2026
10.440.3902	1930,0 x 10,0 mm                                m     Fabrikada		21100.00	Ana_BF_2026
10.440.3903	1930,0 x 11,0 mm                                m     Fabrikada		22700.00	Ana_BF_2026
10.440.3904	1930,0 x 12,5 mm                                m     Fabrikada		25000.00	Ana_BF_2026
10.440.3905	2032,0 x 10,0 mm                                m     Fabrikada		22300.00	Ana_BF_2026
10.440.3906	2032,0 x 11,0 mm                                m     Fabrikada		24000.00	Ana_BF_2026
10.440.3907	2032,0 x 12,5 mm                                m     Fabrikada		26500.00	Ana_BF_2026
10.440.3908	2134,0 x 11,0 mm                                m     Fabrikada		23500.00	Ana_BF_2026
10.440.3909	2134,0 x 12,5 mm                                m     Fabrikada		25000.00	Ana_BF_2026
10.440.3910	2134,0 x 14,2 mm                                m     Fabrikada		27850.00	Ana_BF_2026
10.440.3911	2235,0 x 11,0 mm                                m     Fabrikada		26500.00	Ana_BF_2026
10.440.3912	2235,0 x 12,5 mm                                m     Fabrikada		29250.00	Ana_BF_2026
10.440.3913	2235,0 x 14,2 mm                                m     Fabrikada		32400.00	Ana_BF_2026
10.440.3914	2337,0 x 12,5 mm                                m     Fabrikada		27750.00	Ana_BF_2026
10.440.3915	2337,0 x 14,2 mm                                m     Fabrikada		30650.00	Ana_BF_2026
10.440.3916	2337,0 x 16,0 mm                                m     Fabrikada		33950.00	Ana_BF_2026
10.440.3917	2438,0 x 12,5 mm                                m     Fabrikada		32000.00	Ana_BF_2026
10.440.3918	2438,0 x 14,2 mm                                m     Fabrikada		35500.00	Ana_BF_2026
10.440.3919	2438,0 x 16,0 mm                                m     Fabrikada		39000.00	Ana_BF_2026
10.440.3920	2540,0 x 14,2 mm                                m     Fabrikada		33500.00	Ana_BF_2026
10.440.3921	2540,0 x 16,0 mm                                m     Fabrikada		37000.00	Ana_BF_2026
10.440.3922	2540,0 x 17,5 mm                                m     Fabrikada		40800.00	Ana_BF_2026
10.440.3923	2642,0 x 16,0 mm                                m     Fabrikada		38500.00	Ana_BF_2026
10.440.3924	2642,0 x 17,5 mm                                m     Fabrikada		42500.00	Ana_BF_2026
10.440.3925	2642,0 x 20,0 mm                                m     Fabrikada		45800.00	Ana_BF_2026
10.440.3926	2845,0 x 17,5 mm                                m     Fabrikada		44250.00	Ana_BF_2026
10.440.3927	2845,0 x 20,0 mm                                m     Fabrikada		47950.00	Ana_BF_2026
10.440.3928	2845,0 x 22,2 mm                                m     Fabrikada		53500.00	Ana_BF_2026
10.440.3929	m     Fabrikada		51500.00	Ana_BF_2026
10.440.3930	m     Fabrikada		57500.00	Ana_BF_2026
10.440.3931	m     Fabrikada		63000.00	Ana_BF_2026
10.440.3936	3251,0 x 20,0 mm                                                m     Fabrikada		75000.00	Ana_BF_2026
10.440.3937	3251,0 x 22,2 mm                                                m     Fabrikada		65500.00	Ana_BF_2026
10.440.3938	3251,0 x 25,0 mm                                                m     Fabrikada		72000.00	Ana_BF_2026
10.440.3939	3454,4 x 22,2 mm                                                m     Fabrikada		80000.00	Ana_BF_2026
10.440.3940	3454,4 x 25,0 mm                                                m     Fabrikada		76500.00	Ana_BF_2026
10.440.3941	3454,4 x 28,0 mm                                                m     Fabrikada		85000.00	Ana_BF_2026
10.440.3942	3657,6 x 22,2 mm                                                m     Fabrikada		93000.00	Ana_BF_2026
10.440.3943	3657,6 x 25,0 mm                                                m     Fabrikada		81000.00	Ana_BF_2026
10.440.3944	3657,6 x 28,0 mm                                                m     Fabrikada		90000.00	Ana_BF_2026
10.440.3945	Her çap için özel parça                                         m     Fabrikada		99500.00	Ana_BF_2026
10.440.4001	219,1 x 3,6 mm                                               m       Fabrikada		1250.00	Ana_BF_2026
10.440.4002	219,1 x 4,0 mm		1330.00	Ana_BF_2026
10.440.4003	273,0 x 3,2 mm                                               m       Fabrikada		1400.00	Ana_BF_2026
10.440.4004	273,0 x 3,6 mm		1550.00	Ana_BF_2026
10.440.4005	273,0 x 4,0 mm                                               m       Fabrikada		1650.00	Ana_BF_2026
10.440.4006	323,9 x 3,6 mm		1750.00	Ana_BF_2026
10.440.4007	323,9 x 4,0 mm                                               m       Fabrikada		1970.00	Ana_BF_2026
10.440.4008	323,9 x 4,5 mm		2080.00	Ana_BF_2026
10.440.4009	355,6 x 3,6 mm                                               m       Fabrikada		2225.00	Ana_BF_2026
10.440.4010	355,6 x 4,0 mm		2160.00	Ana_BF_2026
10.440.4011	355,6 x 4,5 mm                                               m       Fabrikada		2290.00	Ana_BF_2026
10.440.4012	406,4 x 4,0 mm		2450.00	Ana_BF_2026
10.440.4013	406,4 x 4,5 mm                                               m       Fabrikada		2620.00	Ana_BF_2026
10.440.4014	406,4 x 5,0 mm		2800.00	Ana_BF_2026
10.440.4015	508,0 x 4,0 mm                                               m       Fabrikada		2980.00	Ana_BF_2026
10.440.4016	508,0 x 4,5 mm		3275.00	Ana_BF_2026
10.440.4017	508,0 x 5,0 mm                                               m       Fabrikada		3500.00	Ana_BF_2026
10.440.4018	609,6 x 4,0 mm		3730.00	Ana_BF_2026
10.440.4019	609,6 x 4,5 mm                                               m       Fabrikada		3930.00	Ana_BF_2026
10.440.4020	609,6 x 5,0 mm		4200.00	Ana_BF_2026
10.440.4021	711,2 x 4,5 mm                                               m       Fabrikada		4480.00	Ana_BF_2026
10.440.4022	711,2 x 5,0 mm		4610.00	Ana_BF_2026
10.440.4023	711,2 x 5,6 mm                                               m       Fabrikada		4930.00	Ana_BF_2026
10.440.4024	812,8 x 4,5 mm		5315.00	Ana_BF_2026
10.440.4025	812,8 x 5,0 mm                                               m       Fabrikada		6015.00	Ana_BF_2026
10.440.4026	812,8 x 5,6 mm		6485.00	Ana_BF_2026
10.440.4027	914,4 x 5,6 mm                                               m       Fabrikada		7120.00	Ana_BF_2026
10.440.4028	914,4 x 6,3 mm		7225.00	Ana_BF_2026
10.440.4029	914,4 x 7,1 mm                                               m       Fabrikada		7800.00	Ana_BF_2026
10.440.4030	1016,0 x 6,3 mm		8450.00	Ana_BF_2026
10.440.4031	1016,0 x 7,1 mm                                              m       Fabrikada		8370.00	Ana_BF_2026
10.440.4032	1016,0 x 8,0 mm		9100.00	Ana_BF_2026
10.440.4035	1321,0 x 8,0 mm                                 m     Fabrikada		11800.00	Ana_BF_2026
10.440.4036	1321,0 x 8,8 mm                                 m     Fabrikada		12850.00	Ana_BF_2026
10.440.4037	1422,4 x 7,1 mm                                 m     Fabrikada		12250.00	Ana_BF_2026
10.440.4038	1422,4 x 8,0 mm                                 m     Fabrikada		13300.00	Ana_BF_2026
10.440.4039	1422,4 x 8,8 mm                                 m     Fabrikada		14250.00	Ana_BF_2026
10.440.4040	1524,0 x 8,8 mm                                 m     Fabrikada		13180.00	Ana_BF_2026
10.440.4041	1524,0 x 10,0 mm                                m     Fabrikada		14350.00	Ana_BF_2026
10.440.4042	1524,0 x 11,0 mm                                m     Fabrikada		15350.00	Ana_BF_2026
10.440.4043	1626,0 x 10,0 mm                                m     Fabrikada		16500.00	Ana_BF_2026
10.440.4044	1626,0 x 11,0 mm                                m     Fabrikada		18100.00	Ana_BF_2026
10.440.4045	1626,0 x 12,5 mm                                m     Fabrikada		19500.00	Ana_BF_2026
10.440.4046	1727,0 x 10,0 mm                                m     Fabrikada		18800.00	Ana_BF_2026
10.440.4047	1727,0 x 11,0 mm                                m     Fabrikada		20300.00	Ana_BF_2026
10.440.4048	1727,0 x 12,5 mm                                m     Fabrikada		22300.00	Ana_BF_2026
10.440.4049	1829,0 x 10,0 mm                                m     Fabrikada		20500.00	Ana_BF_2026
10.440.4050	1829,0 x 11,0 mm                                m     Fabrikada		22100.00	Ana_BF_2026
10.440.4051	1829,0 x 12,5 mm                                m     Fabrikada		24450.00	Ana_BF_2026
10.440.4052	1930,0 x 11,0 mm                                m     Fabrikada		21750.00	Ana_BF_2026
10.440.4053	1930,0 x 12,5 mm                                m     Fabrikada		24000.00	Ana_BF_2026
10.440.4054	1930,0 x 14,2 mm                                m     Fabrikada		25850.00	Ana_BF_2026
10.440.4055	2032,0 x 11,0 mm                                m     Fabrikada		24200.00	Ana_BF_2026
10.440.4056	2032,0 x 12,5 mm                                m     Fabrikada		26800.00	Ana_BF_2026
10.440.4057	2032,0 x 14,2 mm                                m     Fabrikada		29750.00	Ana_BF_2026
10.440.4058	2134,0 x 11,0 mm                                m     Fabrikada		25500.00	Ana_BF_2026
10.440.4059	2134,0 x 12,5 mm                                m     Fabrikada		28250.00	Ana_BF_2026
10.440.4060	2134,0 x 14,2 mm                                m     Fabrikada		31350.00	Ana_BF_2026
10.440.4061	2235,0 x 11,0 mm                                m     Fabrikada		27300.00	Ana_BF_2026
10.440.4062	2235,0 x 12,5 mm                                m     Fabrikada		30000.00	Ana_BF_2026
10.440.4063	2235,0 x 14,2 mm                                m     Fabrikada		33500.00	Ana_BF_2026
10.440.4064	2337,0 x 12,5 mm                                m     Fabrikada		28500.00	Ana_BF_2026
10.440.4065	2337,0 x 14,2 mm                                m     Fabrikada		31500.00	Ana_BF_2026
10.440.4066	2337,0 x 16,0 mm                                m     Fabrikada		35000.00	Ana_BF_2026
10.440.4067	2438,0 x 12,5 mm                                m     Fabrikada		33000.00	Ana_BF_2026
10.440.4068	2438,0 x 14,2 mm                                m     Fabrikada		36500.00	Ana_BF_2026
10.440.4069	2438,0 x 16,0 mm                                m     Fabrikada		40750.00	Ana_BF_2026
10.440.4070	2540,0 x 12,5 mm                                m     Fabrikada		34500.00	Ana_BF_2026
10.440.4071	2540,0 x 14,2 mm                                m     Fabrikada		38250.00	Ana_BF_2026
10.440.4072	2540,0 x 16,0 mm                                m     Fabrikada		42500.00	Ana_BF_2026
10.440.4073	2642,0 x 14,2 mm                                m     Fabrikada		36000.00	Ana_BF_2026
10.440.4074	2642,0 x 16,0 mm                                m     Fabrikada		39850.00	Ana_BF_2026
10.440.4075	m     Fabrikada		44300.00	Ana_BF_2026
10.440.4076	m     Fabrikada		41500.00	Ana_BF_2026
10.440.4077	m     Fabrikada		46100.00	Ana_BF_2026
10.440.4082	2845,0 x 20,0 mm                                                m     Fabrikada		53500.00	Ana_BF_2026
10.440.4083	3048,0 x 16,0 mm                                                m     Fabrikada		60000.00	Ana_BF_2026
10.440.4084	3048,0 x 17,5 mm                                                m     Fabrikada		58200.00	Ana_BF_2026
10.440.4085	3048,0 x 20,0 mm                                                m     Fabrikada		63350.00	Ana_BF_2026
10.440.4086	3251,0 x 17,5 mm                                                m     Fabrikada		69300.00	Ana_BF_2026
10.440.4087	3251,0 x 20,0 mm                                                m     Fabrikada		61200.00	Ana_BF_2026
10.440.4088	3251,0 x 22,2 mm                                                m     Fabrikada		68500.00	Ana_BF_2026
10.440.4089	3454,4 x 20,0 mm                                                m     Fabrikada		75000.00	Ana_BF_2026
10.440.4090	3454,4 x 22,2 mm                                                m     Fabrikada		73000.00	Ana_BF_2026
10.440.4091	3454,4 x 25,0 mm                                                m     Fabrikada		80000.00	Ana_BF_2026
10.440.4092	3657,6 x 20,0 mm                                                m     Fabrikada		88500.00	Ana_BF_2026
10.440.4093	3657,6 x 22,2 mm                                                m     Fabrikada		77200.00	Ana_BF_2026
10.440.4094	3657,6 x 25,0 mm                                                m     Fabrikada		84500.00	Ana_BF_2026
10.440.4095	Her çap için özel parça                                         m     Fabrikada		93800.00	Ana_BF_2026
10.440.4101	1829,0 x 11,0 mm                                             m       Fabrikada		22500.00	Ana_BF_2026
10.440.4102	1829,0 x 12,5 mm		24000.00	Ana_BF_2026
10.440.4103	1930,0 x 10,0 mm                                             m       Fabrikada		26500.00	Ana_BF_2026
10.440.4104	1930,0 x 11,0 mm		23500.00	Ana_BF_2026
10.440.4105	1930,0 x 12,5 mm                                             m       Fabrikada		25500.00	Ana_BF_2026
10.440.4106	2032,0 x 11,0 mm		28150.00	Ana_BF_2026
10.440.4107	2032,0 x 12,5 mm                                             m       Fabrikada		26800.00	Ana_BF_2026
10.440.4108	2032,0 x 14,2 mm		29500.00	Ana_BF_2026
10.440.4109	2134,0 x 11,0 mm                                             m       Fabrikada		32800.00	Ana_BF_2026
10.440.4110	2134,0 x 12,5 mm		28150.00	Ana_BF_2026
10.440.4111	2134,0 x 14,2 mm                                             m       Fabrikada		31150.00	Ana_BF_2026
10.440.4112	2235,0 x 11,0 mm		34500.00	Ana_BF_2026
10.440.4113	2235,0 x 12,5 mm                                             m       Fabrikada		29500.00	Ana_BF_2026
10.440.4114	2235,0 x 14,2 mm		32500.00	Ana_BF_2026
10.440.4115	2337,0 x 11,0 mm                                             m       Fabrikada		36200.00	Ana_BF_2026
10.440.4116	2337,0 x 12,5 mm		30500.00	Ana_BF_2026
10.440.4117	2337,0 x 14,2 mm                                             m       Fabrikada		34150.00	Ana_BF_2026
10.440.4118	2438,0 x 12,5 mm		37850.00	Ana_BF_2026
10.440.4119	2438,0 x 14,2 mm                                             m       Fabrikada		35500.00	Ana_BF_2026
10.440.4120	2438,0 x 16,0 mm		39500.00	Ana_BF_2026
10.440.4121	2540,0 x 12,5 mm                                             m       Fabrikada		44000.00	Ana_BF_2026
10.440.4122	2540,0 x 14,2 mm		37000.00	Ana_BF_2026
10.440.4123	2540,0 x 16,0 mm                                             m       Fabrikada		41150.00	Ana_BF_2026
10.440.4124	2642,0 x 14,2 mm		45750.00	Ana_BF_2026
10.440.4125	2642,0 x 16,0 mm                                             m       Fabrikada		42800.00	Ana_BF_2026
10.440.4126	2642,0 x 17,5 mm		47600.00	Ana_BF_2026
10.440.4127	2845,0 x 16,0 mm                                             m       Fabrikada		51350.00	Ana_BF_2026
10.440.4128	2845,0 x 17,5 mm		51250.00	Ana_BF_2026
10.440.4141	Her çap için özel parça		120.00	Ana_BF_2026
10.440.4301	Not: Ara çapların rayiç fiyatları enterpolasyonla bulunur.               m       Fabrikada		850.00	Ana_BF_2026
10.440.4302	K9 Sınıfı		1000.00	Ana_BF_2026
10.440.4303	Ø 80 mm anma çaplı                                                       m       Fabrikada		1350.00	Ana_BF_2026
10.440.4304	Ø 100 mm anma çaplı		1850.00	Ana_BF_2026
10.440.4305	Ø 125 mm anma çaplı                                                      m       Fabrikada		2300.00	Ana_BF_2026
10.440.4306	Ø 150 mm anma çaplı		2850.00	Ana_BF_2026
10.440.4307	Ø 200 mm anma çaplı                                                      m       Fabrikada		3440.00	Ana_BF_2026
10.440.4308	Ø 250 mm anma çaplı		4050.00	Ana_BF_2026
10.440.4309	Ø 300 mm anma çaplı                                                      m       Fabrikada		4700.00	Ana_BF_2026
10.440.4310	Ø 350 mm anma çaplı		6200.00	Ana_BF_2026
10.440.4311	Ø 400 mm anma çaplı                                                      m       Fabrikada		8000.00	Ana_BF_2026
10.440.4312	Ø 450 mm anma çaplı		10000.00	Ana_BF_2026
10.440.4313	Ø 500 mm anma çaplı                                                      m       Fabrikada		12000.00	Ana_BF_2026
10.440.4314	Ø 600 mm anma çaplı		14250.00	Ana_BF_2026
10.440.4315	Ø 700 mm anma çaplı                                                      m       Fabrikada		16750.00	Ana_BF_2026
10.440.4316	Ø 800 mm anma çaplı		19500.00	Ana_BF_2026
10.440.4317	Ø 900 mm anma çaplı                                                      m       Fabrikada		24000.00	Ana_BF_2026
10.440.4318	Ø 1000 mm anma çaplı		27000.00	Ana_BF_2026
10.440.4319	Ø 1100 mm anma çaplı                                                     m       Fabrikada		30500.00	Ana_BF_2026
10.440.4320	Ø 1200 mm anma çaplı		38000.00	Ana_BF_2026
10.440.4321	Ø 1400 mm anma çaplı                                                     m       Fabrikada		47000.00	Ana_BF_2026
10.440.4340	Ø 1800 mm anma çaplı		8250.00	Ana_BF_2026
10.440.4341	Ø 2000 mm anma çaplı                                                     m       Fabrikada		10250.00	Ana_BF_2026
10.440.4342	C25 Sınıfı		12500.00	Ana_BF_2026
10.440.4343	Ø 700 mm anma çaplı                                                      m       Fabrikada		14850.00	Ana_BF_2026
10.440.4347	Ø 1600 mm anma çaplı		29000.00	Ana_BF_2026
10.440.4372	Ø 1600 mm anma çaplı		33500.00	Ana_BF_2026
10.440.4386	Her çap için özel parça		130.00	Ana_BF_2026
10.450.4007	Ø800 mm iç çaplı 90-95 mm kalınlığında 2000 mm uzunluğunda betonarme boru		4650.00	Ana_BF_2026
10.450.4026	İşbaşında		4600.00	Ana_BF_2026
10.450.4051	İşbaşında		3950.00	Ana_BF_2026
10.450.4054	İşbaşında		7000.00	Ana_BF_2026
10.450.4081	İşbaşında		910.00	Ana_BF_2026
10.450.4083	İşbaşında		1250.00	Ana_BF_2026
10.450.4141	İşbaşında		500.00	Ana_BF_2026
10.450.4219	Tek tırnaklı contalar                                                    Ad      İşbaşında		113.00	Ana_BF_2026
10.450.4231	Ø 1000 mm                                                                Ad      İşbaşında		231.00	Ana_BF_2026
10.450.4251	Ø 1000 mm                                                                Ad      İşbaşında		163.00	Ana_BF_2026
10.450.4252	Ø 1200 mm		275.00	Ana_BF_2026
10.450.4253	Ø 1400 mm                                                                Ad      İşbaşında		313.00	Ana_BF_2026
10.450.4254	Ø 1600 mm		500.00	Ana_BF_2026
10.450.4255	Ø 1800 mm                                                                Ad      İşbaşında		625.00	Ana_BF_2026
10.450.4256	Ø 2000 mm		813.00	Ana_BF_2026
10.450.4257	Ø 2200 mm                                                                Ad      İşbaşında		940.00	Ana_BF_2026
10.450.4258	Ø 2400 mm		1125.00	Ana_BF_2026
10.450.4259	Ø 2600 mm                                                                Ad      İşbaşında		1250.00	Ana_BF_2026
10.450.4260	Ø 2800 mm		1440.00	Ana_BF_2026
10.450.4261	Ø 3000 mm                                                                Ad      İşbaşında		1625.00	Ana_BF_2026
10.450.4262	Entegre contalar (TS EN 681-1'e uygun 50 sertlik sınıfında veya 40-70		1875.00	Ana_BF_2026
10.450.4284	İşbaşında		1815.00	Ana_BF_2026
10.450.4301			1050.00	Ana_BF_2026
10.450.4302			1440.00	Ana_BF_2026
10.450.4312	İşbaşında		1800.00	Ana_BF_2026
10.450.4331	Ø 600 mm anma çapında PE esaslı Parsel veya Muayene Bacası boyun elemanı	Ad	2250.00	Ana_BF_2026
10.450.4333	Ø 600 mm anma çapında PE esaslı Parsel veya Muayene Bacası prefabrik taban	Ad	3450.00	Ana_BF_2026
10.450.4334	elemanı		2100.00	Ana_BF_2026
10.450.4335			2450.00	Ana_BF_2026
10.450.4336			2450.00	Ana_BF_2026
10.450.4337			2450.00	Ana_BF_2026
10.450.4338			2450.00	Ana_BF_2026
10.450.4351			3750.00	Ana_BF_2026
10.450.4353			5000.00	Ana_BF_2026
10.450.4354			3400.00	Ana_BF_2026
10.450.4361	Ø 1000 mm anma çapında PE esaslı Muayene Bacası Prefabrik taban elemanı		6500.00	Ana_BF_2026
10.450.5004	Ø 1250 mm anma çapında PE esaslı Muayene Bacası Prefabrik basamaklı gövde		150.00	Ana_BF_2026
10.450.5012	elemanı		390.00	Ana_BF_2026
10.450.5014	Ø 1250 mm anma çapında PE esaslı Parsel veya Muayene Bacası prefabrik taban		137.00	Ana_BF_2026
10.450.5024	1,5 mm / 33 cm / 5 cm		117.00	Ana_BF_2026
10.450.5025	m²      İşbaşında		156.00	Ana_BF_2026
10.450.5026	1,5 mm / 33 cm / 7,5 cm		190.00	Ana_BF_2026
10.450.5056	KOMPOZİT DRENAJ ÖRTÜSÜ (TS EN 13257)                                     m²      İşbaşında		78.00	Ana_BF_2026
10.450.5101	HDPE ızgara 500 gr/m² + tek tarafı 200 gr/m² Geotekstil Keçe Lamineli    m²      İşbaşında		98.00	Ana_BF_2026
10.450.5102	HDPE ızgara 600 gr/m² + tek tarafı 200 gr/m² Geotekstil Keçe Lamineli		107.00	Ana_BF_2026
10.450.5103	HDPE ızgara 700 gr/m² + tek tarafı 200 gr/m² Geotekstil Keçe Lamineli    m²      İşbaşında		107.00	Ana_BF_2026
10.450.5104	HDPE ızgara 800 gr/m² + tek tarafı 200 gr/m² Geotekstil Keçe Lamineli		117.00	Ana_BF_2026
10.450.5121	HDPE ızgara 500 gr/m² + iki tarafı 200 gr/m² Geotekstil Keçe Lamineli    m²      İşbaşında		124.00	Ana_BF_2026
10.450.5122	HDPE ızgara 600 gr/m² + iki tarafı 200 gr/m² Geotekstil Keçe Lamineli		137.00	Ana_BF_2026
10.450.5152			132.00	Insaat_Analiz_TUM_2026
10.450.5153			137.50	Insaat_Analiz_TUM_2026
10.450.5172	Alt Tabaka 200 gr/m² PP Örgülü Geotekstil                                m²      İşbaşında		115.00	Ana_BF_2026
10.450.5173	Üst Tabaka 300 gr/m² PP Örgüsüz Getotekstil		120.00	Ana_BF_2026
10.450.5202	GEOGRİD ZEMİN GÜÇLENDİRME SİSTEMLERİ		145.00	Ana_BF_2026
10.450.5231	İşbaşında		155.00	Ana_BF_2026
10.450.5233	İşbaşında		240.00	Ana_BF_2026
10.450.5235	İşbaşında		320.00	Ana_BF_2026
10.450.5237	İşbaşında		475.00	Ana_BF_2026
10.450.5239	İşbaşında		120.00	Ana_BF_2026
10.450.5251	İşbaşında		145.00	Ana_BF_2026
10.450.5253	İşbaşında		182.00	Ana_BF_2026
10.450.5255	İşbaşında		265.00	Ana_BF_2026
10.450.9601	Bentonit ünitesi ve Desander (Grab için)       Sa            0,05     17.460,28		215.00	Ana_BF_2026
10.480.1062	İşbaşında		125.00	Ana_BF_2026
10.480.1081	İşbaşında		230.00	Ana_BF_2026
10.480.1091	İşbaşında		210.00	Ana_BF_2026
10.480.1253	2cm kalınlıkta		410.00	Ana_BF_2026
10.480.1304	M TİPİ HAZIR DRENAJ KANALLARI (TS EN 1433)		810.00	Ana_BF_2026
10.480.1311	A) Grup 1 (en az Snıf A 15 )		1150.00	Ana_BF_2026
10.480.1322	100 x 1000 x 150		950.00	Ana_BF_2026
10.480.1324	B) Grup 2 (en az Sınıf B 125)		1450.00	Ana_BF_2026
10.480.1334	125 x 1000 x 80		1200.00	Ana_BF_2026
10.480.1336	125 x 1000 x 200		1650.00	Ana_BF_2026
10.480.1362	300 x 1000 x		150	Ana_BF_2026
10.480.1411	İşbaşında		5000.00	Ana_BF_2026
10.480.1412	İşbaşında		5000.00	Ana_BF_2026
10.480.1413	İşbaşında		4700.00	Ana_BF_2026
10.480.1414	İşbaşında		8250.00	Ana_BF_2026
10.480.1415	İşbaşında		6500.00	Ana_BF_2026
10.480.1423	İşbaşında		6300.00	Ana_BF_2026
10.480.1425	İşbaşında		8000.00	Ana_BF_2026
10.480.1434	İşbaşında		7750.00	Ana_BF_2026
10.480.1443	İşbaşında		9250.00	Ana_BF_2026
10.480.1471	1                            30,00		30.00	Insaat_Analiz_TUM_2026
10.480.1511	Malzeme		78.00	Insaat_Analiz_TUM_2026
10.480.1512	Malzeme:		9.60	Insaat_Analiz_TUM_2026
10.480.1513	Malzeme:		9.60	Insaat_Analiz_TUM_2026
10.480.1521	1,00 m yükseklikte, min. 2 bükümlü panel        m              1        220,00		6.40	Insaat_Analiz_TUM_2026
10.480.1532	İşbaşında		1400.00	Ana_BF_2026
10.480.1541	İşbaşında		1000.00	Ana_BF_2026
10.480.1543	İşbaşında		1750.00	Ana_BF_2026
10.480.1551	İşbaşında		330.00	Ana_BF_2026
10.480.1553	İşbaşında		585.00	Ana_BF_2026
10.480.1564	İşbaşında		815.00	Ana_BF_2026
10.480.1571			1150.00	Ana_BF_2026
10.480.1573	İşbaşında		2050.00	Ana_BF_2026
10.480.1581			890.00	Ana_BF_2026
10.480.1591	İçin Profille Birleşme Noktasında Düz, Orta kısımda ''W'' Bükümlü Panel Çit)		2800.00	Ana_BF_2026
10.480.1592	İşbaşında		3550.00	Ana_BF_2026
10.480.1601	1,45 mt yüksekliğinde 2 bükümlü                                                  m		5200.00	Ana_BF_2026
10.480.1602	İşbaşında		6850.00	Ana_BF_2026
10.480.1611	Sıcak daldırma galvaniz üzeri, elektrostatik polyester toz boyalı mukavemeti		5950.00	Ana_BF_2026
10.480.1612	İşbaşında		7500.00	Ana_BF_2026
10.480.1702	İşbaşında		140.00	Ana_BF_2026
10.480.1711	Ad      İşbaşında		210.00	Ana_BF_2026
10.480.1712	2,40 m eğik başlı direk		235.00	Ana_BF_2026
10.480.1714	2,50 m eğik başlı direk		305.00	Ana_BF_2026
10.480.1731	3,50 m eğik başlı direk		145.00	Ana_BF_2026
10.480.1801	Beton Payandalar		190.00	Ana_BF_2026
10.480.1802	Ad      İşbaşında		635.00	Ana_BF_2026
10.480.1803	Galvanizli tel                                       Kg       0,03          60,00		1.80	Insaat_Analiz_TUM_2026
10.480.1804	2,00 m payanda                                                           Ad      İşbaşında		75.00	Ana_BF_2026
10.480.1821	2,20 m payanda                                                           Ad      İşbaşında		60.00	Ana_BF_2026
10.480.1902	2,80 m payanda                                                           Kg      İşbaşında		100.00	Ana_BF_2026
10.480.1904	Beton kapı babası (15x20/2,40)                                           Kg      İşbaşında		42.00	Ana_BF_2026
10.480.1905			62.00	Ana_BF_2026
10.480.1906	DİKENLİ, JİLETLİ, GALVANİZLİ TELLER                                      Kg      İşbaşında		122.00	Ana_BF_2026
10.480.2001	Dikenli tel (Galvanizli) (TS EN 10223-1)                                 Kg      İşbaşında		87.00	Ana_BF_2026
10.480.2002			152.00	Ana_BF_2026
10.480.2004			2350.00	Ana_BF_2026
10.480.2005	Galvanizli tel                                                           m²      İşbaşında		4150.00	Ana_BF_2026
10.480.2007	İşbaşında		3600.00	Ana_BF_2026
10.480.2009	İşbaşında		4500.00	Ana_BF_2026
10.480.2051	İşbaşında		4450.00	Ana_BF_2026
10.480.2201	İşbaşında		170.00	Ana_BF_2026
10.480.2216	İşbaşında		175.00	Ana_BF_2026
10.480.2232	İşbaşında		180.00	Ana_BF_2026
10.480.2281	İşbaşında		550.00	Ana_BF_2026
10.480.5001	İşbaşında		255.00	Ana_BF_2026
10.480.5003	İşbaşında		190.00	Ana_BF_2026
10.480.5005	İşbaşında		300.00	Ana_BF_2026
10.480.5012	İşbaşında		55.00	Ana_BF_2026
10.480.5014	İşbaşında		18.00	Ana_BF_2026
10.480.5031	İşbaşında		5400.00	Ana_BF_2026
10.480.5041	İşbaşında		25.00	Ana_BF_2026
10.480.5111	İşbaşında		2400.00	Ana_BF_2026
10.480.5113	İşbaşında		4200.00	Ana_BF_2026
10.480.5121	İşbaşında		2100.00	Ana_BF_2026
10.480.5131	İşbaşında		3000.00	Ana_BF_2026
10.490.1102	İşbaşında		120000.00	Ana_BF_2026
10.490.1104	İşbaşında		203000.00	Ana_BF_2026
10.490.1106	İşbaşında		420000.00	Ana_BF_2026
10.490.1114	Maksimum düşey yük taşıma kapasitesi 5001-7500 kN arasında               Adet İşbaşında		115000.00	Ana_BF_2026
10.490.1115	Yatay deplasman Kapasitesi ±201-300 mm olan                              Adet İşbaşında		180000.00	Ana_BF_2026
10.490.1116	Yatay deplasman Kapasitesi ±301-400 mm olan                              Adet İşbaşında		235000.00	Ana_BF_2026
10.490.1117	Yatay deplasman Kapasitesi ±401-500 mm olan                              Adet İşbaşında		345000.00	Ana_BF_2026
10.490.1118	Yatay deplasman Kapasitesi ±501-600 mm olan                              Adet İşbaşında		470000.00	Ana_BF_2026
10.490.1119	Yatay deplasman Kapasitesi ±601-700 mm olan                              Adet İşbaşında		657000.00	Ana_BF_2026
10.490.1121	Maksimum düşey yük taşıma kapasitesi 7501-10000 kN arasında              Adet İşbaşında		127500.00	Ana_BF_2026
10.490.1122	Yatay deplasman Kapasitesi ±201-300 mm olan                              Adet İşbaşında		210000.00	Ana_BF_2026
10.490.1123	Yatay deplasman Kapasitesi ±301-400 mm olan                              Adet İşbaşında		285000.00	Ana_BF_2026
10.490.1124	Yatay deplasman Kapasitesi ±401-500 mm olan                              Adet İşbaşında		405000.00	Ana_BF_2026
10.490.1125	Yatay deplasman Kapasitesi ±501-600 mm olan                              Adet İşbaşında		547000.00	Ana_BF_2026
10.490.1126	Yatay deplasman Kapasitesi ±601-700 mm olan                              Adet İşbaşında		785000.00	Ana_BF_2026
10.490.1128	Maksimum düşey yük taşıma kapasitesi 10001-12500 kN arasında             Adet İşbaşında		148000.00	Ana_BF_2026
10.490.1129	Yatay deplasman Kapasitesi ±201-300 mm olan                              Adet İşbaşında		242000.00	Ana_BF_2026
10.490.1130	Yatay deplasman Kapasitesi ±301-400 mm olan                              Adet İşbaşında		336000.00	Ana_BF_2026
10.490.1131	Yatay deplasman Kapasitesi ±401-500 mm olan                              Adet İşbaşında		470000.00	Ana_BF_2026
10.490.1132	Yatay deplasman Kapasitesi ±501-600 mm olan                              Adet İşbaşında		665000.00	Ana_BF_2026
10.490.1133	Yatay deplasman Kapasitesi ±601-700 mm olan                              Adet İşbaşında		893000.00	Ana_BF_2026
10.490.1135	Maksimum düşey yük taşıma kapasitesi 12501-15000 kN arasında             Adet İşbaşında		163500.00	Ana_BF_2026
10.490.1136	Yatay deplasman Kapasitesi ±201-300 mm olan                              Adet İşbaşında		282000.00	Ana_BF_2026
10.490.1137	Yatay deplasman Kapasitesi ±301-400 mm olan                              Adet İşbaşında		382000.00	Ana_BF_2026
10.490.1138	Yatay deplasman Kapasitesi ±401-500 mm olan                              Adet İşbaşında		547000.00	Ana_BF_2026
10.490.1139	Yatay deplasman Kapasitesi ±501-600 mm olan                              Adet İşbaşında		736000.00	Ana_BF_2026
10.490.1140	Yatay deplasman Kapasitesi ±601-700 mm olan                              Adet İşbaşında		985000.00	Ana_BF_2026
10.490.1142	Maksimum düşey yük taşıma kapasitesi 15501-17500 kN arasında             Adet İşbaşında		180000.00	Ana_BF_2026
10.490.1143	Yatay deplasman Kapasitesi ±201-300 mm olan                              Adet İşbaşında		243000.00	Ana_BF_2026
10.490.1145	Yatay deplasman Kapasitesi ±401-500 mm olan                              Adet İşbaşında		313000.00	Ana_BF_2026
10.490.1147	Yatay deplasman Kapasitesi ±601-700 mm olan                              Adet İşbaşında		438000.00	Ana_BF_2026
10.490.1149	Maksimum düşey yük taşıma kapasitesi 17501-20000 kN arasında             Adet İşbaşında		595000.00	Ana_BF_2026
10.490.1156	Eşdeğer eğrilik yarıçapı 4001-6000 mm arasında                           Adet İşbaşında		92500.00	Ana_BF_2026
10.490.1157	Yatay deplasman Kapasitesi ±201-300 mm olan                              Adet İşbaşında		133000.00	Ana_BF_2026
10.490.1158	Yatay deplasman Kapasitesi ±301-400 mm olan                              Adet İşbaşında		155000.00	Ana_BF_2026
10.490.1159	Yatay deplasman Kapasitesi ±401-500 mm olan                              Adet İşbaşında		195000.00	Ana_BF_2026
10.490.1160	Yatay deplasman Kapasitesi ±501-600 mm olan                              Adet İşbaşında		250000.00	Ana_BF_2026
10.490.1162	Yatay deplasman Kapasitesi ±701-800 mm olan                              Adet İşbaşında		110000.00	Ana_BF_2026
10.490.1163	Yatay deplasman Kapasitesi ±201-300 mm olan                              Adet İşbaşında		160000.00	Ana_BF_2026
10.490.1164	Yatay deplasman Kapasitesi ±301-400 mm olan                              Adet İşbaşında		185000.00	Ana_BF_2026
10.490.1165	Yatay deplasman Kapasitesi ±401-500 mm olan                              Adet İşbaşında		245000.00	Ana_BF_2026
10.490.1166	Yatay deplasman Kapasitesi ±501-600 mm olan                              Adet İşbaşında		305000.00	Ana_BF_2026
10.490.1168	Yatay deplasman Kapasitesi ±701-800 mm olan                              Adet İşbaşında		125000.00	Ana_BF_2026
10.490.1169	Yatay deplasman Kapasitesi ±201-300 mm olan                              Adet İşbaşında		185000.00	Ana_BF_2026
10.490.1170	Yatay deplasman Kapasitesi ±301-400 mm olan                              Adet İşbaşında		220000.00	Ana_BF_2026
10.490.1171	Yatay deplasman Kapasitesi ±401-500 mm olan                              Adet İşbaşında		280000.00	Ana_BF_2026
10.490.1172	Yatay deplasman Kapasitesi ±501-600 mm olan                              Adet İşbaşında		350000.00	Ana_BF_2026
10.490.1174	Yatay deplasman Kapasitesi ±701-800 mm olan                              Adet İşbaşında		140000.00	Ana_BF_2026
10.490.1175	Yatay deplasman Kapasitesi ±201-300 mm olan                              Adet İşbaşında		205000.00	Ana_BF_2026
10.490.1176	Yatay deplasman Kapasitesi ±301-400 mm olan                              Adet İşbaşında		260000.00	Ana_BF_2026
10.490.1177	Yatay deplasman Kapasitesi ±401-500 mm olan                              Adet İşbaşında		315000.00	Ana_BF_2026
10.490.1178	Yatay deplasman Kapasitesi ±501-600 mm olan                              Adet İşbaşında		385000.00	Ana_BF_2026
10.490.1180	Yatay deplasman Kapasitesi ±701-800 mm olan                              Adet İşbaşında		156000.00	Ana_BF_2026
10.490.1181	Yatay deplasman Kapasitesi ±201-300 mm olan                              Adet İşbaşında		225000.00	Ana_BF_2026
10.490.1182	Yatay deplasman Kapasitesi ±301-400 mm olan                              Adet İşbaşında		290000.00	Ana_BF_2026
10.490.1183	Yatay deplasman Kapasitesi ±401-500 mm olan                              Adet İşbaşında		360000.00	Ana_BF_2026
10.490.1184	Yatay deplasman Kapasitesi ±501-600 mm olan                              Adet İşbaşında		465000.00	Ana_BF_2026
10.490.1186	Yatay deplasman Kapasitesi ±701-800 mm olan                              Adet İşbaşında		175000.00	Ana_BF_2026
10.490.1187	Yatay deplasman Kapasitesi ±201-300 mm olan                              Adet İşbaşında		250000.00	Ana_BF_2026
10.490.1192	Maksimum düşey yük taşıma kapasitesi 15501-17500 kN arasında             Adet İşbaşında		185000.00	Ana_BF_2026
10.490.1193	Yatay deplasman Kapasitesi ±301-400 mm olan                              Adet İşbaşında		290000.00	Ana_BF_2026
10.490.1194	Yatay deplasman Kapasitesi ±401-500 mm olan                              Adet İşbaşında		335000.00	Ana_BF_2026
10.490.1195	Yatay deplasman Kapasitesi ±501-600 mm olan                              Adet İşbaşında		415000.00	Ana_BF_2026
10.490.1196	Yatay deplasman Kapasitesi ±601-700 mm olan                              Adet İşbaşında		540000.00	Ana_BF_2026
10.490.1198	Maksimum düşey yük taşıma kapasitesi 17501-20000 kN arasında             Adet İşbaşında		203000.00	Ana_BF_2026
10.490.1199	Yatay deplasman Kapasitesi ±301-400 mm olan                              Adet İşbaşında		315000.00	Ana_BF_2026
10.490.1200	Yatay deplasman Kapasitesi ±401-500 mm olan                              Adet İşbaşında		365000.00	Ana_BF_2026
10.490.1201	Yatay deplasman Kapasitesi ±501-600 mm olan                              Adet İşbaşında		490000.00	Ana_BF_2026
10.490.1202	Yatay deplasman Kapasitesi ±601-700 mm olan                              Adet İşbaşında		585000.00	Ana_BF_2026
10.490.1204	Eşdeğer eğrilik yarıçapı 6001-8000 mm arasında                           Adet İşbaşında		110000.00	Ana_BF_2026
10.490.1205	Yatay deplasman Kapasitesi ±301-400 mm olan                              Adet İşbaşında		150000.00	Ana_BF_2026
10.490.1206	Yatay deplasman Kapasitesi ±401-500 mm olan                              Adet İşbaşında		180000.00	Ana_BF_2026
10.490.1207	Yatay deplasman Kapasitesi ±501-600 mm olan                              Adet İşbaşında		225000.00	Ana_BF_2026
10.490.1209	Yatay deplasman Kapasitesi ±701-800 mm olan                              Adet İşbaşında		120000.00	Ana_BF_2026
10.490.1210	Yatay deplasman Kapasitesi ±301-400 mm olan                              Adet İşbaşında		175000.00	Ana_BF_2026
10.490.1211	Yatay deplasman Kapasitesi ±401-500 mm olan                              Adet İşbaşında		225000.00	Ana_BF_2026
10.490.1212	Yatay deplasman Kapasitesi ±501-600 mm olan                              Adet İşbaşında		275000.00	Ana_BF_2026
10.490.1214	Yatay deplasman Kapasitesi ±701-800 mm olan                              Adet İşbaşında		140000.00	Ana_BF_2026
10.490.1215	Yatay deplasman Kapasitesi ±301-400 mm olan                              Adet İşbaşında		205000.00	Ana_BF_2026
10.490.1216	Yatay deplasman Kapasitesi ±401-500 mm olan                              Adet İşbaşında		260000.00	Ana_BF_2026
10.490.1217	Yatay deplasman Kapasitesi ±501-600 mm olan                              Adet İşbaşında		315000.00	Ana_BF_2026
10.490.1219	Yatay deplasman Kapasitesi ±701-800 mm olan                              Adet İşbaşında		155000.00	Ana_BF_2026
10.490.1220	Yatay deplasman Kapasitesi ±301-400 mm olan                              Adet İşbaşında		235000.00	Ana_BF_2026
10.490.1221	Yatay deplasman Kapasitesi ±401-500 mm olan                              Adet İşbaşında		275000.00	Ana_BF_2026
10.490.1222	Yatay deplasman Kapasitesi ±501-600 mm olan                              Adet İşbaşında		335000.00	Ana_BF_2026
10.490.1224	Yatay deplasman Kapasitesi ±701-800 mm olan                              Adet İşbaşında		172000.00	Ana_BF_2026
10.490.1225	Yatay deplasman Kapasitesi ±301-400 mm olan                              Adet İşbaşında		255000.00	Ana_BF_2026
10.490.1226	Yatay deplasman Kapasitesi ±401-500 mm olan                              Adet İşbaşında		305000.00	Ana_BF_2026
10.490.1230	Yatay deplasman Kapasitesi ±501-600 mm olan                              Adet İşbaşında		335000.00	Ana_BF_2026
10.490.1231	Yatay deplasman Kapasitesi ±601-700 mm olan                              Adet İşbaşında		415000.00	Ana_BF_2026
10.490.1233	Maksimum düşey yük taşıma kapasitesi 15501-17500 kN arasında             Adet İşbaşında		210000.00	Ana_BF_2026
10.490.1234	Yatay deplasman Kapasitesi ±301-400 mm olan                              Adet İşbaşında		250000.00	Ana_BF_2026
10.490.1235	Yatay deplasman Kapasitesi ±501-600 mm olan                              Adet İşbaşında		370000.00	Ana_BF_2026
10.490.1236	Yatay deplasman Kapasitesi ±601-700 mm olan                              Adet İşbaşında		450000.00	Ana_BF_2026
10.490.1238	Maksimum düşey yük taşıma kapasitesi 17501-20000 kN arasında             Adet İşbaşında		235000.00	Ana_BF_2026
10.490.1239	Yatay deplasman Kapasitesi ±301-400 mm olan                              Adet İşbaşında		285000.00	Ana_BF_2026
10.490.1240	Yatay deplasman Kapasitesi ±501-600 mm olan                              Adet İşbaşında		415000.00	Ana_BF_2026
10.490.1241	Yatay deplasman Kapasitesi ±601-700 mm olan                              Adet İşbaşında		493000.00	Ana_BF_2026
15.100.1001	1 ton her cins çimento ve kirecin taşıtlara yükleme, boşaltma ve istifi	Ton	256.25	Insaat_Analiz_TUM_2026
15.100.1002	1 m³ kum, çakıl, tuvenan, stabilize, kırmataş, hafif agrega ve mermer pirinci taşıtlara	m³	39.66	Insaat_Analiz_TUM_2026
15.100.1003	1 m³ her nevi taşın taşıtlara yükleme boşaltma ve figüresi	m³	43.44	Insaat_Analiz_TUM_2026
15.100.1004	1 ton her cins betonarme demiri, profil ve lama demiri ile sacların taşıtlara yükleme,	Ton	175.31	Insaat_Analiz_TUM_2026
15.100.1005	1 ton çelik borunun taşıtlara yükleme, boşaltma ve istifi	Ton	350.61	Insaat_Analiz_TUM_2026
15.100.1006	1 ton her cins ve ölçüde PE, HDPE ve PVC esaslı borunun taşıtlara yükleme, boşaltma ve	Ton	525.93	Insaat_Analiz_TUM_2026
15.100.1007	Normal, cephe, modüler dolu veya delikli tuğlalar ve oluklu kiremidin taşıtlara yükleme,	1000 Ad	525.93	Insaat_Analiz_TUM_2026
15.100.1008	Her cins hafif gazbeton malzemesi, genleştirilmiş perlit agregası ve bu agrega ile yapılmış	m³	66.45	Insaat_Analiz_TUM_2026
15.105.1001	Kazı alanı içine rastlayan fundaların gerekli el aletleri kullanarak kesilmesi ve temizlenmesi	100 m²		Insaat_Analiz_TUM_2026
15.105.1002	Kazı ve dolgu alanında makine ile temizleme ve sökme işi yapılması	100 m²	648.96	Insaat_Analiz_TUM_2026
15.105.1101	El ile ağaç kesilmesi ve sökme işi, çapı 5-10 cm (10 cm dahil) beher ağaç için	Ad	128.13	Insaat_Analiz_TUM_2026
15.105.1102	Ağaç kesilmesi ve sökülmesi	Ad	256.25	Insaat_Analiz_TUM_2026
15.105.1103	El ile ağaç kesilmesi ve sökme işi, çapı 21-30 cm (30 cm dahil) beher ağaç için	Ad	512.50	Insaat_Analiz_TUM_2026
15.105.1104	El ile ağaç kesilmesi ve sökme işi, çapı 31-40 cm (40 cm dahil) beher ağaç için	Ad	768.75	Insaat_Analiz_TUM_2026
15.105.1105	El ile ağaç kesilmesi ve sökme işi, çapı 41-50 cm (50 cm dahil) beher ağaç için	Ad	1025.00	Insaat_Analiz_TUM_2026
15.105.1106	El ile ağaç kesilmesi ve sökme işi, çapı 51-60 cm (60 cm dahil) beher ağaç için	Ad	1537.50	Insaat_Analiz_TUM_2026
15.105.1107	El ile ağaç kesilmesi ve sökme işi, çapı 61-70 cm (70 cm dahil) beher ağaç için	Ad	2306.25	Insaat_Analiz_TUM_2026
15.105.1108	El ile ağaç kesilmesi ve sökme işi, çapı 71-80 cm (80 cm dahil) beher ağaç için	Ad	3075.00	Insaat_Analiz_TUM_2026
15.105.1109	El ile ağaç kesilmesi ve sökme işi, çapı 81 cm den büyük olan beher ağaç için	Ad	5125.00	Insaat_Analiz_TUM_2026
15.106.1001	Patlayıcı Madde Kullanmadan Harçsız Kagir İnşaatın Yıkılması	m³	212.71	Insaat_Analiz_TUM_2026
15.106.1002	Patlayıcı Madde Kullanmadan Kireç ve Melez Harçlı Kagir İnşaatın Yıkılması	m³	270.03	Insaat_Analiz_TUM_2026
15.106.1003	Patlayıcı Madde Kullanmadan Çimento Harçlı Kargir ve Horasan İnşaatın Yıkılması	m³	365.55	Insaat_Analiz_TUM_2026
15.106.1004	Patlayıcı Madde Kullanmadan Demirli ve Demirsiz Beton İnşaatın Yıkılması	m³	671.24	Insaat_Analiz_TUM_2026
15.106.1005	İnsan Gücü ile (Kompresör vasıtasıyla) Her Cins Harçlı Kargir İnşaatın Yıkılması	m³	996.43	Insaat_Analiz_TUM_2026
15.106.1006	İnsan Gücü ile (Kompresör Vasıtasıyla) Demirli ve Demirsiz Beton İnşaatın Yıkılması	m³	1910.55	Insaat_Analiz_TUM_2026
15.106.1007	Patlayıcı Madde Kullanarak Her Cins Harçlı Kargir ve Horasan İnşaatın Yıkılması	m³	1572.48	Insaat_Analiz_TUM_2026
15.106.1008	Patlayıcı Madde Kullanarak Demirli ve Demirsiz Beton İnşaatın Yıkılması	m³	2367.19	Insaat_Analiz_TUM_2026
15.106.1009	Demirli Beton İnşaatın Yıkılmasından Çıkan Demirlerin İnsan Gücü ile Ayrılması	Kg	12.81	Insaat_Analiz_TUM_2026
15.106.1010	Demirli Beton İnşaatın Yıkılmasından Çıkan Demirlerin Makine Gücü ile Ayrılması	Kg	6.83	Insaat_Analiz_TUM_2026
15.106.1011	Her Türlü Yıkımdan Çıkan Taş ve Tuğlanın İnsan Gücü ile Ayrılması	m³	768.75	Insaat_Analiz_TUM_2026
15.106.1101	Doğal parke taşı, beton plak, adi kaldırım ve blokaj sökülmesi	m²	256.25	Insaat_Analiz_TUM_2026
15.106.1107	Her türlü kiremit örtülü çatılarda kiremit aktarılması	m²	202.44	Insaat_Analiz_TUM_2026
15.106.1108	Her türlü kiremit çatı örtüsü sökülmesi, toplanması, temizlenmesi, istif edilmesi	m²	115.63	Insaat_Analiz_TUM_2026
15.106.1109	Galvanizli sac, alüminyum, cam elyaf takviyeli vb. çatı örtüsü sökülmesi	m²	180.00	Insaat_Analiz_TUM_2026
15.106.1110			1409.38	Ana_BF_2026
15.106.1111	Çatı örtüsü altındaki ahşap kaplama tahtası sökülmesi	m²	200.00	Insaat_Analiz_TUM_2026
15.106.1112	Çatı örtüleri altındaki su yalıtım örtüleri ve bitümlü karton sökülmesi	m²	50.31	Insaat_Analiz_TUM_2026
15.106.1113	Her türlü, sac, pvc, çinko vb, yağmur oluğu ve borusu sökülmesi	m	94.69	Insaat_Analiz_TUM_2026
15.106.1114	Çinko ve sacdan her türlü sıva eteği, baca kenarı, çatı muayene pencereleri ve çatı feneri	m	186.56	Insaat_Analiz_TUM_2026
15.106.1115	Çinko ve sacdan her türlü atika duvar arkası çatı deresi (gizli dere) sökülmesi	m	308.75	Insaat_Analiz_TUM_2026
15.106.1116	Her kalınlıkta mermer, traverten, terraza karo ve andezit kaplama sökülmesi	m²	266.25	Insaat_Analiz_TUM_2026
15.106.1117			180.00	Ana_BF_2026
15.106.1118	Her türlü ahşap çatı sökülmesi	m²	270.00	Ana_BF_2026
15.106.1119	PVC vb. döşeme kaplaması sökülmesi	m²	150.88	Insaat_Analiz_TUM_2026
15.106.1120	Ahşap parke ve ahşap döşeme kaplaması sökülmesi	m²	320.00	Insaat_Analiz_TUM_2026
15.106.1121			94.69	Ana_BF_2026
15.106.1122	Ahşap lambiri vb. duvar kaplaması sökülmesi	m²	186.56	Insaat_Analiz_TUM_2026
15.106.1123	Mermer, traverten ve andezit plaktan denizlik, parapet ve harpuşta sökülmesi	m²	379.69	Insaat_Analiz_TUM_2026
15.106.1124	Dökme mozayikten denizlik, parapet ve harpuşta sökülmesi	m²	631.25	Insaat_Analiz_TUM_2026
15.106.1125	Duvar, döşeme ve tavanda sac, alüminyum, ahşap vb, dilatasyon fugası sökülmesi	m	266.25	Insaat_Analiz_TUM_2026
15.106.1126	Kenetli sac ve bakır çatı örtüsü sökülmesi	m²	303.75	Ana_BF_2026
15.106.1127	Tezgah üstü mermeri sökülmesi	m²	266.25	Insaat_Analiz_TUM_2026
15.106.1128	Çatı örtüsü altındaki ahşap kaplama tahtası sökülmesi	m²	150.88	Ana_BF_2026
15.106.1129	Alüminyum, sac, alçıpanel, taşyünü, camyünü vb. asma tavan sökülmesi	m²	310.63	Insaat_Analiz_TUM_2026
15.106.1130	Alüminyum ve PVC den yapılan her türlü kapı ve pencere doğramasının sökülmesi	m²	221.88	Insaat_Analiz_TUM_2026
15.106.1131	Her türlü ahşap kapı kasası, kapı kanadı, pencere ve camekan sökülmesi	m²	400.00	Insaat_Analiz_TUM_2026
15.106.1132	Her türlü demir (kapı, pencere, camekan, korkuluk, parmaklık, sac kapı kasası vb.) imalatın sökülmesi	Kg	64.96	Insaat_Analiz_TUM_2026
15.110.1001	Her cins zeminde el ile yapılan (geniş-dar)derin kazılara derinlik zammı (iksasız kazılarda)	m³		Insaat_Analiz_TUM_2026
15.110.1002	Her cins zemindeki el ile yapılan (geniş-dar) derin kazılara (karşılıklı, aralıklı, sık kaplamalı	m³	266.25	Insaat_Analiz_TUM_2026
15.115.1001	El ile yumuşak toprak kazılması (gevşek ve bitkisel toprak, gevşek silt, kum ve benzeri	m³	512.50	Insaat_Analiz_TUM_2026
15.115.1002	El ile sert toprak kazılması (kil, siltli, kumlu ve gevşek kil, killi kum ve çakıl, kürekle	m³	666.25	Insaat_Analiz_TUM_2026
15.115.1003	El ile yumuşak küskülük kazılması (sert kil, yumuşak marn ve tüf, sıkışık gravye,	m³	832.81	Insaat_Analiz_TUM_2026
15.115.1004	El ile sert küskülük kazılması (ayrışmış ve çatlaklı kaya, ayrışmış yapıdaki gre, şist, taşlaşmış	m³	960.94	Insaat_Analiz_TUM_2026
15.115.1005	El veya kompresör ile patlayıcı madde kullanarak yumuşak kaya kazılması (tabakalaşmış	m³	768.35	Insaat_Analiz_TUM_2026
15.115.1006	El veya kompresörle patlayıcı madde kullanarak sert kaya kazılması (kalın tabaka ve kitle	m³	936.91	Insaat_Analiz_TUM_2026
15.115.1007	El veya kompresörle patlayıcı madde kullanarak çok sert kaya kazılması (ayrışmamış granit	m³	1137.66	Insaat_Analiz_TUM_2026
15.115.1008	El veya kompresörle patlayıcı madde kullanmadan yumuşak kaya kazılması (tabakalaşmış	m³	1306.09	Insaat_Analiz_TUM_2026
15.115.1009	El veya kompresörle patlayıcı madde kullanmadan sert kaya kazılması (sert gre, betonlaşmış	m³	1776.35	Insaat_Analiz_TUM_2026
15.115.1010	El veya kompresörle patlayıcı madde kullanmadan çok sert kaya kazılması (ayrışmamış	m³	2679.50	Insaat_Analiz_TUM_2026
15.115.1011	El ile batak ve balçığın kazılması (su muhtevası yüksek olan ve bu suyu kolay bırakmayan	m³	1537.50	Insaat_Analiz_TUM_2026
15.115.1201	El ile her derinlikte yumuşak ve sert toprakta geniş derin kazı yapılması (gevşek ve bitkisel	m³	960.94	Insaat_Analiz_TUM_2026
15.115.1202	El ile her derinlikte yumuşak ve sert toprakta dar derin kazı yapılması(gevşek ve bitkisel toprak, gevşek silt, kum, kil, siltli, kumlu ve gevşek kil, killi kum ve çakıl, kürekle atılabilen	m³	1057.04	Insaat_Analiz_TUM_2026
15.115.1203	El ile her derinlikte yumuşak ve sert küskülük zeminde geniş derin kazı yapılması (sert kil,	m³	1383.75	Insaat_Analiz_TUM_2026
15.115.1204	El ile her derinlikte yumuşak ve sert küskülük zeminde dar derin kazı yapılması (sert kil, yumuşak marn ve tüf , sıkışık gravye, kazı güçlüğü benzerliğinden dolayı çamur, ayrışmış ve	m³	1522.13	Insaat_Analiz_TUM_2026
15.115.1205	El veya kompresörle ve patlayıcı madde kullanarak her derinlikte yumuşak, sert, çok sert kayada geniş derin kazı yapılması (tabakalaşmış kalker, marnlı kalker, marn, şist, gre,	m³	1706.44	Insaat_Analiz_TUM_2026
15.115.1206	El veya kompresörle ve patlayıcı madde kullanarak her derinlikte yumuşak, sert, çok sert kayada dar derin kazı yapılması (tabakalaşmış kalker, marnlı kalker, marn, şist, gre, gevşek	m³	1877.09	Insaat_Analiz_TUM_2026
15.115.1207	El veya kompresörle ve patlayıcı madde kullanmadan her derinlikte yumuşak kayada geniş derin kazı yapılması (tabakalaşmış kalker, marnlı kalker, marn, şist, gre, gevşek	m³	1876.90	Insaat_Analiz_TUM_2026
15.115.1208	El veya kompresörle ve patlayıcı madde kullanmadan her derinlikte yumuşak kayada dar	m³	2064.59	Insaat_Analiz_TUM_2026
15.115.1209	El veya kompresörle ve patlayıcı madde kullanmadan her derinlikte sert kayada geniş derin kazı yapılması (kalın tabaka ve kitle halinde sert gre, betonlaşmış konglomera, kesif kalker,	m³	2347.16	Insaat_Analiz_TUM_2026
15.115.1210	El veya kompresörle ve patlayıcı madde kullanmadan her derinlikte sert kayada dar derin	m³	2581.88	Insaat_Analiz_TUM_2026
15.115.1211	El veya kompresörle patlayıcı madde kullanmadan her derinlikte çok sert kayada geniş	m³	3287.70	Insaat_Analiz_TUM_2026
15.115.1212	El veya kompresörle patlayıcı madde kullanmadan her derinlikte çok sert kayada dar derin	m³	3616.48	Insaat_Analiz_TUM_2026
15.115.1213	Dolguya gelmiş serilmiş her cins kazının (kaya zeminler hariç) elle tokmaklanarak tabaka tabaka sıkıştırılması	m³	263.13	Insaat_Analiz_TUM_2026
15.115.1215	El ile her derinlikte geniş derin batak ve balçık kazılması (su muhtevası yüksek olan ve bu	m³	2319.06	Insaat_Analiz_TUM_2026
15.115.1216	El ile her derinlikte dar derin batak ve balçık kazılması (su muhtevası yüksek olan ve bu	m³	2550.98	Insaat_Analiz_TUM_2026
15.120.1001	Makine ile yumuşak ve sert toprak kazılması (Serbest kazı)	m³	62.35	Insaat_Analiz_TUM_2026
15.120.1002	Makine ile yumuşak ve sert küskülük kazılması (serbest kazı)	m³	83.00	Insaat_Analiz_TUM_2026
15.120.1003	Makine ile batak ve balçık kazılması (serbest kazı)	m³	122.64	Insaat_Analiz_TUM_2026
15.120.1004	Makine ile patlayıcı madde kullanılarak yumuşak kaya kazılması (Serbest kazı)	m³	187.94	Insaat_Analiz_TUM_2026
15.120.1005	Makine ile patlayıcı madde kullanmadan yumuşak kaya kazılması (Serbest kazı)	m³	138.39	Insaat_Analiz_TUM_2026
15.120.1006	Makine ile patlayıcı madde kullanılarak sert kaya kazılması (Serbest kazı)	m³	250.45	Insaat_Analiz_TUM_2026
15.120.1007	Makine ile patlayıcı madde kullanmadan sert kaya kazılması (Serbest kazı)	m³	318.26	Insaat_Analiz_TUM_2026
15.120.1008	Makine ile patlayıcı madde kullanılarak çok sert kaya kazılması (Serbest kazı)	m³	328.28	Insaat_Analiz_TUM_2026
15.120.1009	Makine ile patlayıcı madde kullanmadan çok sert kaya kazılması (Serbest kazı)	m³	430.30	Insaat_Analiz_TUM_2026
15.120.1101	Makine ile her derinlik ve her genişlikte yumuşak ve sert toprak kazılması (Derin kazı)	m³	71.85	Insaat_Analiz_TUM_2026
15.120.1102	Makine ile her derinlik ve her genişlikte yumuşak ve sert küskülük kazılması (Derin kazı)	m³	105.71	Insaat_Analiz_TUM_2026
15.120.1103	Makine ile her derinlik ve her genişlikte batak ve balçık kazılması (Derin kazı)	m³	167.64	Insaat_Analiz_TUM_2026
15.120.1104	Makine ile patlayıcı madde kullanılarak her derinlik ve her genişlikte yumuşak kaya	m³	167.64	Insaat_Analiz_TUM_2026
15.120.1105	Makine ile patlayıcı madde kullanmadan her derinlik ve her genişlikte yumuşak kaya	m³	172.46	Insaat_Analiz_TUM_2026
15.120.1106	Makine ile patlayıcı madde kullanılarak her derinlik ve her genişlikte sert kaya kazılması	m³		Insaat_Analiz_TUM_2026
15.120.1107	Makine ile patlayıcı madde kullanmadan her derinlik ve her genişlikte sert kaya kazılması	m³	413.28	Insaat_Analiz_TUM_2026
15.120.1108	Makine ile patlayıcı madde kullanılarak her derinlik ve her genişlikte çok sert kaya	m³	413.28	Insaat_Analiz_TUM_2026
15.120.1109	Makine ile patlayıcı madde kullanmadan her derinlik ve her genişlikte çok sert kaya	m³	517.43	Insaat_Analiz_TUM_2026
15.125.1001	Kum temin edilerek, el ile serme, sulama ve sıkıştırma yapılması	m³	588.13	Insaat_Analiz_TUM_2026
15.125.1002	Çakıl temin edilerek, el ile serme, sulama ve sıkıştırma yapılması	m³	585.63	Insaat_Analiz_TUM_2026
15.125.1003	Kum temin edilerek, makine ile serme, sulama ve sıkıştırma yapılması	m³	257.78	Insaat_Analiz_TUM_2026
15.125.1004	Çakıl temin edilerek, makine ile serme, sulama ve sıkıştırma yapılması	m³	255.28	Insaat_Analiz_TUM_2026
15.125.1006			937.50	Ana_BF_2026
15.125.1007	32mm'ye kadar kırmataş temin edilerek, el ile serme, sulama ve sıkıştırma yapılması	m³	1023.13	Insaat_Analiz_TUM_2026
15.125.1008	32mm'ye kadar kırmataş temin edilerek, makine ile serme, sulama ve sıkıştırma yapılması	m³	692.78	Insaat_Analiz_TUM_2026
15.125.1009	63 mm'ye kadar kırmataş temin edilerek, el ile serme, sulama ve sıkıştırma yapılması	m³	948.13	Insaat_Analiz_TUM_2026
15.125.1010	63mm'ye kadar kırmataş temin edilerek, makine ile serme, sulama ve sıkıştırma yapılması	m³	617.78	Insaat_Analiz_TUM_2026
15.125.1011	Hafif agrega (elenmiş kömür curufu) ile dolgu yapılması	m³	160.63	Insaat_Analiz_TUM_2026
15.130.1001	Kazılara tam ahşap kaplamalı iksa yapılması	m²	1135.63	Insaat_Analiz_TUM_2026
15.130.1002	Kazılara tam ahşap kaplamalı iksa yapılması	m²	1135.63	Insaat_Analiz_TUM_2026
15.130.1003			1135.63	Ana_BF_2026
15.130.1004	Kazılara aralıklı ahşap kaplamalı iksa yapılması	m²	567.81	Insaat_Analiz_TUM_2026
15.135.1001	Her uzunluk, her açı ve her türlü zeminde Ø 60 cm jet grout kolonu imalatı yapılması (jet1	m	1153.94	Insaat_Analiz_TUM_2026
15.135.1002	Her uzunluk, her açı ve her türlü zeminde Ø 80 cm jet grout kolonu imalatı yapılması (jet1	m	1338.46	Insaat_Analiz_TUM_2026
15.135.1003	Her uzunluk, her açı ve her türlü zeminde Ø 60 cm jet grout kolonu imalatı yapılması (jet2	m	1336.06	Insaat_Analiz_TUM_2026
15.135.1004	Her uzunluk, her açı ve her türlü zeminde Ø 80 cm jet grout kolonu imalatı yapılması (jet2	m	1544.88	Insaat_Analiz_TUM_2026
15.135.1005	Her uzunluk, her açı ve her türlü zeminde Ø 100 cm jet grout kolonu imalatı yapılması (jet2	m	1836.53	Insaat_Analiz_TUM_2026
15.140.1001	Ø 30 cm çapında, her boyda, C 20/25 basınç dayanımında yerinde dökme betonarme fore	m	1567.28	Insaat_Analiz_TUM_2026
15.140.1002	Ø 45 cm çapında, her boyda, C 20/25 basınç dayanımında yerinde dökme betonarme fore	m	2052.30	Insaat_Analiz_TUM_2026
15.140.1003	Ø 65 cm çapında, C 20/25 basınç dayanımında yerinde dökme betonarme fore kazık	m	3441.38	Insaat_Analiz_TUM_2026
15.140.1004	Ø 65 cm çapında, C 20/25 basınç dayanımında yerinde dökme betonarme fore kazık	m	3714.50	Insaat_Analiz_TUM_2026
15.140.1005	Ø 80 cm çapında, C 20/25 basınç dayanımında yerinde dökme betonarme fore kazık	m	4529.16	Insaat_Analiz_TUM_2026
15.140.1006	Ø 80 cm çapında, C 20/25 basınç dayanımında yerinde dökme betonarme fore kazık	m	4984.36	Insaat_Analiz_TUM_2026
15.140.1007	Ø 100 cm çapında, C 20/25 basınç dayanımında yerinde dökme betonarme fore kazık	m	6759.66	Insaat_Analiz_TUM_2026
15.140.1008	Ø 100 cm çapında, C 20/25 basınç dayanımında yerinde dökme betonarme fore kazık	m	7562.86	Insaat_Analiz_TUM_2026
15.140.1009	Ø 120 cm çapında, C 20/25 basınç dayanımında yerinde dökme betonarme fore kazık	m	9327.38	Insaat_Analiz_TUM_2026
15.140.1010	Ø 120 cm çapında, C 20/25 basınç dayanımında yerinde dökme betonarme fore kazık	m	10474.83	Insaat_Analiz_TUM_2026
15.140.1011	Ø 165 cm çapında, C 20/25 basınç dayanımında yerinde dökme betonarme fore kazık	m	15545.35	Insaat_Analiz_TUM_2026
15.140.1012	Ø 165 cm çapında, C 20/25 basınç dayanımında yerinde dökme betonarme fore kazık	m	17840.24	Insaat_Analiz_TUM_2026
15.140.1101	Ø 30 cm çapında, her boyda, C 25/30 basınç dayanımında yerinde dökme betonarme fore	m	1577.28	Insaat_Analiz_TUM_2026
15.140.1102	Ø 45 cm çapında, her boyda, C 25/30 basınç dayanımında yerinde dökme betonarme fore	m	2073.55	Insaat_Analiz_TUM_2026
15.140.1103	Ø 65 cm çapında, C 25/30 basınç dayanımında yerinde dökme betonarme fore kazık	m	3486.38	Insaat_Analiz_TUM_2026
15.140.1104	Ø 65 cm çapında, C 25/30 basınç dayanımında yerinde dökme betonarme fore kazık	m	3759.50	Insaat_Analiz_TUM_2026
15.140.1105	Ø 80 cm çapında, C 25/30 basınç dayanımında yerinde dökme betonarme fore kazık	m	4597.91	Insaat_Analiz_TUM_2026
15.140.1106	Ø 80 cm çapında, C 25/30 basınç dayanımında yerinde dökme betonarme fore kazık	m	5053.11	Insaat_Analiz_TUM_2026
15.140.1107	Ø 100 cm çapında, C 25/30 basınç dayanımında yerinde dökme betonarme fore kazık	m	6867.16	Insaat_Analiz_TUM_2026
15.140.1108	Ø 100 cm çapında, C 25/30 basınç dayanımında yerinde dökme betonarme fore kazık	m	7670.36	Insaat_Analiz_TUM_2026
15.140.1109	Ø 120 cm çapında, C 25/30 basınç dayanımında yerinde dökme betonarme fore kazık	m	9482.38	Insaat_Analiz_TUM_2026
15.140.1110	Ø 120 cm çapında, C 25/30 basınç dayanımında yerinde dökme betonarme fore kazık	m	10629.83	Insaat_Analiz_TUM_2026
15.140.1111	Ø 165 cm çapında, C 25/30 basınç dayanımında yerinde dökme betonarme fore kazık	m	15839.10	Insaat_Analiz_TUM_2026
15.140.1112	Ø 165 cm çapında, C 25/30 basınç dayanımında yerinde dökme betonarme fore kazık	m	18133.99	Insaat_Analiz_TUM_2026
15.140.1201	Ø 30 cm çapında, her boyda, C 30/37 basınç dayanımında yerinde dökme betonarme fore	m	1587.28	Insaat_Analiz_TUM_2026
15.140.1202	Ø 45 cm çapında, her boyda, C 30/37 basınç dayanımında yerinde dökme betonarme fore	m	2094.80	Insaat_Analiz_TUM_2026
15.140.1203	Ø 65 cm çapında, C 30/37 basınç dayanımında yerinde dökme betonarme fore kazık	m	3531.38	Insaat_Analiz_TUM_2026
15.140.1204	Ø 65 cm çapında, C 30/37 basınç dayanımında yerinde dökme betonarme fore kazık	m	3804.50	Insaat_Analiz_TUM_2026
15.140.1205	Ø 80 cm çapında, C 30/37 basınç dayanımında yerinde dökme betonarme fore kazık	m	4666.66	Insaat_Analiz_TUM_2026
15.140.1206	Ø 80 cm çapında, C 30/37 basınç dayanımında yerinde dökme betonarme fore kazık	m	5121.86	Insaat_Analiz_TUM_2026
15.140.1207	Ø 100 cm çapında, C 30/37 basınç dayanımında yerinde dökme betonarme fore kazık	m	6974.66	Insaat_Analiz_TUM_2026
15.140.1208	Ø 100 cm çapında, C 30/37 basınç dayanımında yerinde dökme betonarme fore kazık	m	7777.86	Insaat_Analiz_TUM_2026
15.140.1209	Ø 120 cm çapında, C 30/37 basınç dayanımında yerinde dökme betonarme fore kazık	m	9637.38	Insaat_Analiz_TUM_2026
15.140.1210	Ø 120 cm çapında, C 30/37 basınç dayanımında yerinde dökme betonarme fore kazık	m	10784.83	Insaat_Analiz_TUM_2026
15.140.1211	Ø 165 cm çapında, C 30/37 basınç dayanımında yerinde dökme betonarme fore kazık	m	16132.85	Insaat_Analiz_TUM_2026
15.140.1212	Ø 165 cm çapında, C 30/37 basınç dayanımında yerinde dökme betonarme fore kazık	m	18427.74	Insaat_Analiz_TUM_2026
15.145.1001	Dikey basınç değeri 0-1 Mpa arası zemin için, grab makinesi ile, hertürlü ölçüde, C30/35 basınç dayanımımda yerinde dökme beton ile diyafram duvar yapılması (0,00 - 36,00 m	m³	7507.43	Insaat_Analiz_TUM_2026
15.145.1002	Dikey basınç değeri 0-1 Mpa arası zemin için, grab makinesi ile, hertürlü ölçüde, C30/35 basınç dayanımımda yerinde dökme beton ile diyafram duvar yapılması (36,00 - 72,00 m	m³	9620.55	Insaat_Analiz_TUM_2026
15.145.1003	Dikey basınç değeri 0-1 Mpa arası zemin için, hidrofreze makinesi ile, her türlü ölçüde,	m³	9620.55	Insaat_Analiz_TUM_2026
15.145.1004	Dikey basınç değeri 0-1 Mpa arası zemin için, hidrofreze makinesi ile, her türlü ölçüde,	m³	12004.03	Insaat_Analiz_TUM_2026
15.145.1005	Dikey basınç değeri 0-1 Mpa arası zemin için, hidrofreze makinesi ile, her türlü ölçüde,	m³	9620.55	Insaat_Analiz_TUM_2026
15.145.1006	Dikey basınç değeri 1-2 Mpa arası zemin için, grab makinesi ile, hertürlü ölçüde, C30/35 basınç dayanımımda yerinde dökme beton ile diyafram duvar yapılması (0,00 - 36,00 m	m³	9620.55	Insaat_Analiz_TUM_2026
15.145.1007	Dikey basınç değeri 1-2 Mpa arası zemin için, grab makinesi ile, hertürlü ölçüde, C30/35 basınç dayanımımda yerinde dökme beton ile diyafram duvar yapılması (36,00 - 72,00 m	m³	13001.55	Insaat_Analiz_TUM_2026
15.145.1008	Dikey basınç değeri 1-20 Mpa arası zemin için, hidrofreze makinesi ile, hertürlü ölçüde,	m³	16198.69	Insaat_Analiz_TUM_2026
15.145.1009	Dikey basınç değeri 1-20 Mpa arası zemin için, hidrofreze makinesi ile, hertürlü ölçüde,	m³		Insaat_Analiz_TUM_2026
15.145.1010	Dikey basınç değeri 1-20 Mpa arası zemin için, hidrofreze makinesi ile, hertürlü ölçüde,	m³		Insaat_Analiz_TUM_2026
15.145.1011	Dikey basınç değeri 20-60 Mpa arası zemin için, hidrofreze makinesi ile, hertürlü ölçüde,	m³	45561.26	Insaat_Analiz_TUM_2026
15.145.1012	Dikey basınç değeri 20-60 Mpa arası zemin için, hidrofreze makinesi ile, hertürlü ölçüde,	m³		Insaat_Analiz_TUM_2026
15.145.1013	Dikey basınç değeri 20-60 Mpa arası zemin için, hidrofreze makinesi ile, hertürlü ölçüde,	m³		Insaat_Analiz_TUM_2026
15.145.1014	Dikey basınç değeri 60 Mpa ve üzeri zemin için, hidrofreze makinesi ile, hertürlü ölçüde,	m³	3399.35	Insaat_Analiz_TUM_2026
15.145.1015	Dikey basınç değeri 60 Mpa ve üzeri zemin için, hidrofreze makinesi ile, hertürlü ölçüde,	m³	3649.35	Insaat_Analiz_TUM_2026
15.145.1016	Dikey basınç değeri 60 Mpa ve üzeri zemin için, hidrofreze makinesi ile, hertürlü ölçüde,	m³		Insaat_Analiz_TUM_2026
15.150.1001	Beton santralinde üretilen veya satın alınan ve beton pompasıyla basılan, C 8/10 basınç	m³	2964.43	Insaat_Analiz_TUM_2026
15.150.1002	Beton santralinde üretilen veya satın alınan ve beton pompasıyla basılan, C 12/15 basınç	m³	3089.43	Insaat_Analiz_TUM_2026
15.150.1003	Beton santralinde üretilen veya satın alınan ve beton pompasıyla basılan, C 16/20 basınç	m³	3274.35	Insaat_Analiz_TUM_2026
15.150.1004	Beton santralinde üretilen veya satın alınan ve beton pompasıyla basılan, C 20/25 basınç	m³	3399.35	Insaat_Analiz_TUM_2026
15.150.1005	Beton santralinde üretilen veya satın alınan ve beton pompasıyla basılan, C 25/30 basınç	m³	3524.35	Insaat_Analiz_TUM_2026
15.150.1006	Beton santralinde üretilen veya satın alınan ve beton pompasıyla basılan, C 30/37 basınç	m³	3649.35	Insaat_Analiz_TUM_2026
15.150.1007	Beton santralinde üretilen veya satın alınan ve beton pompasıyla basılan, C 35/45 basınç	m³	3836.85	Insaat_Analiz_TUM_2026
15.150.1008	Beton santralinde üretilen veya satın alınan ve beton pompasıyla basılan, C 40/50 basınç	m³	3961.85	Insaat_Analiz_TUM_2026
15.150.1009	Beton santralinde üretilen veya satın alınan ve beton pompasıyla basılan, C 45/55 basınç	m³	4086.85	Insaat_Analiz_TUM_2026
15.150.1010	Beton santralinde üretilen veya satın alınan ve beton pompasıyla basılan, C 50/60 basınç	m³	4211.85	Insaat_Analiz_TUM_2026
15.150.1101	Beton santralinde üretilen veya satın alınan ve beton pompasıyla basılan, C 8/10 basınç	m³	3495.68	Insaat_Analiz_TUM_2026
15.150.1102	Beton santralinde üretilen veya satın alınan ve beton pompasıyla basılan, C 12/15 basınç	m³	3620.68	Insaat_Analiz_TUM_2026
15.150.1103	Beton santralinde üretilen veya satın alınan ve beton pompasıyla basılan, C 16/20 basınç	m³	3836.85	Insaat_Analiz_TUM_2026
15.150.1104	Beton santralinde üretilen veya satın alınan ve beton pompasıyla basılan, C 20/25 basınç	m³	3961.85	Insaat_Analiz_TUM_2026
15.150.1105	Beton santralinde üretilen veya satın alınan ve beton pompasıyla basılan, C 25/30 basınç	m³	4086.85	Insaat_Analiz_TUM_2026
15.150.1106	Beton santralinde üretilen veya satın alınan ve beton pompasıyla basılan, C 30/37 basınç	m³	4461.85	Insaat_Analiz_TUM_2026
15.150.1107	Beton santralinde üretilen veya satın alınan ve beton pompasıyla basılan, C 35/45 basınç	m³	4774.35	Insaat_Analiz_TUM_2026
15.150.1108	Beton santralinde üretilen veya satın alınan ve beton pompasıyla basılan, C 40/50 basınç	m³	5149.35	Insaat_Analiz_TUM_2026
15.150.1109	Beton santralinde üretilen veya satın alınan ve beton pompasıyla basılan, C 45/55 basınç	m³	5461.85	Insaat_Analiz_TUM_2026
15.150.1110	Beton santralinde üretilen veya satın alınan ve beton pompasıyla basılan, C 50/60 basınç	m³	5836.85	Insaat_Analiz_TUM_2026
15.150.5001	Silindir ile Sıkıştırılmış Beton Yollar için hazırlanan beton harcının temini, finişer ile	m³		Insaat_Analiz_TUM_2026
15.150.5002	Yüksek Sıkıştırma Özelliğine Sahip Finişer ile silindir ile sıkıştırılmış beton yollar için	m³	4171.64	Insaat_Analiz_TUM_2026
15.150.5101	Kayar Kalıplı Beton Finişeri ile Yol Betonu Serilmesi (C30/37 Beton Dayanım Sınıfında)	m³		Insaat_Analiz_TUM_2026
15.150.5102	Kayar Kalıplı Beton Finişeri ile Yol Betonu Serilmesi (C35/40 Beton Dayanım Sınıfında)	m³	5357.55	Insaat_Analiz_TUM_2026
15.150.5103	Kayar Kalıplı Beton Finişeri ile Yol Betonu Serilmesi (C40/50 Beton Dayanım Sınıfında)	m³	5545.05	Insaat_Analiz_TUM_2026
15.150.5112	Beton Yol Yüzeyinin Kürlenmesi, Perdahlanması ve Pürüzlendirilmesi (Yüzey Kürleme,	m²	139.31	Insaat_Analiz_TUM_2026
15.155.1007	12 cm kalınlığında önyapımlı öngerilmeli boşluklu beton bölme (duvar) elemanları ile duvar	m²	1966.90	Insaat_Analiz_TUM_2026
15.155.1008	16 cm kalınlığında önyapımlı öngerilmeli boşluklu beton bölme (duvar) elemanları ile duvar	m²	2094.40	Insaat_Analiz_TUM_2026
15.155.1011	12 cm kalınlığında önyapımlı, öngerilmeli, boşluklu, taşıyıcı beton döşeme elemanları ile	m²	2110.09	Insaat_Analiz_TUM_2026
15.155.1012	16 cm kalınlığında önyapımlı, öngerilmeli, boşluklu, taşıyıcı beton döşeme elemanları ile	m²	2309.19	Insaat_Analiz_TUM_2026
15.155.1013	20 cm kalınlığında önyapımlı, öngerilmeli, boşluklu, taşıyıcı beton döşeme elemanları ile	m²	2575.54	Insaat_Analiz_TUM_2026
15.155.1014	20 cm kalınlığında önyapımlı, öngerilmeli, boşluklu, ağır taşıyıcı beton döşeme elemanları ile	m²	2703.04	Insaat_Analiz_TUM_2026
15.155.1015	24 cm kalınlığında önyapımlı, öngerilmeli, boşluklu taşıyıcı beton döşeme elemanları ile	m²	3081.03	Insaat_Analiz_TUM_2026
15.155.1016	24 cm kalınlığında önyapımlı öngerilmeli boşluklu ağır taşıyıcı beton döşeme elemanları ile	m²	3399.78	Insaat_Analiz_TUM_2026
15.160.1002			44531.25	Ana_BF_2026
15.160.1003	Ø 8 - Ø 12 mm nervürlü beton çelik çubuğu, çubukların kesilmesi, bükülmesi ve yerine	Ton	46482.43	Insaat_Analiz_TUM_2026
15.160.1004	Ø 14 - Ø 28 mm nervürlü beton çelik çubuğu, çubukların kesilmesi, bükülmesi ve yerine	Ton	44681.18	Insaat_Analiz_TUM_2026
15.160.1005	Ø 28 mm den büyük nervürlü beton çelik çubuğu, çubukların kesilmesi, bükülmesi ve yerine	Ton	43749.93	Insaat_Analiz_TUM_2026
15.165.1001	Her türlü profil demirlerin münferit veya birleşik olarak hazırlanması ve yerine tespit edilmesi (aşık olarak yapılan mertekler, hurdi döşemeler, mütemadi kirişler, basit olarak	Ton	85414.38	Insaat_Analiz_TUM_2026
15.165.1002	Profil demirlerinden çatı makası yapılması ve yerine konulması.	Ton	92835.66	Insaat_Analiz_TUM_2026
15.165.1003	Her çeşit profil, çelik çubuk ve çelik saçlarla karkas, (çerçeve) inşaat yapılması, yerine tespiti	Ton	85943.51	Insaat_Analiz_TUM_2026
15.180.1001	Ahşaptan seri kalıp yapılması	m²	331.63	Insaat_Analiz_TUM_2026
15.180.1002	Ahşaptan düz yüzeyli beton ve betonarme kalıbı yapılması	m²	873.03	Insaat_Analiz_TUM_2026
15.180.1003	Plywood ile düz yüzeyli betonarme kalıbı yapılması	m²	1028.33	Insaat_Analiz_TUM_2026
15.180.1004	Sac ile eğri yüzeyli beton ve betonarme kalıbı yapılması	m²	983.15	Insaat_Analiz_TUM_2026
15.180.1007	Tünel kalıp sistemi ile betonarme kalıp yapılması	m²	1063.14	Insaat_Analiz_TUM_2026
15.185.1005	Çelik borudan kalıp iskelesi yapılması (0,00-4,00 m arası)	m³	127.75	Insaat_Analiz_TUM_2026
15.185.1006	Çelik borudan kalıp iskelesi yapılması (4,01-6,00 m arası)	m³	147.68	Insaat_Analiz_TUM_2026
15.185.1007	Çelik borudan kalıp iskelesi yapılması (6,01-8,00m arası)	m³	167.61	Insaat_Analiz_TUM_2026
15.185.1008	Çelik borudan kalıp iskelesi yapılması 8,01-10,00m arası)	m³	187.55	Insaat_Analiz_TUM_2026
15.185.1021	Ön Yapımlı Bileşenlerden Oluşan Tam Güvenlikli Dış Cephe İskelesi Yapılması (3,01-51,00	m²	202.44	Insaat_Analiz_TUM_2026
15.185.1022	Ön Yapımlı Bileşenlerden Oluşan Tam Güvenlikli Dış Cephe İskelesi Yapılması (51,01 m	m²	256.81	Insaat_Analiz_TUM_2026
15.185.1023	Ön Yapımlı Bileşenlerden Oluşan Tam Güvenlikli Dış Cephe İskelesi Yapılması (3,01-51,00	m²	234.31	Insaat_Analiz_TUM_2026
15.185.1024	Ön Yapımlı Bileşenlerden Oluşan Tam Güvenlikli Dış Cephe İskelesi Yapılması (51,01 m	m²	234.31	Insaat_Analiz_TUM_2026
15.185.1031	Ön Yapımlı Bileşenlerden Oluşan Tam Güvenlikli Tavanlar İçin İş İskelesi	m3	245.56	Insaat_Analiz_TUM_2026
15.185.1032	Ön Yapımlı Bileşenlerden Oluşan Tam Güvenlikli Tavanlar İçin İş İskelesi Yapılması(21,51	m3	288.69	Insaat_Analiz_TUM_2026
15.185.1041	Güvenlik Ağı Yapılması Sistem T (TS EN 1263-1)	m²	38.60	Insaat_Analiz_TUM_2026
15.185.1042	Güvenlik Ağı Yapılması (Sistem S ve Sistem U) TS EN 1263-1	m²	38.60	Insaat_Analiz_TUM_2026
15.190.1001	Bazalt agregalı (gri) yüzey sertlestirici ve kür uygulaması (taze betonda)	m²	176.13	Insaat_Analiz_TUM_2026
15.190.1002	Kuvars agregalı (gri) yüzey sertlestirici ve kür uygulaması (taze betonda)	m²	179.25	Insaat_Analiz_TUM_2026
15.190.1003	Kuvars-Korund agregalı (gri) yüzey sertlestirici ve kür uygulaması (taze betonda)	m²	194.88	Insaat_Analiz_TUM_2026
15.190.1004	Korund agregalı (gri) yüzey sertlestirici ve kür uygulaması (taze betonda)	m²	207.38	Insaat_Analiz_TUM_2026
15.190.1005	4mm genislik ve 40 mm derinlikte derz kesimi yapılması ve polietilen fitil ve poliüretan derz	m	104.90	Insaat_Analiz_TUM_2026
15.190.1006	Yeni beton yüzeylere kür yapılması (Saha Betonu)	m²	36.38	Insaat_Analiz_TUM_2026
15.190.1007	Çimento esaslı kendiliğinden yerleşen (self leveling) harç ile ortalama 2mm kalınlıkta zemin	m²	197.71	Insaat_Analiz_TUM_2026
15.190.1008	Silindir ile Sıkıştrılmış Beton Yollarda Parafinik Esaslı Kür Malzemesi ile Kür Yapılması	m²	57.25	Insaat_Analiz_TUM_2026
15.190.1009	Silindir ile Sıkıştrılmış Beton Yollarda Akrilik Esaslı Kür Malzemesi ile Kür Yapılması	m²	60.75	Insaat_Analiz_TUM_2026
15.190.1010	Silindir ile Sıkıştrılmış Beton Yollarda Su ile Kür Yapılması                             1000	m²	60.75	Insaat_Analiz_TUM_2026
15.190.1011	Silindir ile Sıkıştrılmış Beton Yollarda Beton Kalınlığının 1/3 - 1/4 ü oranında Derz	m	34.26	Insaat_Analiz_TUM_2026
15.190.1012	2,5 mm kalınlıkta, self leveling Poliüretan esaslı zemin kaplaması yapılması	m²	2123.96	Insaat_Analiz_TUM_2026
15.190.1013	2,5 mm kalınlıkta, self leveling Poliüretan esaslı, zemin kaplaması yapılması (ESD yüzey	m²	2659.09	Insaat_Analiz_TUM_2026
15.190.1014	2,5 mm kalınlıkta self leveling Epoksi esaslı zemin kaplaması yapılması	m²	1551.71	Insaat_Analiz_TUM_2026
15.190.1015	Poliüretan esaslı zemin kaplaması üzerine su bazlı, solventsiz, düşük emisyonlu,	m²	231.25	Insaat_Analiz_TUM_2026
15.190.1016	Poliüretan esaslı - ESD yüzey (statik elektriği yüzeyde tutmayıp, toprağa ileten yüzey) zemin	m²	460.63	Insaat_Analiz_TUM_2026
15.190.1017	Epoksi esaslı zemin kaplamalar üzeri poliüretan esaslı, UV dayanımlı, renkli, elastik, mat	m²	214.25	Insaat_Analiz_TUM_2026
15.190.1018	Poliürea esaslı zemin kaplaması üzerine, poliüretan esaslı, tek bileşenli, solventli, UV	m²	320.00	Insaat_Analiz_TUM_2026
15.190.1019	Alçı esaslı kendiliğinden yerleşen harç ile ortalama 2 mm kalınlıkta zemin tesviyesi yapılması	m²	176.09	Insaat_Analiz_TUM_2026
15.195.1001	Ø200 mm iç çaplı 30-40 mm kalınlığında 1500 mm uzunluğunda entegre contalı beton boru	m	738.99	Insaat_Analiz_TUM_2026
15.195.1002	Ø300 mm iç çaplı 45-50 mm kalınlığında 1500 mm uzunluğunda entegre contalı beton boru	m	913.99	Insaat_Analiz_TUM_2026
15.195.1003	Ø400 mm iç çaplı 45-55 mm kalınlığında 1500 mm uzunluğunda entegre contalı beton boru	m	1176.49	Insaat_Analiz_TUM_2026
15.195.1004	Ø1000 mm iç çaplı 110-115 mm kalınlığında 2000 mm uzunluğunda entegre contalı	m	5131.49	Insaat_Analiz_TUM_2026
15.200.1001	Bodrum perdelerinde su yalıtımı ve izolasyon pimi ile uygulanmış ısı yalıtımı üzerine HDPE	m²	110.00	Insaat_Analiz_TUM_2026
15.200.1002	Bodrum perdelerinde su yalıtımı ve izolasyon pimi ile uygulanmış ısı yalıtımı üzerine HDPE	m²	133.63	Insaat_Analiz_TUM_2026
15.200.1003	Bodrum perdelerinde su yalıtımı ve izolasyon pimi ile uygulanmış ısı yalıtımı üzerine HDPE	m²	158.56	Insaat_Analiz_TUM_2026
15.200.1004	Bodrum perdelerinde su yalıtımı üzerine HDPE esaslı drenaj ve koruma levhası temini ve	m²	130.31	Insaat_Analiz_TUM_2026
15.200.1005	Bodrum perdelerinde su yalıtımı üzerine HDPE esaslı drenaj ve koruma levhası temini ve	m²	153.94	Insaat_Analiz_TUM_2026
15.200.1006	Bodrum perdelerinde su yalıtımı üzerine HDPE esaslı drenaj ve koruma levhası temini ve	m²	178.88	Insaat_Analiz_TUM_2026
15.204.1001	Ø 100 mm anma çaplı, PVC esaslı koruge drenaj borusunun temini ve yerine döşenmesi	m	56.00	Insaat_Analiz_TUM_2026
15.204.1002	Ø 125 mm anma çaplı, PVC esaslı koruge drenaj borusunun temini ve yerine döşenmesi	m	84.75	Insaat_Analiz_TUM_2026
15.204.1003	Ø 160 mm anma çaplı, PVC esaslı koruge drenaj borusunun temini ve yerine döşenmesi	m	122.25	Insaat_Analiz_TUM_2026
15.204.1004	Ø 200 mm anma çaplı, PVC esaslı koruge drenaj borusunun temini ve yerine döşenmesi	m	166.00	Insaat_Analiz_TUM_2026
15.210.1005	Ocak taşı ile 200 dozlu çimento harçlı kargir inşaat yapılması	m³	2384.78	Insaat_Analiz_TUM_2026
15.210.1006	Ocaktan çaplanmış moloz taşı ile 200 dozlu çimento harçlı kargir inşaat yapılması	m³	3911.66	Insaat_Analiz_TUM_2026
15.220.1011	85 mm kalınlığında yatay delikli tuğla (190 x 85 x 190 mm) ile duvar yapılması	m²	730.71	Insaat_Analiz_TUM_2026
15.220.1012	100 mm kalınlığında yatay delikli tuğla (200 x 100 x 200 mm) ile duvar yapılması	m²	753.39	Insaat_Analiz_TUM_2026
15.220.1013	120 mm kalınlığında yatay delikli tuğla (250 x 120 x 200 mm) ile duvar yapılması	m²	782.56	Insaat_Analiz_TUM_2026
15.220.1014	135 mm kalınlığında yatay delikli tuğla (190 x 135 x 190 mm) ile duvar yapılması	m²	808.01	Insaat_Analiz_TUM_2026
15.220.1015	190 mm kalınlığında yatay delikli tuğla (190 x 190 x 135 mm) ile duvar yapılması	m²	922.59	Insaat_Analiz_TUM_2026
15.220.1016	200 mm kalınlığında yatay delikli tuğla (250 x 200 x 250 mm) ile duvar yapılması	m²	993.88	Insaat_Analiz_TUM_2026
15.220.1017	240 mm kalınlığında yatay delikli tuğla (235 x 240 x 135 mm) ile duvar yapılması	m²	1110.73	Insaat_Analiz_TUM_2026
15.220.1018	250 mm kalınlığında yatay delikli tuğla (240 x 250 x 190 mm) ile duvar yapılması	m²	1119.96	Insaat_Analiz_TUM_2026
15.220.1121	115 mm kalınlığında düşey delikli tuğla (240 x 115 x 235 mm) ile duvar yapılması (W Sınıfı -	m²	902.01	Insaat_Analiz_TUM_2026
15.220.1122	115 mm kalınlığında düşey delikli tuğla (240 x 145 x 235 mm) ile duvar yapılması (W Sınıfı -	m²	993.16	Insaat_Analiz_TUM_2026
15.220.1123	175 mm kalınlığında düşey delikli tuğla (240 x 175 x 235 mm) ile duvar yapılması (W Sınıfı -	m²	1092.83	Insaat_Analiz_TUM_2026
15.220.1124	190 mm kalınlığında düşey delikli tuğla (290 x 190 x 235 mm) ile duvar yapılması (W Sınıfı -	m²	1143.70	Insaat_Analiz_TUM_2026
15.220.1125	240 mm kalınlığında düşey delikli tuğla (240 x 240 x 235 mm) ile duvar yapılması (W Sınıfı -	m²	1330.38	Insaat_Analiz_TUM_2026
15.220.1126	250 mm kalınlığında düşey delikli tuğla (240 x 250 x 235 mm) ile duvar yapılması (W Sınıfı -	m²	1367.31	Insaat_Analiz_TUM_2026
15.220.1127	300 mm kalınlığında düşey delikli tuğla (240 x 300 x 235 mm) ile duvar yapılması (W Sınıfı -	m²	1531.19	Insaat_Analiz_TUM_2026
15.220.1211	190 mm kalınlığında düşey delikli tuğla (290 x 190 x 135 mm) ile duvar yapılması (AB Sınıfı -	m²	1044.44	Insaat_Analiz_TUM_2026
15.220.1212	240 mm kalınlığında düşey delikli tuğla (290 x 240 x 190 mm) ile duvar yapılması (AB Sınıfı -	m²	1151.13	Insaat_Analiz_TUM_2026
15.220.1213	290 mm kalınlığında düşey delikli tuğla (240 x 290 x 190 mm) ile duvar yapılması (AB Sınıfı -	m²	1315.29	Insaat_Analiz_TUM_2026
15.220.1214	390 mm kalınlığında düşey delikli tuğla (190 x 390 x 190 mm) ile duvar yapılması (AB Sınıfı -	m²	1578.20	Insaat_Analiz_TUM_2026
15.220.1311	90 mm kalınlığında düşey delikli dış cephe tuğlası (190 x 90 x 50 mm) ile duvar yapılması	m²	2048.70	Insaat_Analiz_TUM_2026
15.220.1312	102 mm kalınlığında düşey delikli dış cephe tuğlası (215 x 102 x 65 mm) ile duvar yapılması	m²	2549.88	Insaat_Analiz_TUM_2026
15.220.1411	190 mm kalınlığında düşey delikli tuğla (290 x 190 x 135 mm) ile duvar yapılması	m²	1134.44	Insaat_Analiz_TUM_2026
15.220.1412	290 mm kalınlığında düşey delikli tuğla (190 x 290 x 135 mm) ile duvar yapılması	m²	1438.94	Insaat_Analiz_TUM_2026
15.220.1461	90 mm kalınlığında dolu harman tuğlası (190 x 90 x 50 mm) ile duvar yapılması	m²	1246.00	Insaat_Analiz_TUM_2026
15.220.1462	90 mm kalınlığında delikli harman tuğlası (190 x 90 x 50 mm) ile duvar yapılması	m²	1246.00	Insaat_Analiz_TUM_2026
15.220.1501	200 mm yüksekliğinde asmolen dolgu tuğlası (200 x 200 x 400 mm) ile asmolen döşeme	m²	816.68	Insaat_Analiz_TUM_2026
15.220.1502	225 mm yüksekliğinde asmolen dolgu tuğlası (225 x 200 x 400 mm) ile asmolen döşeme	m²	905.16	Insaat_Analiz_TUM_2026
15.220.1503	250 mm yüksekliğinde asmolen dolgu tuğlası (250 x 200 x 400 mm) ile asmolen döşeme	m²	991.18	Insaat_Analiz_TUM_2026
15.220.1504	275 mm yüksekliğinde asmolen dolgu tuğlası (275 x 200 x 400 mm) ile asmolen döşeme	m²	1085.39	Insaat_Analiz_TUM_2026
15.220.1505	300 mm yüksekliğinde asmolen dolgu tuğlası (300 x 200 x 400 mm) ile asmolen döşeme	m²	1163.20	Insaat_Analiz_TUM_2026
15.220.1506	325 mm yüksekliğinde asmolen dolgu tuğlası (325 x 200 x 400 mm) ile asmolen döşeme	m²	1257.43	Insaat_Analiz_TUM_2026
15.220.1507	350 mm yüksekliğinde asmolen dolgu tuğlası (350 x 200 x 400 mm) ile asmolen döşeme	m²	1351.64	Insaat_Analiz_TUM_2026
15.220.1612	12 cm - 13,5 cm kalınlıklar arasında teçhizatlı tuğla lentonun temini ve yerine konulması	m	1284.74	Insaat_Analiz_TUM_2026
15.220.1613	14,5 cm - 16 cm kalınlıklar arasında teçhizatlı tuğla lentonun temini ve yerine konulması	m	1336.95	Insaat_Analiz_TUM_2026
15.220.1614	18,5 cm - 20 cm kalınlıklar arasında teçhizatlı tuğla lentonun temini ve yerine konulması	m	1502.96	Insaat_Analiz_TUM_2026
15.220.1615	23,5 cm - 25 cm kalınlıklar arasında teçhizatlı tuğla lentonun temini ve yerine konulması	m	1632.89	Insaat_Analiz_TUM_2026
15.225.1001	7,5 cm kalınlığındaki teçhizatsız gazbeton duvar blokları ile duvar yapılması (gazbeton	m²	624.85	Insaat_Analiz_TUM_2026
15.225.1002	8,5 cm kalınlığındaki teçhizatsız gazbeton duvar blokları ile duvar yapılması (gazbeton	m²	661.86	Insaat_Analiz_TUM_2026
15.225.1003	9 cm kalınlığındaki teçhizatsız gazbeton duvar blokları ile duvar yapılması (gazbeton tutkalı	m²	685.49	Insaat_Analiz_TUM_2026
15.225.1004	10 cm kalınlığındaki teçhizatsız gazbeton duvar blokları ile duvar yapılması (gazbeton	m²	723.73	Insaat_Analiz_TUM_2026
15.225.1005	12,5 cm kalınlığındaki teçhizatsız gazbeton duvar blokları ile duvar yapılması (gazbeton	m²	816.13	Insaat_Analiz_TUM_2026
15.225.1006	13,5 cm kalınlığındaki teçhizatsız gazbeton duvar blokları ile duvar yapılması (gazbeton	m²	854.43	Insaat_Analiz_TUM_2026
15.225.1007	15 cm kalınlığındaki teçhizatsız gazbeton duvar blokları ile duvar yapılması (gazbeton	m²	908.56	Insaat_Analiz_TUM_2026
15.225.1008	17,5 cm kalınlığındaki teçhizatsız gazbeton duvar blokları ile duvar yapılması (gazbeton	m²	1001.01	Insaat_Analiz_TUM_2026
15.225.1009	19 cm kalınlığındaki teçhizatsız gazbeton duvar blokları ile duvar yapılması (gazbeton	m²	1061.58	Insaat_Analiz_TUM_2026
15.225.1010	20 cm kalınlığındaki teçhizatsız gazbeton duvar blokları ile duvar yapılması (gazbeton	m²	1106.28	Insaat_Analiz_TUM_2026
15.225.1011	22,5 cm kalınlığındaki teçhizatsız gazbeton duvar blokları ile duvar yapılması (gazbeton	m²	1198.73	Insaat_Analiz_TUM_2026
15.225.1012	25 cm kalınlığındaki teçhizatsız gazbeton duvar blokları ile duvar yapılması (gazbeton	m²	1291.10	Insaat_Analiz_TUM_2026
15.225.1013	27,5 cm kalınlığındaki teçhizatsız gazbeton duvar blokları ile duvar yapılması (gazbeton	m²	1386.73	Insaat_Analiz_TUM_2026
15.225.1014	30 cm kalınlığındaki teçhizatsız gazbeton duvar blokları ile duvar yapılması (gazbeton	m²	1482.38	Insaat_Analiz_TUM_2026
15.225.1015	32,5 cm kalınlığındaki teçhizatsız gazbeton duvar blokları ile duvar yapılması (gazbeton	m²	1578.05	Insaat_Analiz_TUM_2026
15.225.1016	35 cm kalınlığındaki teçhizatsız gazbeton duvar blokları ile duvar yapılması (gazbeton	m²	1673.84	Insaat_Analiz_TUM_2026
15.225.1051	7,5 cm kalınlığındaki teçhizatsız gazbeton duvar blokları ile duvar yapılması (gazbeton	m²	684.71	Insaat_Analiz_TUM_2026
15.225.1052	8,5 cm kalınlığındaki teçhizatsız gazbeton duvar blokları ile duvar yapılması (gazbeton	m²	726.63	Insaat_Analiz_TUM_2026
15.225.1053	9 cm kalınlığındaki teçhizatsız gazbeton duvar blokları ile duvar yapılması (gazbeton tutkalı	m²	750.83	Insaat_Analiz_TUM_2026
15.225.1054	10 cm kalınlığındaki teçhizatsız gazbeton duvar blokları ile duvar yapılması (gazbeton	m²	792.74	Insaat_Analiz_TUM_2026
15.225.1055	12,5 cm kalınlığındaki teçhizatsız gazbeton duvar blokları ile duvar yapılması (gazbeton	m²	894.40	Insaat_Analiz_TUM_2026
15.225.1056	13,5 cm kalınlığındaki teçhizatsız gazbeton duvar blokları ile duvar yapılması (gazbeton	m²	936.31	Insaat_Analiz_TUM_2026
15.225.1057	15 cm kalınlığındaki teçhizatsız gazbeton duvar blokları ile duvar yapılması (gazbeton	m²	995.99	Insaat_Analiz_TUM_2026
15.225.1058	17,5 cm kalınlığındaki teçhizatsız gazbeton duvar blokları ile duvar yapılması (gazbeton	m²	1097.65	Insaat_Analiz_TUM_2026
15.225.1059	19 cm kalınlığındaki teçhizatsız gazbeton duvar blokları ile duvar yapılması (gazbeton	m²	1163.83	Insaat_Analiz_TUM_2026
15.225.1060	20 cm kalınlığındaki teçhizatsız gazbeton duvar blokları ile duvar yapılması (gazbeton	m²	1212.24	Insaat_Analiz_TUM_2026
15.225.1061	22,5 cm kalınlığındaki teçhizatsız gazbeton duvar blokları ile duvar yapılması (gazbeton	m²	1313.96	Insaat_Analiz_TUM_2026
15.225.1062	25 cm kalınlığındaki teçhizatsız gazbeton duvar blokları ile duvar yapılması (gazbeton	m²	1415.68	Insaat_Analiz_TUM_2026
15.225.1063	27,5 cm kalınlığındaki teçhizatsız gazbeton duvar blokları ile duvar yapılması (gazbeton	m²	1520.24	Insaat_Analiz_TUM_2026
15.225.1064	30 cm kalınlığındaki teçhizatsız gazbeton duvar blokları ile duvar yapılması (gazbeton	m²	1625.03	Insaat_Analiz_TUM_2026
15.225.1065	32,5 cm kalınlığındaki teçhizatsız gazbeton duvar blokları ile duvar yapılması (gazbeton	m²	1729.85	Insaat_Analiz_TUM_2026
15.225.1066	35 cm kalınlığındaki teçhizatsız gazbeton duvar blokları ile duvar yapılması (gazbeton	m²	1834.78	Insaat_Analiz_TUM_2026
15.225.1101	7,5 cm kalınlığındaki teçhizatsız gazbeton duvar blokları ile duvar yapılması (gazbeton	m²	731.59	Insaat_Analiz_TUM_2026
15.225.1102	8,5 cm kalınlığındaki teçhizatsız gazbeton duvar blokları ile duvar yapılması (gazbeton	m²	775.49	Insaat_Analiz_TUM_2026
15.225.1103	9 cm kalınlığındaki teçhizatsız gazbeton duvar blokları ile duvar yapılması (gazbeton tutkalı	m²	800.59	Insaat_Analiz_TUM_2026
15.225.1104	10 cm kalınlığındaki teçhizatsız gazbeton duvar blokları ile duvar yapılması (gazbeton	m²	844.50	Insaat_Analiz_TUM_2026
15.225.1105	12,5 cm kalınlığındaki teçhizatsız gazbeton duvar blokları ile duvar yapılması (gazbeton	m²	950.99	Insaat_Analiz_TUM_2026
15.225.1106	13,5 cm kalınlığındaki teçhizatsız gazbeton duvar blokları ile duvar yapılması (gazbeton	m²	994.89	Insaat_Analiz_TUM_2026
15.225.1107	15 cm kalınlığındaki teçhizatsız gazbeton duvar blokları ile duvar yapılması (gazbeton	m²	1057.53	Insaat_Analiz_TUM_2026
15.225.1108	17,5 cm kalınlığındaki teçhizatsız gazbeton duvar blokları ile duvar yapılması (gazbeton	m²	1163.95	Insaat_Analiz_TUM_2026
15.225.1109	19 cm kalınlığındaki teçhizatsız gazbeton duvar blokları ile duvar yapılması (gazbeton	m²	1233.09	Insaat_Analiz_TUM_2026
15.225.1110	20 cm kalınlığındaki teçhizatsız gazbeton duvar blokları ile duvar yapılması (gazbeton	m²	1283.43	Insaat_Analiz_TUM_2026
15.225.1111	22,5 cm kalınlığındaki teçhizatsız gazbeton duvar blokları ile duvar yapılması (gazbeton	m²	1389.93	Insaat_Analiz_TUM_2026
15.225.1112	25 cm kalınlığındaki teçhizatsız gazbeton duvar blokları ile duvar yapılması (gazbeton	m²	1496.53	Insaat_Analiz_TUM_2026
15.225.1113	27,5 cm kalınlığındaki teçhizatsız gazbeton duvar blokları ile duvar yapılması (gazbeton	m²	1606.24	Insaat_Analiz_TUM_2026
15.225.1114	30 cm kalınlığındaki teçhizatsız gazbeton duvar blokları ile duvar yapılması (gazbeton	m²	1715.93	Insaat_Analiz_TUM_2026
15.225.1115	32,5 cm kalınlığındaki teçhizatsız gazbeton duvar blokları ile duvar yapılması (gazbeton	m²	1825.70	Insaat_Analiz_TUM_2026
15.225.1116	35 cm kalınlığındaki teçhizatsız gazbeton duvar blokları ile duvar yapılması (gazbeton	m²	1935.39	Insaat_Analiz_TUM_2026
15.225.1151	7,5 cm kalınlığındaki teçhizatsız gazbeton duvar blokları ile duvar yapılması (gazbeton	m²	639.65	Insaat_Analiz_TUM_2026
15.225.1152	8,5 cm kalınlığındaki teçhizatsız gazbeton duvar blokları ile duvar yapılması (gazbeton	m²	679.89	Insaat_Analiz_TUM_2026
15.225.1153	9 cm kalınlığındaki teçhizatsız gazbeton duvar blokları ile duvar yapılması (gazbeton tutkalı	m²	703.19	Insaat_Analiz_TUM_2026
15.225.1154	10 cm kalınlığındaki teçhizatsız gazbeton duvar blokları ile duvar yapılması (gazbeton	m²	743.43	Insaat_Analiz_TUM_2026
15.225.1155	12,5 cm kalınlığındaki teçhizatsız gazbeton duvar blokları ile duvar yapılması (gazbeton	m²	840.78	Insaat_Analiz_TUM_2026
15.225.1156	13,5 cm kalınlığındaki teçhizatsız gazbeton duvar blokları ile duvar yapılması (gazbeton	m²	881.01	Insaat_Analiz_TUM_2026
15.225.1157	15 cm kalınlığındaki teçhizatsız gazbeton duvar blokları ile duvar yapılması (gazbeton	m²	938.11	Insaat_Analiz_TUM_2026
15.225.1158	17,5 cm kalınlığındaki teçhizatsız gazbeton duvar blokları ile duvar yapılması (gazbeton	m²	1035.46	Insaat_Analiz_TUM_2026
15.225.1159	19 cm kalınlığındaki teçhizatsız gazbeton duvar blokları ile duvar yapılması (gazbeton	m²	1099.06	Insaat_Analiz_TUM_2026
15.225.1160	20 cm kalınlığındaki teçhizatsız gazbeton duvar blokları ile duvar yapılması (gazbeton	m²	1145.66	Insaat_Analiz_TUM_2026
15.225.1161	22,5 cm kalınlığındaki teçhizatsız gazbeton duvar blokları ile duvar yapılması (gazbeton	m²	1243.01	Insaat_Analiz_TUM_2026
15.225.1162	25 cm kalınlığındaki teçhizatsız gazbeton duvar blokları ile duvar yapılması (gazbeton	m²	1340.35	Insaat_Analiz_TUM_2026
15.225.1163	27,5 cm kalınlığındaki teçhizatsız gazbeton duvar blokları ile duvar yapılması (gazbeton	m²	1440.93	Insaat_Analiz_TUM_2026
15.225.1164	30 cm kalınlığındaki teçhizatsız gazbeton duvar blokları ile duvar yapılması (gazbeton	m²	1541.48	Insaat_Analiz_TUM_2026
15.225.1165	32,5 cm kalınlığındaki teçhizatsız gazbeton duvar blokları ile duvar yapılması (gazbeton	m²	1642.04	Insaat_Analiz_TUM_2026
15.225.1166	35 cm kalınlığındaki teçhizatsız gazbeton duvar blokları ile duvar yapılması (gazbeton	m²	1742.59	Insaat_Analiz_TUM_2026
15.225.1301	15 cm yüksekliğindeki gazbeton asmolen blokları ile asmolen döşeme yapılması (2,50 N/mm²	m²	807.89	Insaat_Analiz_TUM_2026
15.225.1302	17,5 cm yüksekliğindeki gazbeton asmolen blokları ile asmolen döşeme yapılması (2,50	m²	927.58	Insaat_Analiz_TUM_2026
15.225.1303	20 cm yüksekliğindeki gazbeton asmolen blokları ile asmolen döşeme yapılması (2,50 N/mm²	m²	1047.19	Insaat_Analiz_TUM_2026
15.225.1304	22,5 cm yüksekliğindeki gazbeton asmolen blokları ile asmolen döşeme yapılması (2,50	m²	1166.88	Insaat_Analiz_TUM_2026
15.225.1305	25 cm yüksekliğindeki gazbeton asmolen blokları ile asmolen döşeme yapılması (2,50 N/mm²	m²	1286.49	Insaat_Analiz_TUM_2026
15.225.1306	27,5 cm yüksekliğindeki gazbeton asmolen blokları ile asmolen döşeme yapılması (2,50	m²	1406.10	Insaat_Analiz_TUM_2026
15.225.1307	30 cm yüksekliğindeki gazbeton asmolen blokları ile asmolen döşeme yapılması (2,50 N/mm²	m²	1525.79	Insaat_Analiz_TUM_2026
15.225.1401	7,5 cm kalınlığındaki teçhizatlı gazbeton lento temini ve yerine konulması (3,50 N/mm² ve	m²	886.94	Insaat_Analiz_TUM_2026
15.225.1402	8,5 cm kalınlığındaki teçhizatlı gazbeton lento temini ve yerine konulması (3,50 N/mm² ve	m²	984.19	Insaat_Analiz_TUM_2026
15.225.1403	9 cm kalınlığındaki teçhizatlı gazbeton lento temini ve yerine konulması (3,50 N/mm² ve 500	m²	1037.38	Insaat_Analiz_TUM_2026
15.225.1404	10 cm kalınlığındaki teçhizatlı gazbeton lento temini ve yerine konulması (3,50 N/mm² ve 500	m²	1134.56	Insaat_Analiz_TUM_2026
15.225.1405	12,5 cm kalınlığındaki teçhizatlı gazbeton lento temini ve yerine konulması (3,50 N/mm² ve	m²	1373.16	Insaat_Analiz_TUM_2026
15.225.1406	13,5 cm kalınlığındaki teçhizatlı gazbeton lento temini ve yerine konulması (3,50 N/mm² ve	m²	1470.51	Insaat_Analiz_TUM_2026
15.225.1407	15 cm kalınlığındaki teçhizatlı gazbeton lento temini ve yerine konulması (3,50 N/mm² ve 500	m²	1620.49	Insaat_Analiz_TUM_2026
15.225.1408	17,5 cm kalınlığındaki teçhizatlı gazbeton lento temini ve yerine konulması (3,50 N/mm² ve	m²	1859.69	Insaat_Analiz_TUM_2026
15.225.1409	19 cm kalınlığındaki teçhizatlı gazbeton lento temini ve yerine konulması (3,50 N/mm² ve 500	m²	2009.93	Insaat_Analiz_TUM_2026
15.225.1410	20 cm kalınlığındaki teçhizatlı gazbeton lento temini ve yerine konulması (3,50 N/mm² ve 500	m²	2116.10	Insaat_Analiz_TUM_2026
15.225.1411	22,5 cm kalınlığındaki teçhizatlı gazbeton lento temini ve yerine konulması (3,50 N/mm² ve	m²	2356.01	Insaat_Analiz_TUM_2026
15.225.1412	25 cm kalınlığındaki teçhizatlı gazbeton lento temini ve yerine konulması (3,50 N/mm² ve 500	m²	2593.44	Insaat_Analiz_TUM_2026
15.225.1413	27,5 cm kalınlığındaki teçhizatlı gazbeton lento temini ve yerine konulması	m²	2836.54	Insaat_Analiz_TUM_2026
15.225.1414	30 cm kalınlığındaki teçhizatlı gazbeton lento temini ve yerine konulması (3,50 N/mm² ve 500	m²	3079.66	Insaat_Analiz_TUM_2026
15.225.1415	32,5 cm kalınlığındaki teçhizatlı gazbeton lento temini ve yerine konulması	m²	3322.86	Insaat_Analiz_TUM_2026
15.225.1416	35 cm kalınlığındaki teçhizatlı gazbeton lento temini ve yerine konulması (3,50 N/mm² ve 500	m²	3565.98	Insaat_Analiz_TUM_2026
15.225.1451	7,5 cm kalınlığındaki teçhizatlı gazbeton lento temini ve yerine konulması (5,00 N/mm² ve	m²	969.15	Insaat_Analiz_TUM_2026
15.225.1452	8,5 cm kalınlığındaki teçhizatlı gazbeton lento temini ve yerine konulması (5,00 N/mm² ve	m²	1071.29	Insaat_Analiz_TUM_2026
15.225.1453	9 cm kalınlığındaki teçhizatlı gazbeton lento temini ve yerine konulması (5,00 N/mm² ve 600	m²	1126.99	Insaat_Analiz_TUM_2026
15.225.1454	10 cm kalınlığındaki teçhizatlı gazbeton lento temini ve yerine konulması (5,00 N/mm² ve 600	m²	1229.13	Insaat_Analiz_TUM_2026
15.225.1455	12,5 cm kalınlığındaki teçhizatlı gazbeton lento temini ve yerine konulması (5,00 N/mm² ve	m²	1480.16	Insaat_Analiz_TUM_2026
15.225.1456	13,5 cm kalınlığındaki teçhizatlı gazbeton lento temini ve yerine konulması (5,00 N/mm² ve	m²	1582.40	Insaat_Analiz_TUM_2026
15.225.1457	15 cm kalınlığındaki teçhizatlı gazbeton lento temini ve yerine konulması (5,00 N/mm² ve 600	m²	1740.23	Insaat_Analiz_TUM_2026
15.225.1458	17,5 cm kalınlığındaki teçhizatlı gazbeton lento temini ve yerine konulması (5,00 N/mm² ve	m²	1991.25	Insaat_Analiz_TUM_2026
15.225.1459	19 cm kalınlığındaki teçhizatlı gazbeton lento temini ve yerine konulması (5,00 N/mm² ve 600	m²	2149.10	Insaat_Analiz_TUM_2026
15.225.1460	20 cm kalınlığındaki teçhizatlı gazbeton lento temini ve yerine konulması (5,00 N/mm² ve 600	m²	2260.24	Insaat_Analiz_TUM_2026
15.225.1461	22,5 cm kalınlığındaki teçhizatlı gazbeton lento temini ve yerine konulması (5,00 N/mm² ve	m²	2511.29	Insaat_Analiz_TUM_2026
15.225.1462	25 cm kalınlığındaki teçhizatlı gazbeton lento temini ve yerine konulması (5,00 N/mm² ve 600	m²	2762.35	Insaat_Analiz_TUM_2026
15.225.1463	27,5 cm kalınlığındaki teçhizatlı gazbeton lento temini ve yerine konulması	m²	3017.89	Insaat_Analiz_TUM_2026
15.225.1464	30 cm kalınlığındaki teçhizatlı gazbeton lento temini ve yerine konulması (5,00 N/mm² ve 600	m²	3273.36	Insaat_Analiz_TUM_2026
15.225.1465	32,5 cm kalınlığındaki teçhizatlı gazbeton lento temini ve yerine konulması	m²	3529.00	Insaat_Analiz_TUM_2026
15.225.1466	35 cm kalınlığındaki teçhizatlı gazbeton lento temini ve yerine konulması (5,00 N/mm² ve 600	m²	3784.46	Insaat_Analiz_TUM_2026
15.225.1611	10 cm kalınlığındaki teçhizatlı gazbeton döşeme elemanları ile vinç kullanılarak taşıyıcı	m²	1218.61	Insaat_Analiz_TUM_2026
15.225.1612	12,5 cm kalınlığındaki teçhizatlı gazbeton döşeme elemanları ile vinç kullanılarak taşıyıcı	m²	1457.13	Insaat_Analiz_TUM_2026
15.225.1613	15 cm kalınlığındaki teçhizatlı gazbeton döşeme elemanları ile vinç kullanılarak taşıyıcı	m²	1695.65	Insaat_Analiz_TUM_2026
15.225.1614	17,5 cm kalınlığındaki teçhizatlı gazbeton döşeme elemanları ile vinç kullanılarak taşıyıcı	m²	1934.18	Insaat_Analiz_TUM_2026
15.225.1615	20 cm kalınlığındaki teçhizatlı gazbeton döşeme elemanları ile vinç kullanılarak taşıyıcı	m²	2172.69	Insaat_Analiz_TUM_2026
15.225.1616	22,5 cm kalınlığındaki teçhizatlı gazbeton döşeme elemanları ile vinç kullanılarak taşıyıcı	m²	2411.21	Insaat_Analiz_TUM_2026
15.225.1617	25 cm kalınlığındaki teçhizatlı gazbeton döşeme elemanları ile vinç kullanılarak taşıyıcı	m²	2649.74	Insaat_Analiz_TUM_2026
15.225.1618	27,5 cm kalınlığındaki teçhizatlı gazbeton döşeme elemanları ile vinç kullanılarak taşıyıcı	m²	2888.25	Insaat_Analiz_TUM_2026
15.225.1711	10 cm kalınlığındaki teçhizatlı gazbeton çatı elemanları ile vinç kullanılarak taşıyıcı çatı	m²	1077.48	Insaat_Analiz_TUM_2026
15.225.1712	12,5 cm kalınlığındaki teçhizatlı gazbeton çatı elemanları ile vinç kullanılarak taşıyıcı çatı	m²	1291.79	Insaat_Analiz_TUM_2026
15.225.1713	15 cm kalınlığındaki teçhizatlı gazbeton çatı elemanları ile vinç kullanılarak taşıyıcı çatı	m²	1506.11	Insaat_Analiz_TUM_2026
15.225.1714	17,5 cm kalınlığındaki teçhizatlı gazbeton çatı elemanları ile vinç kullanılarak taşıyıcı çatı	m²	1720.43	Insaat_Analiz_TUM_2026
15.225.1715	20 cm kalınlığındaki teçhizatlı gazbeton çatı elemanları ile vinç kullanılarak taşıyıcı çatı	m²	1934.74	Insaat_Analiz_TUM_2026
15.225.1811	10 cm kalınlığındaki teçhizatlı gazbeton çatı elemanları ile vinç kullanılarak taşıyıcı çatı	m²	1218.61	Insaat_Analiz_TUM_2026
15.225.1812	12,5 cm kalınlığındaki teçhizatlı gazbeton çatı elemanları ile vinç kullanılarak taşıyıcı çatı	m²	1457.13	Insaat_Analiz_TUM_2026
15.225.1813	15 cm kalınlığındaki teçhizatlı gazbeton çatı elemanları ile vinç kullanılarak taşıyıcı çatı	m²	1695.65	Insaat_Analiz_TUM_2026
15.225.1814	17,5 cm kalınlığındaki teçhizatlı gazbeton çatı elemanları ile vinç kullanılarak taşıyıcı çatı	m²	1934.18	Insaat_Analiz_TUM_2026
15.225.1815	20 cm kalınlığındaki teçhizatlı gazbeton çatı elemanları ile vinç kullanılarak taşıyıcı çatı	m²	2172.69	Insaat_Analiz_TUM_2026
15.225.1901	10 cm kalınlığındaki teçhizatlı gazbeton duvar elemanları ile vinç kullanarak duvar	m²	1229.98	Insaat_Analiz_TUM_2026
15.225.1902	12,5 cm kalınlığındaki teçhizatlı gazbeton duvar elemanları ile vinç kullanarak duvar	m²	1451.50	Insaat_Analiz_TUM_2026
15.225.1903	15 cm kalınlığındaki teçhizatlı gazbeton duvar elemanları ile vinç kullanarak duvar	m²	1673.03	Insaat_Analiz_TUM_2026
15.225.1904	17,5 cm kalınlığındaki teçhizatlı gazbeton duvar elemanları ile vinç kullanarak duvar	m²	1894.55	Insaat_Analiz_TUM_2026
15.225.1905	20 cm kalınlığındaki teçhizatlı gazbeton duvar elemanları ile vinç kullanarak duvar	m²	2116.06	Insaat_Analiz_TUM_2026
15.225.1906	22,5 cm kalınlığındaki teçhizatlı gazbeton duvar elemanları ile vinç kullanarak duvar	m²	2337.59	Insaat_Analiz_TUM_2026
15.225.1907	25 cm kalınlığındaki teçhizatlı gazbeton duvar elemanları ile vinç kullanarak duvar	m²	2559.11	Insaat_Analiz_TUM_2026
15.225.1908	27,5 cm kalınlığındaki teçhizatlı gazbeton duvar elemanları ile vinç kullanarak duvar	m²	2780.64	Insaat_Analiz_TUM_2026
15.225.1909	30 cm kalınlığındaki teçhizatlı gazbeton duvar elemanları ile vinç kullanarak duvar	m²	3002.15	Insaat_Analiz_TUM_2026
15.225.2001	10 cm kalınlığındaki teçhizatlı gazbeton duvar elemanları ile vinç kullanarak duvar	m²	1426.88	Insaat_Analiz_TUM_2026
15.225.2002	12,5 cm kalınlığındaki teçhizatlı gazbeton duvar elemanları ile vinç kullanarak duvar	m²	1686.86	Insaat_Analiz_TUM_2026
15.225.2003	15 cm kalınlığındaki teçhizatlı gazbeton duvar elemanları ile vinç kullanarak duvar	m²	1946.85	Insaat_Analiz_TUM_2026
15.225.2004	17,5 cm kalınlığındaki teçhizatlı gazbeton duvar elemanları ile vinç kullanarak duvar	m²	2206.83	Insaat_Analiz_TUM_2026
15.225.2005	20 cm kalınlığındaki teçhizatlı gazbeton duvar elemanları ile vinç kullanarak duvar	m²	2466.81	Insaat_Analiz_TUM_2026
15.225.2006	22,5 cm kalınlığındaki teçhizatlı gazbeton duvar elemanları ile vinç kullanarak duvar	m²	2730.85	Insaat_Analiz_TUM_2026
15.225.2007	25 cm kalınlığındaki teçhizatlı gazbeton duvar elemanları ile vinç kullanarak duvar	m²	2986.78	Insaat_Analiz_TUM_2026
15.225.2008	27,5 cm kalınlığındaki teçhizatlı gazbeton duvar elemanları ile vinç kullanarak duvar	m²	3246.76	Insaat_Analiz_TUM_2026
15.225.2009	30 cm kalınlığındaki teçhizatlı gazbeton duvar elemanları ile vinç kullanarak duvar	m²	3506.20	Insaat_Analiz_TUM_2026
15.225.2101	5 cm kalınlığındaki teçhizatsız gazbeton izolasyon plakları ile çatı ve döşemelerde ısı yalıtımı	m²	266.75	Insaat_Analiz_TUM_2026
15.225.2102	7,5 cm kalınlığındaki teçhizatsız gazbeton izolasyon plakları ile çatı ve döşemelerde ısı	m²	373.13	Insaat_Analiz_TUM_2026
15.225.2103	8,5 cm kalınlığındaki teçhizatsız gazbeton izolasyon plakları ile çatı ve döşemelerde ısı	m²	431.88	Insaat_Analiz_TUM_2026
15.225.2104	10 cm kalınlığındaki teçhizatsız gazbeton izolasyon plakları ile çatı ve döşemelerde ısı	m²	506.50	Insaat_Analiz_TUM_2026
15.225.2105	12,5 cm kalınlığındaki teçhizatsız gazbeton izolasyon plakları ile çatı ve döşemelerde ısı	m²	612.88	Insaat_Analiz_TUM_2026
15.225.2106	15 cm kalınlığındaki teçhizatsız gazbeton izolasyon plakları ile çatı ve döşemelerde ısı	m²	719.25	Insaat_Analiz_TUM_2026
15.225.2107	17,5 cm kalınlığındaki teçhizatsız gazbeton izolasyon plakları ile çatı ve döşemelerde ısı	m²	825.63	Insaat_Analiz_TUM_2026
15.225.2108	20 cm kalınlığındaki teçhizatsız gazbeton izolasyon plakları ile çatı ve döşemelerde ısı	m²	932.00	Insaat_Analiz_TUM_2026
15.230.1001	9 cm kalınlığındaki taşıyıcı olmayan bimsbeton duvar blokları ile duvar yapılması	m²	525.80	Insaat_Analiz_TUM_2026
15.230.1002	10 cm kalınlığındaki taşıyıcı olmayan bimsbeton duvar blokları ile duvar yapılması	m²	549.88	Insaat_Analiz_TUM_2026
15.230.1003	13,5 cm kalınlığındaki taşıyıcı olmayan bimsbeton duvar blokları ile duvar yapılması	m²	615.84	Insaat_Analiz_TUM_2026
15.230.1004	15 cm kalınlığındaki taşıyıcı olmayan bimsbeton duvar blokları ile duvar yapılması	m²	647.79	Insaat_Analiz_TUM_2026
15.230.1005	17,5 cm kalınlığındaki taşıyıcı olmayan bimsbeton duvar blokları ile duvar yapılması	m²	696.74	Insaat_Analiz_TUM_2026
15.230.1006	19 cm kalınlığındaki taşıyıcı olmayan bimsbeton duvar blokları ile duvar yapılması	m²	732.55	Insaat_Analiz_TUM_2026
15.230.1007	25 cm kalınlığındaki taşıyıcı olmayan bimsbeton duvar blokları ile duvar yapılması	m²	856.48	Insaat_Analiz_TUM_2026
15.230.1008	30 cm kalınlığındaki taşıyıcı olmayan bimsbeton duvar blokları ile duvar yapılması	m²	950.53	Insaat_Analiz_TUM_2026
15.230.1101	10 cm kalınlığındaki taşıyıcı bimsbeton duvar blokları ile duvar yapılması (bimsbeton tutkalı	m²	634.85	Insaat_Analiz_TUM_2026
15.230.1102	15 cm kalınlığındaki taşıyıcı bimsbeton duvar blokları ile duvar yapılması (bimsbeton tutkalı	m²	741.14	Insaat_Analiz_TUM_2026
15.230.1103	19 cm kalınlığındaki taşıyıcı bimsbeton duvar blokları ile duvar yapılması (bimsbeton tutkalı	m²	823.96	Insaat_Analiz_TUM_2026
15.230.1201	20 cm yüksekliğindeki bimsbeton asmolen blokları ile asmolen döşeme yapılması (min. 400	m²	663.94	Insaat_Analiz_TUM_2026
15.230.1202	22 cm yüksekliğindeki bimsbeton asmolen blokları ile asmolen döşeme yapılması (min. 400	m²	723.56	Insaat_Analiz_TUM_2026
15.230.1203	23 cm yüksekliğindeki bimsbeton asmolen blokları ile asmolen döşeme yapılması (min. 400	m²	752.06	Insaat_Analiz_TUM_2026
15.230.1204	25 cm yüksekliğindeki bimsbeton asmolen blokları ile asmolen döşeme yapılması (min. 400	m²	809.06	Insaat_Analiz_TUM_2026
15.230.1205	28 cm yüksekliğindeki bimsbeton asmolen blokları ile asmolen döşeme yapılması (min. 400	m²	888.00	Insaat_Analiz_TUM_2026
15.230.1206	30 cm yüksekliğindeki bimsbeton asmolen blokları ile asmolen döşeme yapılması (min. 400	m²	954.19	Insaat_Analiz_TUM_2026
15.230.1207	32 cm yüksekliğindeki bimsbeton asmolen blokları ile asmolen döşeme yapılması (min. 400	m²	1020.19	Insaat_Analiz_TUM_2026
15.230.1208	35 cm yüksekliğindeki bimsbeton asmolen blokları ile asmolen döşeme yapılması (min. 400	m²	1091.44	Insaat_Analiz_TUM_2026
15.230.1301	10 cm kalınlığındaki teçhizatlı bimsbeton lento temini ve yerine konulması	m²	790.79	Insaat_Analiz_TUM_2026
15.230.1302	13,5 cm kalınlığındaki teçhizatlı bimsbeton lento temini ve yerine konulması	m²	1033.93	Insaat_Analiz_TUM_2026
15.230.1303	15 cm kalınlığındaki teçhizatlı bimsbeton lento temini ve yerine konulması	m²	1141.26	Insaat_Analiz_TUM_2026
15.230.1304	19 cm kalınlığındaki teçhizatlı bimsbeton lento temini ve yerine konulması	m²	1415.44	Insaat_Analiz_TUM_2026
15.235.1001	14 cm toplam kalınlıkta, EPS kalınlığı min. 5,5 cm, basınç dayanımı 2.5 N/mm² olan yalıtım	m²	911.45	Insaat_Analiz_TUM_2026
15.235.1002	15 cm toplam kalınlıkta, EPS kalınlığı min. 6 cm, basınç dayanımı 0.9 N/mm² olan yalıtım	m²	685.13	Insaat_Analiz_TUM_2026
15.235.1003	19 cm toplam kalınlıkta, EPS kalınlığı min. 6 cm, basınç dayanımı 0.9 N/mm² olan yalıtım	m²	735.13	Insaat_Analiz_TUM_2026
15.235.1004	19.5 cm toplam kalınlıkta, EPS kalınlığı min. 8,5 cm, basınç dayanımı 2.5 N/mm² olan yalıtım	m²	1042.33	Insaat_Analiz_TUM_2026
15.235.1005	20 cm toplam kalınlıkta, EPS kalınlığı min. 6 cm, basınç dayanımı 1 N/mm² olan yalıtım	m²	754.70	Insaat_Analiz_TUM_2026
15.235.1024	10 cm kalınlığındaki EPS katkılı bloklar ile duvar yapılması	m²	623.89	Insaat_Analiz_TUM_2026
15.235.1025	12 cm kalınlığındaki EPS katkılı bloklar ile duvar yapılması	m²	681.23	Insaat_Analiz_TUM_2026
15.235.1027	15 cm kalınlığındaki EPS katkılı bloklar ile duvar yapılması	m²	759.80	Insaat_Analiz_TUM_2026
15.235.1028	17,5 cm kalınlığındaki EPS katkılı bloklar ile duvar yapılması	m²	825.75	Insaat_Analiz_TUM_2026
15.235.1031	20 cm kalınlığındaki EPS katkılı bloklar ile duvar yapılması	m²	906.59	Insaat_Analiz_TUM_2026
15.235.1032	22,5 cm kalınlığındaki EPS katkılı bloklar ile duvar yapılması	m²	974.54	Insaat_Analiz_TUM_2026
15.235.1033	25 cm kalınlığındaki EPS katkılı bloklar ile duvar yapılması	m²	1042.49	Insaat_Analiz_TUM_2026
15.235.1034	27,5 cm kalınlığındaki EPS katkılı bloklar ile duvar yapılması	m²	1111.68	Insaat_Analiz_TUM_2026
15.235.1035	30 cm kalınlığındaki EPS katkılı bloklar ile duvar yapılması	m²	1182.84	Insaat_Analiz_TUM_2026
15.235.1036	32,5 cm kalınlığındaki EPS katkılı bloklar ile duvar yapılması	m²	1254.03	Insaat_Analiz_TUM_2026
15.235.1037	35 cm kalınlığındaki EPS katkılı bloklar ile duvar yapılması	m²	1325.19	Insaat_Analiz_TUM_2026
15.235.1038	37,5 cm kalınlığındaki EPS katkılı bloklar ile duvar yapılması	m²	1394.38	Insaat_Analiz_TUM_2026
15.235.1039	40 cm kalınlığındaki EPS katkılı bloklar ile duvar yapılması	m²	1465.54	Insaat_Analiz_TUM_2026
15.235.1043	50 cm kalınlığındaki EPS katkılı bloklar ile duvar yapılması	m²	1748.24	Insaat_Analiz_TUM_2026
15.235.1047	60 cm kalınlığındaki EPS katkılı bloklar ile duvar yapılması	m²	2024.41	Insaat_Analiz_TUM_2026
15.235.1051	15 cm yüksekliğindeki EPS katkılı bloklar ile asmolen döşeme yapılması	m²	676.59	Insaat_Analiz_TUM_2026
15.235.1052	17,5 cm yüksekliğindeki EPS katkılı bloklar ile asmolen döşeme yapılması	m²	765.68	Insaat_Analiz_TUM_2026
15.235.1053	20 cm yüksekliğindeki EPS katkılı bloklar ile asmolen döşeme yapılması	m²	870.79	Insaat_Analiz_TUM_2026
15.235.1054	22,5 cm yüksekliğindeki EPS katkılı bloklar ile asmolen döşeme yapılması	m²	967.89	Insaat_Analiz_TUM_2026
15.235.1055	25 cm yüksekliğindeki EPS katkılı bloklar ile asmolen döşeme yapılması	m²	1066.99	Insaat_Analiz_TUM_2026
15.235.1056	27,5 cm yüksekliğindeki EPS katkılı bloklar ile asmolen döşeme yapılması	m²	1164.09	Insaat_Analiz_TUM_2026
15.235.1057	30 cm yüksekliğindeki EPS katkılı bloklar ile asmolen döşeme yapılması	m²	1261.19	Insaat_Analiz_TUM_2026
15.235.1058	32,5 cm yüksekliğindeki EPS katkılı bloklar ile asmolen döşeme yapılması	m²	1358.28	Insaat_Analiz_TUM_2026
15.235.1059	35 cm yüksekliğindeki EPS katkılı bloklar ile asmolen döşeme yapılması	m²	1457.38	Insaat_Analiz_TUM_2026
15.235.1060	37,5 cm yüksekliğindeki EPS katkılı bloklar ile asmolen döşeme yapılması	m²	1554.48	Insaat_Analiz_TUM_2026
15.235.1061	40 cm yüksekliğindeki EPS katkılı bloklar ile asmolen döşeme yapılması	m²	1651.58	Insaat_Analiz_TUM_2026
15.240.1001	27,5 cm yüksekliğindeki EPS katkılı bloklar ile asmolen döşeme yapılması	m²	1261.19	Ana_BF_2026
15.240.1002	30 cm yüksekliğindeki EPS katkılı bloklar ile asmolen döşeme yapılması	m²	1358.28	Ana_BF_2026
15.245.1001	150 gr/m² ağırlıkta geotekstil keçe serilmesi	m²	52.75	Insaat_Analiz_TUM_2026
15.245.1002	250 gr/m² ağırlıkta geotekstil keçe serilmesi	m²	58.25	Insaat_Analiz_TUM_2026
15.245.1003	500 gr/m² ağırlıkta geotekstil keçe serilmesi	m²	73.38	Insaat_Analiz_TUM_2026
15.250.1011	200 kg çimento dozlu tesviye tabakası yapılması	m²	335.74	Insaat_Analiz_TUM_2026
15.250.1111	2.5 cm kalınlığında 400 kg çimento dozlu şap yapılması	m²	449.53	Insaat_Analiz_TUM_2026
15.250.1112	2.5 cm kalınlığında 450 kg çimento dozlu şap yapılması	m²	450.69	Insaat_Analiz_TUM_2026
15.250.1113	2.5 cm kalınlığında 500 kg çimento dozlu şap yapılması	m²	463.95	Insaat_Analiz_TUM_2026
15.250.1114	Makina ile ortalama 2,5 cm kalınlıkta alçı esaslı şap yapılması	m²	385.59	Insaat_Analiz_TUM_2026
15.255.1001	3 mm kalınlıkta plastomer esaslı (-5 °C soğukta bükülmeli) cam tülü taşıyıcılı ve 3 mm kalınlıkta plastomer esaslı (-5 °C soğukta bükülmeli) polyester keçe taşıyıcılı polimer	m²	586.01	Insaat_Analiz_TUM_2026
15.255.1002	3 mm kalınlıkta plastomer esaslı (-10 °C soğukta bükülmeli) cam tülü taşıyıcılı ve 3 mm kalınlıkta plastomer esaslı (-10 °C soğukta bükülmeli) polyester keçe taşıyıcılı polimer	m²	611.89	Insaat_Analiz_TUM_2026
15.255.1003	3 mm kalınlıkta elastomer esaslı (-20 °C soğukta bükülmeli) cam tülü taşıyıcılı ve 3 mm kalınlıkta elastomer esaslı (-20 °C soğukta bükülmeli) polyester keçe taşıyıcılı polimer	m²	679.45	Insaat_Analiz_TUM_2026
15.255.1004	3 mm kalınlıkta plastomer esaslı (-5 °C soğukta bükülmeli) polyester keçe taşıyıcılı polimer	m²	611.89	Insaat_Analiz_TUM_2026
15.255.1005	3 mm kalınlıkta plastomer esaslı (-10 soğukta bükülmeli) polyester keçe taşıyıcılı polimer	m²	640.64	Insaat_Analiz_TUM_2026
15.255.1006	3 mm kalınlıkta elastomer esaslı (-20 soğukta bükülmeli) polyester keçe taşıyıcılı polimer	m²	726.89	Insaat_Analiz_TUM_2026
15.255.1007	3 mm ve 4 mm kalınlıkta plastomer esaslı (-5 °C soğukta bükülmeli) polyester keçe taşıyıcılı	m²	655.01	Insaat_Analiz_TUM_2026
15.255.1008	3 mm ve 4 mm kalınlıkta plastomer esaslı (-10 °C soğukta bükülmeli) polyester keçe taşıyıcılı	m²	683.76	Insaat_Analiz_TUM_2026
15.255.1009	3 mm ve 4 mm kalınlıkta elastomer esaslı (-20 °C soğukta bükülmeli) polyester keçe taşıyıcılı	m²	767.14	Insaat_Analiz_TUM_2026
15.255.1010	3 mm kalınlıkta plastomer esaslı (-5 °C soğukta bükülmeli) cam tülü taşıyıcılı ve 3,3 mm kalınlıkta plastomer esaslı (-5 °C soğukta bükülmeli) polyester keçe taşıyıcılı bir yüzü	m²	629.14	Insaat_Analiz_TUM_2026
15.255.1011	3 mm kalınlıkta plastomer esaslı (-10 °C soğukta bükülmeli) cam tülü taşıyıcılı ve 3,3 mm kalınlıkta plastomer esaslı (-10 °C soğukta bükülmeli) polyester keçe taşıyıcılı bir yüzü	m²	655.01	Insaat_Analiz_TUM_2026
15.255.1012	3 mm kalınlıkta elastomer esaslı (-20 °C soğukta bükülmeli) cam tülü taşıyıcılı ve 3,3 mm kalınlıkta elastomer esaslı (-20 °C soğukta bükülmeli) polyester keçe taşıyıcılı bir yüzü	m²	715.39	Insaat_Analiz_TUM_2026
15.255.1013	3 mm kalınlıkta plastomer esaslı (-5 °C soğukta bükülmeli) polyester keçe taşıyıcılı ve 3,3 mm kalınlıkta plastomer esaslı (-5 °C soğukta bükülmeli) polyester keçe taşıyıcılı bir yüzü	m²	655.01	Insaat_Analiz_TUM_2026
15.255.1014	3 mm kalınlıkta plastomer esaslı (-10 °C soğukta bükülmeli) polyester keçe taşıyıcılı ve 3,3 mm kalınlıkta plastomer esaslı (-10 °C soğukta bükülmeli) polyester keçe taşıyıcılı bir yüzü	m²	683.76	Insaat_Analiz_TUM_2026
15.255.1015	3 mm kalınlıkta elastomer esaslı (-20 °C soğukta bükülmeli) polyester keçe taşıyıcılı ve 3,3 mm kalınlıkta elastomer esaslı (-20 °C soğukta bükülmeli) polyester keçe taşıyıcılı bir yüzü	m²	762.83	Insaat_Analiz_TUM_2026
15.255.1016	4,3 mm kalınlıkta plastomer esaslı (-5 °C soğukta bükülmeli) polyester keçe taşıyıcılı bir	m²	408.70	Insaat_Analiz_TUM_2026
15.255.1017	4,3 mm kalınlıkta plastomer esaslı (-10 °C soğukta bükülmeli) polyester keçe taşıyıcılı bir	m²	424.51	Insaat_Analiz_TUM_2026
15.255.1018	4,3 mm kalınlıkta elastomer esaslı (-20 °C soğukta bükülmeli) polyester keçe taşıyıcılı bir	m²	467.64	Insaat_Analiz_TUM_2026
15.255.1019	3 mm kalınlıkta plastomer esaslı (-10 °C soğukta bükülmeli) polyester keçe taşıyıcılı bir yüzü	m²	424.51	Insaat_Analiz_TUM_2026
15.255.1020	3 mm kalınlıkta elastomer esaslı (-20 °C soğukta bükülmeli) polyester keçe taşıyıcılı bir yüzü	m²	502.14	Insaat_Analiz_TUM_2026
15.255.1021	3 mm kalınlıkta plastomer esaslı (-5 °C soğukta bükülmeli) cam tülü taşıyıcılı polimer	m²	310.95	Insaat_Analiz_TUM_2026
15.255.1022	3 mm kalınlıkta plastomer esaslı (-5 °C soğukta bükülmeli) polyester keçe taşıyıcılı polimer	m²	336.83	Insaat_Analiz_TUM_2026
15.255.1023	3 mm kalınlıkta plastomer esaslı (-10 °C soğukta bükülmeli) cam tülü taşıyıcılı polimer	m²	322.45	Insaat_Analiz_TUM_2026
15.255.1024	3 mm kalınlıkta plastomer esaslı (-10 °C soğukta bükülmeli) polyester keçe taşıyıcılı polimer	m²	351.20	Insaat_Analiz_TUM_2026
15.255.1025	3 mm kalınlıkta elastomer esaslı (-20 °C soğukta bükülmeli) cam tülü taşıyıcılı polimer	m²	346.89	Insaat_Analiz_TUM_2026
15.255.1026	3 mm kalınlıkta elastomer esaslı (-20 °C soğukta bükülmeli) polyester keçe taşıyıcılı polimer	m²	394.33	Insaat_Analiz_TUM_2026
15.260.1001	1,5 mm kalınlıkta, PVC esaslı, (düz tip yada sinyal tabakalı) jeomembran ile su yalıtımı	m²	430.40	Insaat_Analiz_TUM_2026
15.260.1002	2 mm kalınlıkta, PVC esaslı, (düz tip yada sinyal tabakalı) jeomembran ile su yalıtımı	m²	509.15	Insaat_Analiz_TUM_2026
15.260.1003	1,5 mm kalınlıkta, PVC esaslı, (UV dayanımlı, donatılı) jeomembran ile su yalıtımı yapılması	m²	456.65	Insaat_Analiz_TUM_2026
15.260.1004	2 mm kalınlıkta, PVC esaslı, (UV dayanımlı, donatılı) jeomembran ile su yalıtımı yapılması	m²	535.40	Insaat_Analiz_TUM_2026
15.260.1005	1,5 mm kalınlıkta, HDPE esaslı, (düz tip yada sinyal tabakalı) jeomembran ile su yalıtımı	m²	391.03	Insaat_Analiz_TUM_2026
15.260.1006	2 mm kalınlıkta, HDPE esaslı, (düz tip yada sinyal tabakalı) jeomembran ile su yalıtımı	m²	450.09	Insaat_Analiz_TUM_2026
15.260.1007	1,5 mm kalınlıkta, HDPE esaslı, (UV dayanımlı, donatılı) jeomembran ile su yalıtımı	m²	410.71	Insaat_Analiz_TUM_2026
15.260.1008	2 mm kalınlıkta, HDPE esaslı, (UV dayanımlı, donatılı) jeomembran ile su yalıtımı yapılması	m²	482.90	Insaat_Analiz_TUM_2026
15.260.1009	1,5 mm kalınlıkta, LDPE esaslı, (düz tip yada sinyal tabakalı) jeomembran ile su yalıtımı	m²	391.03	Insaat_Analiz_TUM_2026
15.260.1010	2 mm kalınlıkta, LDPE esaslı, (düz tip yada sinyal tabakalı) jeomembran ile su yalıtımı	m²	450.09	Insaat_Analiz_TUM_2026
15.260.1011	1,5 mm kalınlıkta, Termoset EPDM esaslı, jeomembran ile su yalıtımı yapılması	m²	692.90	Insaat_Analiz_TUM_2026
15.260.1012	2 mm kalınlıkta, Termoset EPDM esaslı, jeomembran ile su yalıtımı yapılması	m²	876.65	Insaat_Analiz_TUM_2026
15.260.1013	1,5 mm kalınlıkta, TPO esaslı, (UV dayanımlı, donatılı) jeomembran ile su yalıtımı yapılması	m²	541.96	Insaat_Analiz_TUM_2026
15.260.1014	2 mm kalınlıkta, TPO esaslı, (UV dayanımlı, donatılı) jeomembran ile su yalıtımı yapılması	m²	653.53	Insaat_Analiz_TUM_2026
15.265.1001	3 mm kalınlıkta, HDPE levhalarla, su yalıtımı yapılması	m²	603.21	Insaat_Analiz_TUM_2026
15.265.1002	4 mm kalınlıkta, HDPE levhalarla, su yalıtımı yapılması	m²	736.03	Insaat_Analiz_TUM_2026
15.265.1003	5 mm kalınlıkta, HDPE levhalarla, su yalıtımı yapılması	m²	862.28	Insaat_Analiz_TUM_2026
15.265.1004	3 mm kalınlıkta, PP levhalarla, su yalıtımı yapılması	m²	577.03	Insaat_Analiz_TUM_2026
15.265.1005	4 mm kalınlıkta, PP levhalarla, su yalıtımı yapılması	m²	709.85	Insaat_Analiz_TUM_2026
15.265.1006	5 mm kalınlıkta, PP levhalarla, su yalıtımı yapılması	m²	849.24	Insaat_Analiz_TUM_2026
15.270.1001	Elastomerik reçine esaslı sıvı plastik kaplama malzemesi ile 2 kat halinde toplam 1 mm	m²	586.29	Insaat_Analiz_TUM_2026
15.270.1002	Elastomerik reçine esaslı sıvı plastik kaplama malzemesi ile file takviyeli olarak, 2 kat	m²	619.41	Insaat_Analiz_TUM_2026
15.270.1003	Elastomerik reçine esaslı sıvı plastik kaplama malzemesi ile 3 kat halinde toplam 1,5 mm	m²	750.35	Insaat_Analiz_TUM_2026
15.270.1004	Elastomerik reçine esaslı sıvı plastik kaplama malzemesi ile file takviyeli olarak, 3 kat	m²	783.48	Insaat_Analiz_TUM_2026
15.270.1005	Çimento esaslı polimer modifiyeli iki bileşenli kullanıma hazır yalıtım harcı ile 2 kat halinde	m²	530.04	Insaat_Analiz_TUM_2026
15.270.1006	Çimento esaslı polimer modifiyeli iki bilesenli kullanıma hazır yalıtım harcı ile file takviyeli	m²	563.16	Insaat_Analiz_TUM_2026
15.270.1007	Çimento esaslı polimer modifiyeli iki bilesenli kullanıma hazır yalıtım harcı ile 3 kat halinde	m²	637.85	Insaat_Analiz_TUM_2026
15.270.1008	Çimento esaslı polimer modifiyeli iki bilesenli kullanıma hazır yalıtım harcı ile file takviyeli	m²	670.98	Insaat_Analiz_TUM_2026
15.270.1009	Çimento esaslı tek bilesenli kristalize su yalıtım harcı ile 2 kat halinde toplam 1.5 mm	m²	473.85	Insaat_Analiz_TUM_2026
15.270.1010	Çimento esaslı tek bilesenli kristalize su yalıtım harcı ile file takviyeli olarak, 2 kat halinde	m²	506.98	Insaat_Analiz_TUM_2026
15.270.1011	Çimento esaslı tek bilesenli kristalize su yalıtım harcı ile 3 kat halinde toplam 2 mm	m²	562.95	Insaat_Analiz_TUM_2026
15.270.1012	Çimento esaslı tek bilesenli kristalize su yalıtım harcı ile file takviyeli olarak, 3 kat halinde	m²	596.08	Insaat_Analiz_TUM_2026
15.270.1101	Hibrit Poliürea bazlı iki bileşenli su yalıtım malzemesi ile 2 mm kalınlıkta su yalıtımı	m²	1469.40	Insaat_Analiz_TUM_2026
15.270.1111	% 100 Saf Poliürea bazlı iki bileşenli su yalıtım malzemesi ile 2 mm kalınlıkta su yalıtımı	m²	2170.65	Insaat_Analiz_TUM_2026
15.270.1202	Bina temellerinde geosentetik kil örtüler ile su yalıtımı yapılması (Alt Tabaka 100 gr/m² PP	m²	293.75	Insaat_Analiz_TUM_2026
15.270.1203	Bina temellerinde geosentetik kil örtüler ile su yalıtımı yapılması (Alt Tabaka 100 gr/m² PP	m²	300.63	Insaat_Analiz_TUM_2026
15.275.1011	Taş duvar yüzeylerine gömme oluklu derz yapılması	m²	265.98	Insaat_Analiz_TUM_2026
15.275.1012	Taş duvar yüzeylerine kabartma derz yapılması	m²	290.35	Insaat_Analiz_TUM_2026
15.275.1111	250/350 kg çimento dozlu kaba ve ince harçla sıva yapılması (dış cephe sıvası)	m²	744.50	Insaat_Analiz_TUM_2026
15.275.1112	200/250 kg kireç/çimento karışımı kaba ve ince harçla sıva yapılması (iç cephe sıvası)	m²	661.76	Insaat_Analiz_TUM_2026
15.275.1113	250/350 kg kireç/çimento karışımı kaba ve ince harçla sıva yapılması (tavan sıvası)	m²	693.65	Insaat_Analiz_TUM_2026
15.275.1114	250/350 kg çimento dozlu kaba ve ince harçla serpme (çarpma) sıva yapılması	m²	517.38	Insaat_Analiz_TUM_2026
15.275.1115	350 kg çimento dozlu harçla tek kat ince sıva yapılması	m²	483.61	Insaat_Analiz_TUM_2026
15.275.1116	250 kg çimento dozlu harç ile kaba sıva yapılması	m²	443.51	Insaat_Analiz_TUM_2026
15.275.1117	200 kg Çimento ve Kireç karşımı harç ile kaba sıva yapılması (iç cephe)	m²	454.16	Insaat_Analiz_TUM_2026
15.275.9992	Metal kapı kasa arkalarının beton harcı ile doldurulması	m²	623.56	Insaat_Analiz_TUM_2026
15.280.1009	Perlitli sıva alçısı ve saten alçı ile kaplama yapılması (Beton, tuğla duvar vb. yüzeylere)	m²	694.59	Insaat_Analiz_TUM_2026
15.280.1010	Perlitli sıva alçısı ve saten alçı harçlarının karışımı ile ortalama 5 mm kalınlıkta düzeltme	m²	245.86	Insaat_Analiz_TUM_2026
15.280.1011	Saten alçı kaplaması yapılması (ortalama 1 mm kalınlık)	m²	139.71	Insaat_Analiz_TUM_2026
15.280.1012	Makina alçısı ile tavanlara 15 mm kalınlığında tek kat alçı sıva yapılması	m²	468.55	Insaat_Analiz_TUM_2026
15.280.1013	Makina alçısı ile duvarlara 20 mm kalınlığında tek kat alçı sıva yapılması (Beton, tuğla vb. yüzeylere)	m²	505.15	Insaat_Analiz_TUM_2026
15.285.1001	Hazır (fabrikasyon) kaba/ince sıva harcı (TI, WI, CSI) ile iç veya dış yüzeylere 2 cm	m²	653.86	Insaat_Analiz_TUM_2026
15.285.1002	Hazır (fabrikasyon) kaba/ince sıva harcı (TI, WI, CSI) ile iç veya dış yüzeylere 3 cm	m²	877.66	Insaat_Analiz_TUM_2026
15.285.1003	Hazır (fabrikasyon) kaba/ince sıva harcı (TI, WI, CSI) ile iç veya dış yüzeylere 4 cm	m²	1101.48	Insaat_Analiz_TUM_2026
15.285.1011	Hazır (fabrikasyon) kaba/ince sıva harcı (TI, WI, CSII) ile iç veya dış yüzeylere 2 cm	m²	667.61	Insaat_Analiz_TUM_2026
15.285.1012	Hazır (fabrikasyon) kaba/ince sıva harcı (TI, WI, CSII) ile iç veya dış yüzeylere 3 cm	m²	898.29	Insaat_Analiz_TUM_2026
15.285.1013	Hazır (fabrikasyon) kaba/ince sıva harcı (TI, WI, CSII) ile iç veya dış yüzeylere 4 cm	m²	1128.98	Insaat_Analiz_TUM_2026
15.300.1001	Ahşaptan oturtma çatı yapılması (çatı örtüsü altı tahta kaplamalı)	m²	1417.89	Insaat_Analiz_TUM_2026
15.300.1002	Ahşaptan oturtma çatı yapılması (çatı örtüsünün altı OSB/3 kaplamalı)	m²	1566.83	Insaat_Analiz_TUM_2026
15.300.1007	Rendeli ahşaptan saçak altı ve alın kaplaması yapılması	m²	1031.53	Insaat_Analiz_TUM_2026
15.305.1001	Üst ve alt kiremit (alaturka) ile çatı örtüsü yapılması (Sızdırmazlık Sınıfı: Grup 1) (150	m²	1577.38	Insaat_Analiz_TUM_2026
15.305.1002	Üst ve alt kiremit (alaturka) ile çatı örtüsü yapılması (Sızdırmazlık Sınıfı: Grup 1) (90	m²	1519.63	Insaat_Analiz_TUM_2026
15.305.1003	Yan ve üst kenarından kenetlenebilen kiremit ile çatı örtüsü yapılması (Sızdırmazlık Sınıfı:	m²	1070.50	Insaat_Analiz_TUM_2026
15.305.1004	Yan ve üst kenarından kenetlenebilen kiremit ile çatı örtüsü yapılması (Sızdırmazlık Sınıfı:	m²	1029.81	Insaat_Analiz_TUM_2026
15.305.1005	Mahya kiremitleri ile mahya yapılması (Sızdırmazlık Sınıfı: Grup 1) (150 donma-çözülme	m	550.29	Insaat_Analiz_TUM_2026
15.305.1006	Mahya kiremitleri ile mahya yapılması (Sızdırmazlık Sınıfı: Grup 1) (90 donma-çözülme	m	520.10	Insaat_Analiz_TUM_2026
15.305.1201	Renksiz beton kiremitler ile çatı örtüsü yapılması (çift latalı sistem)	m²	949.75	Insaat_Analiz_TUM_2026
15.305.1202	Demir oksit boyalı beton kiremitler ile çatı örtüsü yapılması (çift latalı sistem)	m²	994.38	Insaat_Analiz_TUM_2026
15.305.1203	Demir oksit boyalı üzeri renkli sırla kaplanmış beton kiremitler ile çatı örtüsü yapılması (çift	m²	1041.63	Insaat_Analiz_TUM_2026
15.305.1204	Renksiz beton mahya kiremitleri ile mahya yapılması	m	567.38	Insaat_Analiz_TUM_2026
15.305.1205	Demir oksit boyalı beton mahya kiremitleri ile mahya yapılması	m	604.13	Insaat_Analiz_TUM_2026
15.305.1206	Demir oksit boyalı üzeri renkli sırla kaplanmış beton mahya kiremitleri ile mahya yapılması	m	644.81	Insaat_Analiz_TUM_2026
15.305.1207	Renksiz perlitli beton kiremitler ile çatı örtüsü yapılması (çift latalı sistem)	m²	910.38	Insaat_Analiz_TUM_2026
15.305.1208	Demir oksit boyalı perlitli beton kiremitler ile çatı örtüsü yapılması (çift latalı sistem)	m²	949.75	Insaat_Analiz_TUM_2026
15.305.1209	Demir oksit boyalı üzeri renkli sırla kaplanmış perlitli beton kiremitler ile çatı örtüsü	m²	994.38	Insaat_Analiz_TUM_2026
15.305.1210	Renksiz perlitli beton mahya kiremitleri ile mahya yapılması	m	552.94	Insaat_Analiz_TUM_2026
15.305.1211	Demir oksit boyalı perlitli beton mahya kiremitleri ile mahya yapılması	m	568.69	Insaat_Analiz_TUM_2026
15.305.1212	Demir oksit boyalı üzeri renkli sırla kaplanmış beton mahya kiremitleri ile mahya yapılması	m	623.81	Insaat_Analiz_TUM_2026
15.305.1213	Alüminyum ile güçlendirilmiş polibitülen/vulkanize termoplastik (tpv) kaplı, kendinden	m	472.31	Insaat_Analiz_TUM_2026
15.305.1214	Alüminyum baskı çıtası ve poliüretan mastik ile yalıtım bitişlerinde sızdırmazlık sağlanması	m	294.83	Insaat_Analiz_TUM_2026
15.305.1215	PVC esaslı, kendinden kanallı, UV dayanımlı, kanatlı oluk/vadidere su yalıtımı (min.50 cm	m	459.00	Insaat_Analiz_TUM_2026
15.310.1001	12 no'lu çinko levhadan 150 mm çapında düşey yağmur borusu yapılması ve yerine tespiti.	m	1085.90	Insaat_Analiz_TUM_2026
15.310.1002	12 no'lu çinko levhadan 120 mm çapında düşey yağmur borusu yapılması ve yerine tespiti.	m	973.39	Insaat_Analiz_TUM_2026
15.310.1003	12 no'lu çinko levhadan 100 mm çapında düşey yağmur borusu yapılması ve yerine tespiti.	m	898.98	Insaat_Analiz_TUM_2026
15.310.1004	10 no'lu çinko levhadan 100 mm çapında düşey yağmur borusu yapılması ve yerine tespiti.	m	820.96	Insaat_Analiz_TUM_2026
15.310.1005	10 no'lu çinko levhadan 80 mm çapında düşey yağmur borusu yapılması ve yerine tespiti.	m	776.16	Insaat_Analiz_TUM_2026
15.310.1006	12 no'lu çinko levhadan 80 mm çapında düşey yağmur borusu yapılması ve yerine tespiti.	m	842.91	Insaat_Analiz_TUM_2026
15.310.1007	10 no'lu çinko levhadan 75 mm çapında düşey yağmur borusu yapılması ve yerine tespiti.	m	747.55	Insaat_Analiz_TUM_2026
15.310.1008	10 no'lu çinko levhadan 70 mm çapında düşey yağmur borusu yapılması ve yerine tespiti.	m	707.86	Insaat_Analiz_TUM_2026
15.310.1101	14 no'lu çinko levhadan 240 mm çapında yağmur oluğu yapılması ve yerine tespiti	m	2264.46	Insaat_Analiz_TUM_2026
15.310.1102	12 no'lu çinko levhadan 185 mm çapında yağmur oluğu yapılması ve yerine tespiti.	m	1877.18	Insaat_Analiz_TUM_2026
15.310.1103	12 no'lu çinko levhadan 155 mm çapında yağmur oluğu yapılması ve yerine tespiti.	m	1748.60	Insaat_Analiz_TUM_2026
15.310.1104	12 no'lu çinko levhadan 130 mm çapında yağmur oluğu yapılması ve yerine tespiti.	m	1608.45	Insaat_Analiz_TUM_2026
15.310.1105	12 no'lu çinko levhadan 110 mm çapında yağmur oluğu yapılması ve yerine tespiti.	m	1534.06	Insaat_Analiz_TUM_2026
15.310.1106	12 no'lu çinko levhadan 90 mm çapında yağmur oluğu yapılması ve yerine tespiti.	m	1438.16	Insaat_Analiz_TUM_2026
15.310.1201	14 no.lu çinko levhadan eğimli çatı deresi yapılması ve yerine konulması	m	1344.89	Insaat_Analiz_TUM_2026
15.310.1202	14 no.lu çinko levhadan oluk halinde yatay çatı deresi yapılması ve yerine konulması	m	2626.00	Insaat_Analiz_TUM_2026
15.310.1203	12 no.lu çinko levhadan 30x40x30 cm ebadında yağmur suyu haznesi yapılması ve yerine	Ad	3012.39	Insaat_Analiz_TUM_2026
15.310.1204	14 no.lu çinko levhadan atika duvar arkası için çatı deresi yapılması ve yerine konulması	m	2818.48	Insaat_Analiz_TUM_2026
15.310.1205	12 No.lu çinko levhadan sıva eteği, baca kenarı, çatı muayene pencereleri ve çatı fenerleri	m	1065.46	Insaat_Analiz_TUM_2026
15.310.1206	12 No.lu çinko levhadan atika duvarları üst ve yanlarına kaplama yapılması ve yerine	m²	1919.03	Insaat_Analiz_TUM_2026
15.310.1207	12 no.lu çinko levhadan pencere denizliği yapılması ve yerine konulması	m	981.49	Insaat_Analiz_TUM_2026
15.310.1208	12 no.lu çinko levhadan baca temizleme kutusu yapılması ve yerine konulması	Ad	575.98	Insaat_Analiz_TUM_2026
15.310.1209	12 no.lu çinko levhadan soba deliği ağızlığı ve kapağı yapılması ve yerine konulması	Ad	412.80	Insaat_Analiz_TUM_2026
15.310.1301	0.50 mm bakır levhadan 125 mm çapında düşey yağmur borusu yapılması ve yerine tespiti	m	1955.96	Insaat_Analiz_TUM_2026
15.310.1302	0,50 mm bakır levhadan 155 mm çapında yağmur oluğu yapılması ve yerine tespiti (yuvarlak	m	3108.18	Insaat_Analiz_TUM_2026
15.310.1303	0,50 mm bakır levhadan çatı deresi yapılması ve yerine tesbiti	m	3155.25	Insaat_Analiz_TUM_2026
15.310.1304	0,50 mm bakır levhadan oluk halinde çatı deresi yapılması ve yerine tespiti	m	5487.38	Insaat_Analiz_TUM_2026
15.310.1305	0,50 mm bakır levhadan 30x40x30 cm ebadında yağmur suyu haznesi yapılması ve yerine	Ad	4874.18	Insaat_Analiz_TUM_2026
15.310.1306	0,50 mm bakır levhadan atika duvarı arkasına çatı deresi yapılması ve yerine konulması	m	5778.75	Insaat_Analiz_TUM_2026
15.310.1307	0,50 mm bakır levhadan sıva eteği, baca kenarı, çatı muayene pencereleri ve çatı feneri	m	2253.94	Insaat_Analiz_TUM_2026
15.310.1308	0,50 mm bakır levhadan atika duvarları üst ve yanlarına kaplama yapılması ve yerine	m²	4563.41	Insaat_Analiz_TUM_2026
15.310.1309	0,50 mm bakır levhadan pencere denizliği yapılması ve yerine konulması	m	1980.81	Insaat_Analiz_TUM_2026
15.315.1001	Ø 70 mm çapında bir ucu muflu sert PVC yağmur borusu temini ve yerine tesbiti	m	207.41	Insaat_Analiz_TUM_2026
15.315.1002	Ø 100 mm çapında bir ucu muflu sert PVC yağmur borusu temini ve yerine tesbiti	m	268.14	Insaat_Analiz_TUM_2026
15.315.1003	Ø 125 mm çapında bir ucu muflu sert PVC yağmur borusu temini ve yerine tesbiti	m	310.75	Insaat_Analiz_TUM_2026
15.315.1004	Ø 100 mm çapında sert PVC yağmur oluğu temini ve yerine tesbiti	m	371.10	Insaat_Analiz_TUM_2026
15.315.1005	Ø 150 mm çapında sert PVC yağmur oluğu temini ve yerine tesbiti	m	437.71	Insaat_Analiz_TUM_2026
15.315.1101	0.50 mm kalınlıkta, sıcak daldırma galvaniz üzeri boyalı düz sacdan eksiz oluk yapılması ve	m	310.75	Insaat_Analiz_TUM_2026
15.320.1001	Mevcut ahşap, betonarme yada çelik aşıklar üzerine, 50 mm poliüretan yalıtımlı (üstü 0.50	m²	1459.66	Insaat_Analiz_TUM_2026
15.320.1002	Mevcut ahşap, betonarme yada çelik aşıklar üzerine, 50 mm poliüretan yalıtımlı (üstü 1.20	m²	2015.91	Insaat_Analiz_TUM_2026
15.320.1003	Mevcut ahşap, betonarme yada çelik aşıklar üzerine, 50 mm poliüretan yalıtımlı (üstü 1.20	m²	2075.91	Insaat_Analiz_TUM_2026
15.320.1004	Mevcut ahşap, betonarme yada çelik aşıklar üzerine, 50 mm poliizosiyanurat yalıtımlı (üstü	m²	1572.16	Insaat_Analiz_TUM_2026
15.320.1005	Mevcut ahşap, betonarme yada çelik aşıklar üzerine, 50 mm poliizosiyanurat yalıtımlı (üstü	m²	2165.91	Insaat_Analiz_TUM_2026
15.320.1006	Mevcut ahşap, betonarme yada çelik aşıklar üzerine, 50 mm poliizosiyanurat yalıtımlı (üstü	m²	2180.91	Insaat_Analiz_TUM_2026
15.320.1007	Mevcut ahşap, betonarme yada çelik aşıklar üzerine, 60 mm polistren yalıtımlı (üstü 0.70	m²	1684.66	Insaat_Analiz_TUM_2026
15.320.1008	Mevcut ahşap, betonarme yada çelik aşıklar üzerine, 60 mm polistren yalıtımlı (üstü 0.50	m²	1437.16	Insaat_Analiz_TUM_2026
15.320.1009	Mevcut ahşap, betonarme yada çelik aşıklar üzerine, 60 mm polistren yalıtımlı (üstü 0.50	m²	1557.16	Insaat_Analiz_TUM_2026
15.320.1010	Mevcut çelik aşıklar üzerine, 60 mm taşyünü yalıtımlı (üstü 0.50 mm kalınlıkta boyalı	m²	1854.98	Insaat_Analiz_TUM_2026
15.320.1011	Mevcut çelik aşıklar üzerine, 60 mm taşyünü yalıtımlı (üstü 1.20 mm kalınlıkta PVC	m²	2415.60	Insaat_Analiz_TUM_2026
15.320.1012	Mevcut çelik aşıklar üzerine, 60 mm taşyünü yalıtımlı (üstü 1.20 mm kalınlıkta TPO	m²	2498.10	Insaat_Analiz_TUM_2026
15.320.1013	Mevcut çelik aşıklar üzerine, 60 mm taşyünü yalıtımlı (üstü 1.50 mm kalınlıkta TPO	m²	2543.10	Insaat_Analiz_TUM_2026
15.320.1014	Mevcut çelik aşıklar üzerine, 50 mm taşyünü + 25 mm poliüretan yalıtımlı (üstü 1.20 mm	m²	2640.60	Insaat_Analiz_TUM_2026
15.320.1015	Mevcut çelik aşıklar üzerine, 50 mm taşyünü + 25 mm poliüretan yalıtımlı (üstü 1.20 mm	m²	2693.10	Insaat_Analiz_TUM_2026
15.325.1001	Ahşap çatı üzerine 0,50 mm kalınlıkta 10 nolu çinkodan çatı örtüsü yapılması	m²	2398.81	Insaat_Analiz_TUM_2026
15.325.1002	Ahşap çatı üzerine 0,50 mm kalınlıkta bakır levhadan çatı örtüsü yapılması	m²	5560.13	Insaat_Analiz_TUM_2026
15.325.1003	Ahşap çatı üzerine 0,66 mm bakır levhadan çatı örtüsü yapılması	m²	6871.31	Insaat_Analiz_TUM_2026
15.325.1004	Ahşap çatı üzerine 0,70 mm kalınlıkta düz alüminyum levha (EN AW 3003 Al-Mn1 Cu ) ile	m²	2329.66	Insaat_Analiz_TUM_2026
15.325.1005	Mevcut ahşap, çelik ,betonarme kiriş veya aşıklı çatı üzerinde 0.70 mm kalınlığında	m²	1190.03	Insaat_Analiz_TUM_2026
15.325.1006	Mevcut ahşap, çelik ,betonarme kiriş veya aşıklı çatı üzerinde 0.70 mm kalınlığında	m²	1160.50	Insaat_Analiz_TUM_2026
15.325.1007	Mevcut betonarme, ön yapımlı hazır beton plak veya kaplama tahtalı ahşap çatı döşemesi üzerine 0.70 mm kalınlığında trapezoidal alüminyum levhalar (EN AW 3003 Al-Mn1 Cu) ile	m²	1364.40	Insaat_Analiz_TUM_2026
15.325.1008	Ahsap çatı üzerine 0.50 mm kalınlıkta sıcak daldırma galvanizli düz sac ile çatı örtüsü	m²	1470.75	Insaat_Analiz_TUM_2026
15.325.1009	Ahşap çatı üzerine 0.50 mm kalınlıkta sıcak daldırma galvanizli oluklu/trapez sac ile çatı	m²	654.61	Insaat_Analiz_TUM_2026
15.325.1101	Ahşap çatı üzerine elyaf takviyeli çimentodan yapılmış oluklu levhalarla çatı örtüsü	m²	544.44	Insaat_Analiz_TUM_2026
15.325.1102	Ahşap çatı üzerine her renkte oluklu bitümlü levhalarla çatı örtüsü yapılması (KATEGORİ	m²	464.38	Insaat_Analiz_TUM_2026
15.325.1103	Betonarme veya techizatlı hazır (hafif veya normal agrega ile) beton plaklarla yapılmış mevcut çatı döşemesi üzerine 0.50 mm kalınlıkta sıcak daldırma galvanizli, oluklu/trapez sac	m²	697.11	Insaat_Analiz_TUM_2026
15.325.1104	Betonarme veya teçhizatlı hazır (hafif veya normal agrega ile) beton plaklarla yapılmış mevcut çatı döşemesi üzerine elyaflı çimentodan yapılmış oluklu levhalarla çatı örtüsü	m²	631.94	Insaat_Analiz_TUM_2026
15.325.1105	Betonarme veya teçhizatlı hazır (hafif veya normal agrega ile) beton plaklarla yapılmış mevcut çatı döşemesi üzerine her renkte oluklu bitümlü levhalarla çatı örtüsü yapılması	m²	554.99	Insaat_Analiz_TUM_2026
15.325.1106	Çelik veya ön yapımlı betonarme kiriş üzerine her renkte oluklu bitümlü levhalarla çatı	m²	539.86	Insaat_Analiz_TUM_2026
15.325.1107	Betonarme çatı üzerine kurşun levha ile çatı örtüsü yapılması.	Kg	212.64	Insaat_Analiz_TUM_2026
15.325.1108	Techizatlı hazır beton plakla yapılmış mevcut döşemesi üzerine 0.50 mm kalınlıkta sıcak	m²	846.50	Insaat_Analiz_TUM_2026
15.325.1109	Çelik veya ön yapımlı betonarme kiriş üzerine 0.50 mm kalınlıkta sıcak daldırma galvanizli	m²	658.36	Insaat_Analiz_TUM_2026
15.325.1110	Çelik veya ön yapımlı betonarme kiriş üzerine elyaflı çimentolu oluklu levhalarla çatı örtüsü	m²	593.19	Insaat_Analiz_TUM_2026
15.330.1001	Eğimli çatılarda, çatı örtüsü altına, minimum 1 mm kalınlıkta iki yüzü polietilen film kaplı	m²	232.56	Insaat_Analiz_TUM_2026
15.330.1002	Eğimli çatılarda, çatı örtüsü altına, minimum 0,60 mm kalınlıkta iki yüzü polietilen film	m²	246.31	Insaat_Analiz_TUM_2026
15.330.1003	Eğimli çatılarda, çatı örtüsü altına, su buharı geçişine açık su yalıtım örtüsü ile su yalıtımı	m²	239.44	Insaat_Analiz_TUM_2026
15.330.1004	Eğimli çatılarda, çatı örtüsü altına, 3 mm kalınlıkta plastomer esaslı, cam tülü taşıyıcılı	m²	379.20	Insaat_Analiz_TUM_2026
15.330.1005	Eğimli çatılarda, çatı örtüsü altına, 3 mm kalınlıkta plastomer esaslı, polyester keçe taşıyıcılı	m²	406.70	Insaat_Analiz_TUM_2026
15.330.1006	Eğimli çatılarda, çatı örtüsü altına, 3 mm kalınlıkta elastomer esaslı, cam tülü taşıyıcılı	m²	402.58	Insaat_Analiz_TUM_2026
15.330.1007	Eğimli çatılarda, çatı örtüsü altına, 3 mm kalınlıkta elastomer esaslı, polyester keçe taşıyıcılı	m²	447.95	Insaat_Analiz_TUM_2026
15.330.1008	Eğimli çatılarda, çatı örtüsü altına, 3 mm kalınlıkta plastomer esaslı, cam tülü taşıyıcılı	m²	368.20	Insaat_Analiz_TUM_2026
15.330.1009	Eğimli çatılarda, çatı örtüsü altına, 3 mm kalınlıkta plastomer esaslı, polyester keçe taşıyıcılı	m²	392.95	Insaat_Analiz_TUM_2026
15.330.1010	Eğimli çatılarda, çatı örtüsü altına, organik lifli bitüm emdirilmiş kiremit altı su yalıtım	m²	378.75	Insaat_Analiz_TUM_2026
15.330.1011	Eğimli çatılarda, çatı örtüsü altına, organik lifli bitüm emdirilmiş kiremit altı su yalıtım	m²	476.86	Insaat_Analiz_TUM_2026
15.340.9951	2 mm kalınlıkta, polietilen köpüğünden mamul düz şilte (min.90 kg/m³ yoğunlukta) ile	m²	87.75	Insaat_Analiz_TUM_2026
15.340.9952	5 mm kalınlıkta, polietilen köpüğünden mamul düz şilte (min.90 kg/m³ yoğunlukta) ile	m²	154.69	Insaat_Analiz_TUM_2026
15.340.9953	8 mm kalınlıkta, polietilen köpüğünden mamul düz şilte (min.90 kg/m³ yoğunlukta) ile	m²	226.88	Insaat_Analiz_TUM_2026
15.340.9961	2 mm kalınlıkta, polietilen köpüğünden mamul delikli şilte (min.90 kg/m³ yoğunlukta) ile	m²	135.00	Insaat_Analiz_TUM_2026
15.340.9962	2,5 mm kalınlıkta, polietilen köpüğünden mamul delikli şilte (min.90 kg/m³ yoğunlukta) ile	m²	167.81	Insaat_Analiz_TUM_2026
15.340.9963	5 mm kalınlıkta, polietilen köpüğünden mamul delikli şilte (min.90 kg/m³ yoğunlukta) ile	m²	226.88	Insaat_Analiz_TUM_2026
15.341.1001	5 cm kalınlıkta Yüzeye dik çekme mukavemeti en az 100kPa (TR100) ekspande polistren levhalar (EPS ) ile dış duvarlarda dıştan ısı yalıtımı ve üzerine ısı yalıtım sıvası yapılması	m²	1000.81	Insaat_Analiz_TUM_2026
15.341.1002	6 cm kalınlıkta Yüzeye dik çekme mukavemeti en az 100kPa (TR100) ekspande polistren levhalar (EPS) ile dış duvarlarda dıştan ısı yalıtımı ve üzerine ısı yalıtım sıvası yapılması	m²	1022.46	Insaat_Analiz_TUM_2026
15.341.1003	8 cm kalınlıkta Yüzeye dik çekme mukavemeti en az 100kPa (TR100) ekspande polistren levhalar (EPS) ile dış duvarlarda dıştan ısı yalıtımı ve üzerine ısı yalıtım sıvası yapılması	m²	1065.78	Insaat_Analiz_TUM_2026
15.341.1004	10 cm kalınlıkta Yüzeye dik çekme mukavemeti en az 100kPa (TR100) ekspande polistren levhalar ile (EPS) dış duvarlarda dıştan ısı yalıtımı ve üzerine ısı yalıtım sıvası yapılması	m²	1109.09	Insaat_Analiz_TUM_2026
15.341.1021	5 cm kalınlıkta yüzeye dik çekme mukavemeti en az 100kPa (TR100) grafit/karbon esaslı ekspande polistren levhalar ile dış duvarlarda dıştan ısı yalıtımı ve üzerine ısı yalıtım sıvası	m²	1020.50	Insaat_Analiz_TUM_2026
15.341.1022	6 cm kalınlıkta yüzeye dik çekme mukavemeti en az 100kPa (TR100) grafit/karbon esaslı ekspande polistren (EPS) levhalar ile dış duvarlarda dıştan ısı yalıtımı ve üzerine ısı yalıtım	m²	1046.09	Insaat_Analiz_TUM_2026
15.341.1023	8 cm kalınlıkta yüzeye dik çekme mukavemeti en az 100kPa (TR100) grafit/karbon esaslı ekspande polistren levhalar (EPS) ile dış duvarlarda dıştan ısı yalıtımı ve üzerine ısı yalıtım	m²	1097.28	Insaat_Analiz_TUM_2026
15.341.1024	10 cm kalınlıkta yüzeye dik çekme mukavemeti en az 100kPa (TR100) grafit/karbon esaslı ekspande polistren levhalar ile dış duvarlarda dıştan ısı yalıtımı ve üzerine ısı yalıtım sıvası	m²	1148.46	Insaat_Analiz_TUM_2026
15.341.1041	5 cm kalınlıkta EPS levhalar (60 Kpa basınç dayanımlı) ile yatayda sadece çatı döşemesinde	m²	144.85	Insaat_Analiz_TUM_2026
15.341.1042	5 cm kalınlıkta EPS levhalar (90 Kpa basınç dayanımlı) ile yatayda (yüke maruz kalmayan	m²	157.98	Insaat_Analiz_TUM_2026
15.341.1043	5 cm kalınlıkta Grafit/Karbon Esaslı EPS levhalar (60 Kpa basınç dayanımlı) ile yatayda	m²	171.10	Insaat_Analiz_TUM_2026
15.341.1044	5 cm kalınlıkta Grafit/Karbon Esaslı EPS levhalar (90 Kpa basınç dayanımlı) ile yatayda	m²	187.50	Insaat_Analiz_TUM_2026
15.341.1061	5 cm kalınlıkta EPS levhalar (150 Kpa basınç dayanımlı) ile yatayda (yüke maruz kalan	m²	190.79	Insaat_Analiz_TUM_2026
15.341.1062	5 cm kalınlıkta EPS levhalar (200 Kpa basınç dayanımlı) ile yatayda (yüke maruz kalan	m²	230.16	Insaat_Analiz_TUM_2026
15.341.1063	5 cm kalınlıkta Grafit/Karbon Esaslı EPS levhalar (150 Kpa basınç dayanımlı) ile yatayda	m²	236.73	Insaat_Analiz_TUM_2026
15.341.1064	5 cm kalınlıkta Grafit/Karbon Esaslı EPS levhalar (200 Kpa basınç dayanımlı) ile yatayda	m²	282.66	Insaat_Analiz_TUM_2026
15.341.1081	5 cm kalınlıkta basma mukavemeti en az 90 kPa (CS(10)90) Ekspande Polistren levhalar	m²	986.11	Insaat_Analiz_TUM_2026
15.341.1082	5 cm kalınlıkta basma mukavemeti en az 150 kPa (CS(10)150) Ekspande Polistren levhalar	m²	1022.21	Insaat_Analiz_TUM_2026
15.341.1083	5 cm kalınlıkta Grafit/Karbon esaslı basma mukavemeti en az 90 kPa (CS(10)90) Ekspande Polistren levhalar (EPS) ile duvarlarda içten ısı yalıtımı ve üzerine ısı yalıtım sıvası	m²	1015.65	Insaat_Analiz_TUM_2026
15.341.1084	5 cm kalınlıkta Grafit/Karbon esaslı basma mukavemeti en az 150 kPa (CS(10)150) Ekspande Polistren levhalar (EPS) ile duvarlarda içten ısı yalıtımı ve üzerine ısı yalıtım	m²	1068.15	Insaat_Analiz_TUM_2026
15.341.1101	10 cm kalınlıkta basma mukavemeti en az 100 kPa (üzeri gezilmeyen teras çatılarda)	m²	292.50	Insaat_Analiz_TUM_2026
15.341.1102	10 cm kalınlıkta basma mukavemeti en az 150 kPa ekspande polistren levhalar (EPS) ile	m²	338.44	Insaat_Analiz_TUM_2026
15.341.1103	10 cm kalınlıkta basma mukavemeti en az 100 kPa (üzeri gezilmeyen teras çatılarda)	m²	364.69	Insaat_Analiz_TUM_2026
15.341.1104	10 cm kalınlıkta basma mukavemeti en az 150 kPa grafit/karbon esaslı ekspande polistren	m²	430.31	Insaat_Analiz_TUM_2026
15.341.1121	10 cm kalınlıkta EPS (Basma mukavemeti en az 200 kPa) ile ters teras çatılarda ısı yalıtımı	m²	417.19	Insaat_Analiz_TUM_2026
15.341.1122	10 cm kalınlıkta EPS (Basma mukavemeti en az 250 kPa) ile ters teras çatılarda ısı yalıtımı	m²	489.38	Insaat_Analiz_TUM_2026
15.341.1123	10 cm kalınlıkta Grafit/Karbon Esaslı EPS (Basma mukavemeti en az 200 kPa) ile ters teras	m²	522.19	Insaat_Analiz_TUM_2026
15.341.1124	10 cm kalınlıkta Grafit/Karbon Esaslı EPS (Basma mukavemeti en az 250 kPa) ile ters teras	m²	620.63	Insaat_Analiz_TUM_2026
15.341.1141	8 cm kalınlıkta Basma mukavemeti en az 250 kPa ekspande polistren levhalar (EPS ) ile	m²	342.38	Insaat_Analiz_TUM_2026
15.341.1142	8 cm kalınlıkta Basma mukavemeti en az 250 kPa grafit/karbon esaslı ekspande polistren	m²	426.38	Insaat_Analiz_TUM_2026
15.341.2001	6 cm kalınlıkta yüzeye dik çekme mukavemeti en az 200 kPa olan, yüzeyi pürüzlü veya pürüzlü kanallı ekstrüde polistren levhalar ile dış duvarlarda dıştan ısı yalıtımı ve üzerine	m²	1207.53	Insaat_Analiz_TUM_2026
15.341.2002	6 cm kalınlıkta yüzeye dik çekme mukavemeti en az 400 kPa olan, yüzeyi pürüzlü veya pürüzlü kanallı ekstrüde polistren levhalar ile dış duvarlarda dıştan ısı yalıtımı ve üzerine ısı	m²	1345.34	Insaat_Analiz_TUM_2026
15.341.2003	8 cm kalınlıkta yüzeye dik çekme mukavemeti en az 200 kPa olan, yüzeyi pürüzlü veya pürüzlü kanallı ekstrüde polistren levhalar ile dış duvarlarda dıştan ısı yalıtımı ve üzerine ısı	m²	1312.53	Insaat_Analiz_TUM_2026
15.341.2004	8 cm kalınlıkta yüzeye dik çekme mukavemeti en az 400 kPa olan, yüzeyi pürüzlü veya pürüzlü kanallı ekstrüde polistren levhalar ile dış duvarlarda dıştan ısı yalıtımı ve üzerine ısı	m²	1496.28	Insaat_Analiz_TUM_2026
15.341.2021	5 cm kalınlıkta yüzeyi düzgün levhalar ile basma mukavemeti en az 100 kPa (Yüke maruz	m²	269.54	Insaat_Analiz_TUM_2026
15.341.2022	5 cm kalınlıkta yüzeyi düzgün levhalar ile basma mukavemeti en az 200 kPa olan XPS	m²	302.35	Insaat_Analiz_TUM_2026
15.341.2023	6 cm kalınlıkta yüzeyi düzgün levhalar ile basma mukavemeti en az 100 kPa (Yüke maruz	m²	314.81	Insaat_Analiz_TUM_2026
15.341.2024	6 cm kalınlıkta yüzeyi düzgün levhalar ile basma mukavemeti en az 200 kPa olan XPS	m²	354.19	Insaat_Analiz_TUM_2026
15.341.2025	6 cm kalınlıkta yüzeyi düzgün levhalar ile basma mukavemeti en az 300 kPa olan XPS	m²	377.81	Insaat_Analiz_TUM_2026
15.341.2026	8 cm kalınlıkta yüzeyi düzgün levhalar ile basma mukavemeti en az 300 kPa olan XPS	m²	489.38	Insaat_Analiz_TUM_2026
15.341.2041	Basma mukavemeti en az 300 kPa, 0.030<Isıl iletkenlik katsayısı ≤ 0.035 W/(m.K) olan, 5 cm	m²	328.60	Insaat_Analiz_TUM_2026
15.341.2042	Basma mukavemeti en az 300 kPa, 0.030<Isıl iletkenlik katsayısı ≤ 0.035 W/(m.K) olan), 6	m²	385.69	Insaat_Analiz_TUM_2026
15.341.2043	Basma mukavemeti en az 300 kPa, 0.030<Isıl iletkenlik katsayısı ≤ 0.035 W/(m.K) olan), 8	m²	499.88	Insaat_Analiz_TUM_2026
15.341.2044	Basma mukavemeti en az 300 kPa, 0.030<Isıl iletkenlik katsayısı ≤ 0.035 W/(m.K) olan), 10	m²	614.06	Insaat_Analiz_TUM_2026
15.341.2045	Basma mukavemeti en az 300 kPa, 0.035<Isıl iletkenlik katsayısı ≤ 0.040 W/(m.K) olan, 5 cm	m²	322.04	Insaat_Analiz_TUM_2026
15.341.2046	Basma mukavemeti en az 300 kPa, 0.035<Isıl iletkenlik katsayısı ≤ 0.040 W/(m.K) olan, 6 cm	m²	377.81	Insaat_Analiz_TUM_2026
15.341.2047	Basma mukavemeti en az 300 kPa, 0.035<Isıl iletkenlik katsayısı ≤ 0.040 W/(m.K) olan, 8 cm	m²	489.38	Insaat_Analiz_TUM_2026
15.341.2048	Basma mukavemeti en az 300 kPa, 0.035<Isıl iletkenlik katsayısı ≤ 0.040 W/(m.K) olan, 10	m²	600.94	Insaat_Analiz_TUM_2026
15.341.2061	Basma mukavemeti en az 200 kPa, 0.030<Isıl iletkenlik katsayısı ≤ 0.035 W/(m.K) olan, 10	m²	600.94	Insaat_Analiz_TUM_2026
15.341.2062	Basma mukavemeti en az 200 kPa, 0.035<Isıl iletkenlik katsayısı ≤ 0.040 W/(m.K) olan, 10	m²	594.38	Insaat_Analiz_TUM_2026
15.341.2063	Basma mukavemeti en az 200 kPa, 0.040<Isıl iletkenlik katsayısı ≤ 0.045 W/(m.K) olan, 10	m²	555.00	Insaat_Analiz_TUM_2026
15.341.2064	Basma mukavemeti en az 300 kPa, 0.030<Isıl iletkenlik katsayısı ≤ 0.035 W/(m.K) olan, 10	m²	646.88	Insaat_Analiz_TUM_2026
15.341.2065	Basma mukavemeti en az 300 kPa, 0.035<Isıl iletkenlik katsayısı ≤ 0.040 W/(m.K) olan, 10	m²	640.31	Insaat_Analiz_TUM_2026
15.341.2066	Basma mukavemeti en az 300 kPa, 0.040<Isıl iletkenlik katsayısı ≤ 0.045 W/(m.K) olan, 10	m²	600.94	Insaat_Analiz_TUM_2026
15.341.2081	6 cm kalınlıkta 0.030<Isıl iletkenlik katsayısı ≤ 0.035 W/(m.K) olan levhalar (XPS - 300 Kpa	m²	466.25	Insaat_Analiz_TUM_2026
15.341.2082	6 cm kalınlıkta 0.035<Isıl iletkenlik katsayısı ≤ 0.040 W/(m.K) olan levhalar (XPS - 300 Kpa	m²	454.44	Insaat_Analiz_TUM_2026
15.341.2083	6 cm kalınlıkta 0.040<Isıl iletkenlik katsayısı ≤ 0.045 W/(m.K) olan levhalar (XPS - 300 Kpa	m²	438.69	Insaat_Analiz_TUM_2026
15.341.2084	6 cm kalınlıkta 0.030<Isıl iletkenlik katsayısı ≤ 0.035 W/(m.K) olan levhalar (XPS - 400 Kpa	m²	600.13	Insaat_Analiz_TUM_2026
15.341.2085	6 cm kalınlıkta 0.035<Isıl iletkenlik katsayısı ≤ 0.040 W/(m.K) olan levhalar (XPS - 400 Kpa	m²	572.56	Insaat_Analiz_TUM_2026
15.341.2086	6 cm kalınlıkta 0.040<Isıl iletkenlik katsayısı ≤ 0.045 W/(m.K) olan levhalar (XPS - 400 Kpa	m²	552.88	Insaat_Analiz_TUM_2026
15.341.2101	5 cm kalınlıkta yüzeye dik çekme mukavemeti en az 200 kPa Ekstrüde Polistren levhalar	m²	1186.28	Insaat_Analiz_TUM_2026
15.341.3001	5 cm kalınlıkta yüzeye dik çekme mukavemeti en az 7,5kPa (TR7,5) taşyünü levhalar ile dış duvarlarda dıştan ısı yalıtımı ve üzerine ısı yalıtım sıvası yapılması (Mantolama)	m²	1244.46	Insaat_Analiz_TUM_2026
15.341.3002	6 cm kalınlıkta yüzeye dik çekme mukavemeti en az 7,5kPa (TR7,5) taşyünü levhalar ile dış duvarlarda dıştan ısı yalıtımı ve üzerine ısı yalıtım sıvası yapılması (Mantolama)	m²	1296.96	Insaat_Analiz_TUM_2026
15.341.3003	8 cm kalınlıkta yüzeye dik çekme mukavemeti en az 7,5kPa (TR7,5) taşyünü levhalar ile dış duvarlarda dıştan ısı yalıtımı ve üzerine ısı yalıtım sıvası yapılması (Mantolama)	m²	1401.96	Insaat_Analiz_TUM_2026
15.341.3004	10 cm kalınlıkta yüzeye dik çekme mukavemeti en az 7,5kPa (TR7,5) taşyünü levhalar ile dış	m²	1509.21	Insaat_Analiz_TUM_2026
15.341.3021	Basma mukavemeti en az 60 kPa 8 cm kalınlıkta taşyünü levhalar ile teras çatılarda ısı	m²	646.88	Insaat_Analiz_TUM_2026
15.341.3022	Basma mukavemeti en az 70 kPa 8 cm kalınlıkta taşyünü levhalar teras çatılarda ısı yalıtımı	m²	666.56	Insaat_Analiz_TUM_2026
15.341.3023	Basma mukavemeti en az 80 kPa 8 cm kalınlıkta taşyünü levhalar ile teras çatılarda ısı	m²	765.00	Insaat_Analiz_TUM_2026
15.341.3024	Basma mukavemeti en az 90 kPa 8 cm kalınlıkta taşyünü levhalar ile teras çatılarda ısı	m²	791.25	Insaat_Analiz_TUM_2026
15.341.3025	Basma mukavemeti en az 100 kPa 8 cm kalınlıkta taşyünü levhalar ile teras çatılarda ısı	m²	870.00	Insaat_Analiz_TUM_2026
15.341.3041	Basma mukavemeti en az 10 kPa olan 2,5 cm kalınlıkta taşyünü levhalar ile yatayda (zemin	m²	240.00	Insaat_Analiz_TUM_2026
15.341.3042	Basma mukavemeti en az 15 kPa olan 2,5 cm kalınlıkta taşyünü levhalarile yatayda (zemin	m²	259.69	Insaat_Analiz_TUM_2026
15.341.3061	0,030 ≤ Isıl iletkenliği < 0,035W/(m.K) olan 2,5 cm kalınlıkta taşyünü levhalar ile yatayda	m²	130.25	Insaat_Analiz_TUM_2026
15.341.3062	0,035 ≤ Isıl iletkenliği ≤ 0,040 W/(m.K) olan 2,5 cm kalınlıkta taşyünü levhalar ile yatayda	m²	115.45	Insaat_Analiz_TUM_2026
15.341.3081	6 cm kalınlıkta taşyünü levhalar ile asma tavanlarda, bölme duvarlarda ve yükseltilmiş	m²	200.63	Insaat_Analiz_TUM_2026
15.341.3082	6 cm kalınlıkta taşyünü levhalar ile asma tavanlarda, bölme duvarlarda ve yükseltilmiş	m²	263.63	Insaat_Analiz_TUM_2026
15.341.3083	6 cm kalınlıkta taşyünü levhalar ile asma tavanlarda, bölme duvarlarda ve yükseltilmiş	m²	318.75	Insaat_Analiz_TUM_2026
15.341.4001	Çatı arasına döşeme üzerine uygulamalar için, 0,035 ≤ Isıl iletkenliği < 0,040W/(m.K) olan,	m²	289.50	Insaat_Analiz_TUM_2026
15.341.4002	Çatı arasına döşeme üzerine uygulamalar için, 0,040 ≤ Isıl iletkenliği ≤ 0,045W/(m.K) olan,	m²	245.93	Insaat_Analiz_TUM_2026
15.341.4003	Çatı arasına döşeme üzerine uygulamalar için, 0,035 ≤ Isıl iletkenliği < 0,040W/(m.K) olan,	m²	326.25	Insaat_Analiz_TUM_2026
15.341.4004	Çatı arasına döşeme üzerine uygulamalar için, 0,040 ≤ Isıl iletkenliği ≤ 0,045W/(m.K) olan,	m²	273.75	Insaat_Analiz_TUM_2026
15.341.4005	Çatı arasına döşeme üzerine uygulamalar için, 0,035 ≤ Isıl iletkenliği < 0,040W/(m.K) olan,	m²	410.25	Insaat_Analiz_TUM_2026
15.341.4006	Çatı arasına döşeme üzerine uygulamalar için, 0,040 ≤ Isıl iletkenliği ≤ 0,045W/(m.K) olan,	m²	323.10	Insaat_Analiz_TUM_2026
15.341.4007	Çatı arasına döşeme üzerine uygulamalar için, 0,035 ≤ Isıl iletkenliği < 0,040W/(m.K) olan,	m²	464.06	Insaat_Analiz_TUM_2026
15.341.4008	Çatı arasına döşeme üzerine uygulamalar için, 0,040 ≤ Isıl iletkenliği ≤ 0,045W/(m.K) olan,	m²	365.63	Insaat_Analiz_TUM_2026
15.341.4021	6 cm kalınlıkta camyünü şilte ile yükseltilmiş döşemelerde asma tavanlarda ve diğer	m²	173.06	Insaat_Analiz_TUM_2026
15.341.4022	6 cm kalınlıkta camyünü şilte ile yükseltilmiş döşemelerde asma tavanlarda ve diğer	m²	180.94	Insaat_Analiz_TUM_2026
15.341.4023	6 cm kalınlıkta camyünü şilte ile yükseltilmiş döşemelerde asma tavanlarda ve diğer	m²	184.88	Insaat_Analiz_TUM_2026
15.341.4041	6 cm kalınlıkta camyünü levhalar ile bölme duvar, yükseltilmiş döşeme, asma tavan vb.	m²	385.69	Insaat_Analiz_TUM_2026
15.341.4042	6 cm kalınlıkta camyünü levhalar ile bölme duvar, yükseltilmiş döşeme, asma tavan vb. diğer	m²	401.44	Insaat_Analiz_TUM_2026
15.341.4043	6 cm kalınlıkta camyünü levhalar ile bölme duvar, yükseltilmiş döşeme, asma tavan vb. diğer	m²	417.19	Insaat_Analiz_TUM_2026
15.345.1001	5 cm kalınlıkta gazbeton ısı yalıtım levhası ile dış duvarlarda dıştan ısı yalıtımı ve üzerine	m²	1539.24	Insaat_Analiz_TUM_2026
15.345.1002	6 cm kalınlıkta gazbeton ısı yalıtım levhası ile dış duvarlarda dıştan ısı yalıtımı ve üzerine	m²	1631.11	Insaat_Analiz_TUM_2026
15.345.1003	7 cm kalınlıkta gazbeton ısı yalıtım levhası ile dış duvarlarda dıştan ısı yalıtımı ve üzerine	m²	1722.99	Insaat_Analiz_TUM_2026
15.345.1004	8 cm kalınlıkta gazbeton ısı yalıtım levhası ile dış duvarlarda dıştan ısı yalıtımı ve üzerine	m²	1814.86	Insaat_Analiz_TUM_2026
15.345.1005	9 cm kalınlıkta gazbeton ısı yalıtım levhası ile dış duvarlarda dıştan ısı yalıtımı ve üzerine	m²	1906.74	Insaat_Analiz_TUM_2026
15.345.1006	10 cm kalınlıkta gazbeton ısı yalıtım levhası ile dış duvarlarda dıştan ısı yalıtımı ve üzerine	m²	1998.61	Insaat_Analiz_TUM_2026
15.345.1101	5 cm kalınlıkta gazbeton ısı yalıtım levhaları ile betonarme tavanlarda ısı yalıtımı yapılması	m²	905.08	Insaat_Analiz_TUM_2026
15.345.1102	6 cm kalınlıkta gazbeton ısı yalıtım levhaları ile betonarme tavanlarda ısı yalıtımı yapılması	m²	996.95	Insaat_Analiz_TUM_2026
15.345.1103	7 cm kalınlıkta gazbeton ısı yalıtım levhaları ile betonarme tavanlarda ısı yalıtımı yapılması	m²	1088.83	Insaat_Analiz_TUM_2026
15.345.1104	8 cm kalınlıkta gazbeton ısı yalıtım levhaları ile betonarme tavanlarda ısı yalıtımı yapılması	m²	1180.70	Insaat_Analiz_TUM_2026
15.345.1105	9 cm kalınlıkta gazbeton ısı yalıtım levhaları ile betonarme tavanlarda ısı yalıtımı yapılması	m²	1272.58	Insaat_Analiz_TUM_2026
15.345.1106	10 cm kalınlıkta gazbeton ısı yalıtım levhaları ile betonarme tavanlarda ısı yalıtımı yapılması	m²	1364.45	Insaat_Analiz_TUM_2026
15.360.1001	Alüminyum köse profilinin (fileli) temini ve yerine tesbiti	m	50.56	Insaat_Analiz_TUM_2026
15.360.1002	PVC köse profilinin (fileli) temini ve yerine tespiti	m	44.66	Insaat_Analiz_TUM_2026
15.360.1003	Alüminyum damlalıklı köşe profilinin (fileli) temini ve yerine tespiti	m	68.94	Insaat_Analiz_TUM_2026
15.360.1004	PVC damlalıklı köşe profilinin (fileli) temini ve yerine tespiti	m	51.88	Insaat_Analiz_TUM_2026
15.360.1005	3 cm ile 5 cm arası mantolama kalınlıkları için alüminyum su basman profilinin temini ve	m	98.75	Insaat_Analiz_TUM_2026
15.360.1006	3 cm ile 5 cm (5 cm dahil) arası dilatasyon açıklıkları için kauçuk nem bariyerli pvc esaslı	m	196.25	Insaat_Analiz_TUM_2026
15.360.1007	Kendinden yapışkanlı fileli PVC Pencere ve Kapı Bağlantı (Doğrama bitiş profili) Profilinin	m	74.19	Insaat_Analiz_TUM_2026
15.365.1001	Çimento esaslı kendiliğinden yerleşen (self leveling) harç ile ortalama 2 mm kalınlıkta zemin	m²	1047.03	Insaat_Analiz_TUM_2026
15.365.1002	Çimento esaslı kendiliğinden yerleşen (self leveling) harç ile ortalama 2 mm kalınlıkta zemin tesviyesi yapılması ve üzerine 2mm kalınlıkda PVC esaslı yer döseme kaplaması yapılması	m²	948.59	Insaat_Analiz_TUM_2026
15.365.1003	Çimento esaslı kendiliğinden yerleşen (self leveling) harç ile ortalama 2 mm kalınlıkta zemin	m²	1027.34	Insaat_Analiz_TUM_2026
15.365.1004	Çimento esaslı kendiliğinden yerleşen (self leveling) harç ile ortalama 2 mm kalınlıkta zemin	m²	1270.15	Insaat_Analiz_TUM_2026
15.365.1005	Çimento esaslı kendiliğinden yerleşen (self leveling) harç ile ortalama 2 mm kalınlıkta zemin	m²	1276.71	Insaat_Analiz_TUM_2026
15.365.1006	Çimento esaslı kendiliğinden yerleşen (self leveling) harç ile ortalama 2 mm kalınlıkta zemin	m²	1447.34	Insaat_Analiz_TUM_2026
15.365.1007	Çimento esaslı kendiliğinden yerleşen (self leveling) harç ile ortalama 2 mm kalınlıkta zemin	m²	1145.46	Insaat_Analiz_TUM_2026
15.365.1008	Çimento esaslı kendiliğinden yerleşen (self leveling) harç ile ortalama 2 mm kalınlıkta zemin tesviyesi yapılması ve üzerine 2mm kalınlıkda PVC esaslı yer döseme kaplaması yapılması	m²	1191.40	Insaat_Analiz_TUM_2026
15.365.1009	Çimento esaslı kendiliğinden yerleşen (self leveling) harç ile ortalama 2 mm kalınlıkta zemin tesviyesi yapılması ve üzerine 2mm kalınlıkda PVC esaslı karo yer döseme kaplaması	m²	1394.84	Insaat_Analiz_TUM_2026
15.365.1021	Alçı esaslı kendiliğinden yerleşen (self leveling) harç ile ortalama 2 mm kalınlıkta zemin	m²	1025.40	Insaat_Analiz_TUM_2026
15.365.1022	Alçı esaslı kendiliğinden yerleşen (self leveling) harç ile ortalama 2 mm kalınlıkta zemin tesviyesi yapılması ve üzerine 2mm kalınlıkda PVC esaslı yer döseme kaplaması yapılması	m²	926.96	Insaat_Analiz_TUM_2026
15.365.1023	Alçı esaslı kendiliğinden yerleşen (self leveling) harç ile ortalama 2 mm kalınlıkta zemin	m²	1005.71	Insaat_Analiz_TUM_2026
15.365.1024	Alçı esaslı kendiliğinden yerleşen (self leveling) harç ile ortalama 2 mm kalınlıkta zemin	m²	1248.53	Insaat_Analiz_TUM_2026
15.365.1025	Alçı esaslı kendiliğinden yerleşen (self leveling) harç ile ortalama 2 mm kalınlıkta zemin	m²	1255.09	Insaat_Analiz_TUM_2026
15.365.1026	Alçı esaslı kendiliğinden yerleşen (self leveling) harç ile ortalama 2 mm kalınlıkta zemin	m²	1425.71	Insaat_Analiz_TUM_2026
15.365.1027	Alçı esaslı kendiliğinden yerleşen (self leveling) harç ile ortalama 2 mm kalınlıkta zemin	m²	1123.84	Insaat_Analiz_TUM_2026
15.365.1028	Alçı esaslı kendiliğinden yerleşen (self leveling) harç ile ortalama 2 mm kalınlıkta zemin tesviyesi yapılması ve üzerine 2mm kalınlıkda PVC esaslı yer döseme kaplaması yapılması	m²	1169.78	Insaat_Analiz_TUM_2026
15.365.1029	Alçı esaslı kendiliğinden yerleşen (self leveling) harç ile ortalama 2 mm kalınlıkta zemin tesviyesi yapılması ve üzerine 2mm kalınlıkda PVC esaslı karo yer döseme kaplaması	m²	1373.21	Insaat_Analiz_TUM_2026
15.365.1101	Çimento esaslı kendiliğinden yerleşen (self leveling) harç ile ortalama 2 mm kalınlıkta zemin	m²	2087.65	Insaat_Analiz_TUM_2026
15.365.1102	Çimento esaslı kendiliğinden yerleşen (self leveling) harç ile ortalama 2 mm kalınlıkta zemin	m²	2612.65	Insaat_Analiz_TUM_2026
15.365.1103	Çimento esaslı kendiliğinden yerleşen (self leveling) harç ile ortalama 2 mm kalınlıkta zemin	m²	3268.90	Insaat_Analiz_TUM_2026
15.365.1111	Alçı esaslı kendiliğinden yerleşen (self leveling) harç ile ortalama 2 mm kalınlıkta zemin	m²	2066.03	Insaat_Analiz_TUM_2026
15.365.1112	Alçı esaslı kendiliğinden yerleşen (self leveling) harç ile ortalama 2 mm kalınlıkta zemin	m²	2591.03	Insaat_Analiz_TUM_2026
15.365.1113	Alçı esaslı kendiliğinden yerleşen (self leveling) harç ile ortalama 2 mm kalınlıkta zemin	m²	3247.28	Insaat_Analiz_TUM_2026
15.365.1501	Çimento esaslı kendiliğinden yerleşen (self leveling) harç ile ortalama 2 mm kalınlıkta zemin tesviyesi yapılması ve üzerine 2 mm kalınlıkta Linolyum zemin kaplaması yapılması (Sınıf	m²	1192.09	Insaat_Analiz_TUM_2026
15.365.1502	Çimento esaslı kendiliğinden yerleşen (self leveling) harç ile ortalama 2 mm kalınlıkta zemin tesviyesi yapılması ve üzerine 2,5 mm kalınlıkta Linolyum zemin kaplaması yapılması (Sınıf	m²	1119.90	Insaat_Analiz_TUM_2026
15.365.1503	Çimento esaslı kendiliğinden yerleşen (self leveling) harç ile ortalama 2 mm kalınlıkta zemin tesviyesi yapılması ve üzerine 3,2 mm kalınlıkta Linolyum zemin kaplaması yapılması (Sınıf	m²	1448.03	Insaat_Analiz_TUM_2026
15.365.1511	Alçı esaslı kendiliğinden yerleşen (self leveling) harç ile ortalama 2 mm kalınlıkta zemin tesviyesi yapılması ve üzerine 2 mm kalınlıkta Linolyum zemin kaplaması yapılması (Sınıf	m²	1170.46	Insaat_Analiz_TUM_2026
15.365.1512	Alçı esaslı kendiliğinden yerleşen (self leveling) harç ile ortalama 2 mm kalınlıkta zemin tesviyesi yapılması ve üzerine 2,5 mm kalınlıkta Linolyum zemin kaplaması yapılması (Sınıf	m²	1098.28	Insaat_Analiz_TUM_2026
15.365.1513	Alçı esaslı kendiliğinden yerleşen (self leveling) harç ile ortalama 2 mm kalınlıkta zemin tesviyesi yapılması ve üzerine 3,2 mm kalınlıkta Linolyum zemin kaplaması yapılması (Sınıf	m²	1426.40	Insaat_Analiz_TUM_2026
15.365.1701	PVC esaslı esnek süpürgelik temini ve yerine tespit edilmesi.	m	72.31	Insaat_Analiz_TUM_2026
15.365.1702	PVC esaslı kendinden dönüşlü kepli süpürgelik temini ve yerine tespit edilmesi.	m	98.44	Insaat_Analiz_TUM_2026
15.365.1751	PVC esaslı geçiş profili (4 cm genişliğinde) temini ve yerine monte edilmesi.	m	178.88	Insaat_Analiz_TUM_2026
15.365.1752	Alüminyum esaslı geçiş profili (4 cm genişliğinde) temini ve yerine monte edilmesi.	m	249.00	Insaat_Analiz_TUM_2026
15.375.1003	40 x 40 cm anma ebatlarında, her türlü desen ve yüzey özelliğinde, I.kalite, beyaz seramik	m²	684.81	Insaat_Analiz_TUM_2026
15.375.1004			684.81	Ana_BF_2026
15.375.1053	40 x 40 cm anma ebatlarında, her türlü desen ve yüzey özelliğinde, I.kalite, renkli seramik	m²	704.69	Insaat_Analiz_TUM_2026
15.375.1054	SERAMİK KAROLAR İLE DÖŞEME VE DUVAR KAPLAMALARI		704.69	Ana_BF_2026
15.380.1005			714.70	Ana_BF_2026
15.380.1055			734.39	Ana_BF_2026
15.380.1056	karoları ile 3 mm derz aralıklı döşeme kaplaması yapılması (karo yapıştırıcısı ile)		700.26	Ana_BF_2026
15.385.1005	40 x 40 cm anma ebatlarında, her türlü desen ve yüzey özelliğinde, I.kalite, beyaz, sırlı	m²	809.54	Insaat_Analiz_TUM_2026
15.385.1006			809.54	Ana_BF_2026
15.385.1008	60 x 60 cm anma ebatlarında, her türlü desen ve yüzey özelliğinde, I.kalite, beyaz, sırlı	m²	883.74	Insaat_Analiz_TUM_2026
15.385.1009	15 x 60 cm anma ebatlarında, her türlü desen ve yüzey özelliğinde, I.kalite, beyaz, sırlı	m²	959.26	Insaat_Analiz_TUM_2026
15.385.1010	30 x 60 cm anma ebatlarında, her türlü desen ve yüzey özelliğinde, I.kalite, beyaz, sırlı	m²	895.66	Insaat_Analiz_TUM_2026
15.385.1024			895.66	Ana_BF_2026
15.385.1025	40 x 40 cm anma ebatlarında, her türlü desen ve yüzey özelliğinde, I.kalite, renkli, sırlı	m²	829.41	Insaat_Analiz_TUM_2026
15.385.1026			829.41	Ana_BF_2026
15.385.1028	60 x 60 cm anma ebatlarında, her türlü desen ve yüzey özelliğinde, I.kalite, renkli, sırlı	m²	895.66	Insaat_Analiz_TUM_2026
15.385.1029	15 x 60 cm anma ebatlarında, her türlü desen ve yüzey özelliğinde, I.kalite, renkli, sırlı	m²	971.19	Insaat_Analiz_TUM_2026
15.385.1030	30 x 60 cm anma ebatlarında, her türlü desen ve yüzey özelliğinde, I.kalite, renkli, sırlı	m²	923.49	Insaat_Analiz_TUM_2026
15.385.1043	20 x 20 cm anma ebatlarında, her türlü desen ve yüzey özelliğinde, I.kalite, beyaz, sırlı porselen karo ile 3 mm derz aralıklı duvar ve cephe kaplaması yapılması (karo yapıştırıcısı	m²	995.89	Insaat_Analiz_TUM_2026
15.385.1044			995.89	Ana_BF_2026
15.385.1045	40 x 40 cm anma ebatlarında, her türlü desen ve yüzey özelliğinde, I.kalite, beyaz, sırlı porselen karo ile 3 mm derz aralıklı duvar ve cephe kaplaması yapılması (karo yapıştırıcısı	m²	848.29	Insaat_Analiz_TUM_2026
15.385.1046	karo ile 3 mm derz aralıklı döşeme kaplaması yapılması (karo yapıştırıcısı ile)		848.29	Ana_BF_2026
15.385.1049	15 x 60 cm anma ebatlarında, her türlü desen ve yüzey özelliğinde, I.kalite, beyaz, sırlı porselen karo ile 3 mm derz aralıklı duvar ve cephe kaplaması yapılması (karo yapıştırıcısı	m²	998.01	Insaat_Analiz_TUM_2026
15.385.1050	30 x 60 cm anma ebatlarında, her türlü desen ve yüzey özelliğinde, I.kalite, beyaz, sırlı porselen karo ile 3 mm derz aralıklı duvar ve cephe kaplaması yapılması (karo yapıştırıcısı	m²	934.41	Insaat_Analiz_TUM_2026
15.385.1063	20 x 20 cm anma ebatlarında, her türlü desen ve yüzey özelliğinde, I.kalite, renkli, sırlı porselen karo ile 3 mm derz aralıklı duvar ve cephe kaplaması yapılması (karo yapıştırıcısı	m²	894.83	Insaat_Analiz_TUM_2026
15.385.1064			894.83	Ana_BF_2026
15.385.1065	40 x 40 cm anma ebatlarında, her türlü desen ve yüzey özelliğinde, I.kalite, renkli, sırlı porselen karo ile 3 mm derz aralıklı duvar ve cephe kaplaması yapılması (karo yapıştırıcısı	m²	868.16	Insaat_Analiz_TUM_2026
15.385.1066	karo ile 3 mm derz aralıklı duvar ve cephe kaplaması yapılması (karo yapıştırıcısı ile)		868.16	Ana_BF_2026
15.385.1069	15 x 60 cm anma ebatlarında, her türlü desen ve yüzey özelliğinde, I.kalite, renkli, sırlı porselen karo ile 3 mm derz aralıklı duvar ve cephe kaplaması yapılması (karo yapıştırıcısı	m²	1009.94	Insaat_Analiz_TUM_2026
15.385.1070	30 x 60 cm anma ebatlarında, her türlü desen ve yüzey özelliğinde, I.kalite, renkl, sırlı porselen karo ile 3 mm derz aralıklı duvar ve cephe kaplaması yapılması (karo yapıştırıcısı	m²	962.24	Insaat_Analiz_TUM_2026
15.390.1005	40 x 40 cm anma ebatlarında, her türlü renk, desen ve yüzey özelliğinde, I.kalite, mat, sırsız	m²	870.49	Insaat_Analiz_TUM_2026
15.390.1006			870.49	Ana_BF_2026
15.390.1008	60 x 60 cm anma ebatlarında, rektifiyeli, her türlü renk, desen ve yüzey özelliğinde, I.kalite, mat, sırsız porselen karo ile 3 mm derz aralıklı döşeme kaplaması yapılması (karo	m²	1034.79	Insaat_Analiz_TUM_2026
15.390.1009	15 x 60 cm anma ebatlarında, rektifiyeli, her türlü renk, desen ve yüzey özelliğinde, I.kalite, mat, sırsız porselen karo ile 3 mm derz aralıklı döşeme kaplaması yapılması (karo	m²	1034.79	Insaat_Analiz_TUM_2026
15.390.1010	30 x 60 cm anma ebatlarında, rektifiyeli, her türlü renk, desen ve yüzey özelliğinde, I.kalite, mat, sırsız porselen karo ile 3 mm derz aralıklı döşeme kaplaması yapılması (karo	m²	1042.74	Insaat_Analiz_TUM_2026
15.390.1025	40 x 40 cm anma ebatlarında, rektifiyeli, her türlü renk, desen ve yüzey özelliğinde, I.kalite, parlak, sırsız porselen karo ile 3 mm derz aralıklı döşeme kaplaması yapılması (karo	m²	997.69	Insaat_Analiz_TUM_2026
15.390.1028	60 x 60 cm anma ebatlarında, rektifiyeli, her türlü renk, desen ve yüzey özelliğinde, I.kalite, parlak, sırsız porselen karo ile 3 mm derz aralıklı döşeme kaplaması yapılması (karo	m²	1189.81	Insaat_Analiz_TUM_2026
15.390.1029	15 x 60 cm anma ebatlarında, rektifiyeli, her türlü renk, desen ve yüzey özelliğinde, I.kalite, parlak, sırsız porselen karo ile 3 mm derz aralıklı döşeme kaplaması yapılması (karo	m²	1199.09	Insaat_Analiz_TUM_2026
15.390.1030	30 x 60 cm anma ebatlarında, rektifiyeli, her türlü renk, desen ve yüzey özelliğinde, I.kalite, parlak, sırsız porselen karo ile 3 mm derz aralıklı döşeme kaplaması yapılması (karo	m²	1240.16	Insaat_Analiz_TUM_2026
15.390.1043	20 x 20 cm anma ebatlarında, her türlü renk, desen ve yüzey özelliğinde, I.kalite, mat, sırsız porselen karo ile 3 mm derz aralıklı duvar ve cephe kaplaması yapılması (karo yapıştırıcısı	m²	923.70	Insaat_Analiz_TUM_2026
15.390.1045	40 x 40 cm anma ebatlarında, her türlü renk, desen ve yüzey özelliğinde, I.kalite, mat, sırsız porselen karo ile 3 mm derz aralıklı duvar ve cephe kaplaması yapılması (karo yapıştırıcısı	m²	909.24	Insaat_Analiz_TUM_2026
15.390.1046			909.24	Ana_BF_2026
15.390.1049	15 x 60 cm anma ebatlarında, rektifiyeli, her türlü renk, desen ve yüzey özelliğinde, I.kalite, mat, sırsız porselen karo ile 3 mm derz aralıklı duvar ve cephe kaplaması yapılması (karo	m²	1073.54	Insaat_Analiz_TUM_2026
15.390.1050	30 x 60 cm anma ebatlarında, rektifiyeli, her türlü renk, desen ve yüzey özelliğinde, I.kalite, mat, sırsız porselen karo ile 3 mm derz aralıklı duvar ve cephe kaplaması yapılması (karo	m²	1081.49	Insaat_Analiz_TUM_2026
15.390.1063	20 x 20 cm anma ebatlarında, rektifiyeli, her türlü renk, desen ve yüzey özelliğinde, I.kalite, parlak, sırsız porselen karo ile 3 mm derz aralıklı duvar ve cephe kaplaması yapılması (karo	m²	1044.45	Insaat_Analiz_TUM_2026
15.390.1064			1044.45	Ana_BF_2026
15.390.1065	40 x 40 cm anma ebatlarında, rektifiyeli, her türlü renk, desen ve yüzey özelliğinde, I.kalite, parlak, sırsız porselen karo ile 3 mm derz aralıklı duvar ve cephe kaplaması yapılması (karo	m²	1036.44	Insaat_Analiz_TUM_2026
15.390.1069	15 x 60 cm anma ebatlarında, rektifiyeli, her türlü renk, desen ve yüzey özelliğinde, I.kalite, parlak, sırsız porselen karo ile 3 mm derz aralıklı duvar ve cephe kaplaması yapılması (karo	m²	1237.84	Insaat_Analiz_TUM_2026
15.390.1070	30 x 60 cm anma ebatlarında, rektifiyeli, her türlü renk, desen ve yüzey özelliğinde, I.kalite, parlak, sırsız porselen karo ile 3 mm derz aralıklı duvar ve cephe kaplaması yapılması (karo	m²	1278.91	Insaat_Analiz_TUM_2026
15.400.1011	Mermer agregalı terrazo karo ile iç mekan döşeme kaplaması yapılması (Kırılma Yükü	m²	1692.25	Insaat_Analiz_TUM_2026
15.400.1012	Mermer agregalı terrazo karo ile iç mekan döşeme kaplaması yapılması (Kırılma Yükü	m²	1767.06	Insaat_Analiz_TUM_2026
15.400.1013	Mermer agregalı terrazo karo ile iç mekan döşeme kaplaması yapılması (Kırılma Yükü Şartları (Sınıf 2) Yüzey alanı <= 1100cm² ebatlarda ve kırılma dayanımı > 2,5 kN, honlu	m²	1744.75	Insaat_Analiz_TUM_2026
15.400.1014	Mermer agregalı terrazo karo ile iç mekan döşeme kaplaması yapılması (Kırılma Yükü Şartları (Sınıf 3) 1100 cm²< Yüzey alanı < 1800 cm² ebatlarda ve kırılma dayanımı > 3 kN,	m²	1784.13	Insaat_Analiz_TUM_2026
15.400.1015	Mermer agregalı terrazo karo ile iç mekan döşeme kaplaması yapılması (Kırılma Yükü Şartları (Sınıf 3) Yüzey alanı >= 1800cm² ebatlarda ve kırılma dayanımı > 3 kN, honlu veya	m²	2007.25	Insaat_Analiz_TUM_2026
15.400.1111	Granit agregalı terrazo karo ile iç mekan döşeme kaplaması yapılması (Kırılma Yükü	m²	1915.38	Insaat_Analiz_TUM_2026
15.400.1112	Granit agregalı terrazo karo ile iç mekan döseme kaplaması yapılması (Kırılma Yükü	m²	1969.19	Insaat_Analiz_TUM_2026
15.400.1113	Granit agregalı terrazo karo ile iç mekan döşeme kaplaması yapılması (Kırılma Yükü Şartları (Sınıf 2) Yüzey alanı <= 1100cm² ebatlarda ve kırılma dayanımı > 2,5 kN, honlu	m²	1967.88	Insaat_Analiz_TUM_2026
15.400.1114	Granit agregalı terrazo karo ile iç mekan döşeme kaplaması yapılması (Kırılma Yükü Şartları (Sınıf 3) 1100 cm²< Yüzey alanı < 1800 cm² ebatlarda ve kırılma dayanımı > 3 kN,	m²	2007.25	Insaat_Analiz_TUM_2026
15.400.1115	Granit agregalı terrazo karo ile iç mekan döşeme kaplaması yapılması (Kırılma Yükü Şartları (Sınıf 3) Yüzey alanı >= 1800cm² ebatlarda ve kırılma dayanımı > 3 kN, honlu veya	m²	2156.88	Insaat_Analiz_TUM_2026
15.400.1211	Kuvars-silis + mermer agregalı terrazo karo ile iç mekan döşeme kaplaması yapılması	m²	1915.38	Insaat_Analiz_TUM_2026
15.400.1212	Kuvars-silis + mermer agregalı terrazo karo ile iç mekan döşeme kaplaması yapılması	m²	1969.19	Insaat_Analiz_TUM_2026
15.400.1213	Kuvars-silis + mermer agregalı terrazo karo ile iç mekan döşeme kaplaması yapılması (Kırılma Yükü Şartları (Sınıf 2) Yüzey alanı <= 1100cm² ebatlarda ve kırılma dayanımı >	m²	1967.88	Insaat_Analiz_TUM_2026
15.400.1214	Kuvars-silis + mermer agregalı terrazo karo ile iç mekan döşeme kaplaması yapılması (Kırılma Yükü Şartları (Sınıf 3) 1100 cm²< Yüzey alanı < 1800 cm² ebatlarda ve kırılma	m²	2007.25	Insaat_Analiz_TUM_2026
15.400.1215	Kuvars-silis + mermer agregalı terrazo karo ile iç mekan döşeme kaplaması yapılması (Kırılma Yükü Şartları (Sınıf 3) Yüzey alanı >= 1800cm² ebatlarda ve kırılma dayanımı > 3	m²	2156.88	Insaat_Analiz_TUM_2026
15.400.1311	Kuvars-silis agregalı terrazo karo ile iç mekan döşeme kaplaması yapılması (Kırılma Yükü	m²	2680.56	Insaat_Analiz_TUM_2026
15.400.1312	Kuvars-silis agregalı terrazo karo ile iç mekan döşeme kaplaması yapılması (Kırılma Yükü	m²	2772.44	Insaat_Analiz_TUM_2026
15.400.1313	Kuvars-silis agregalı terrazo karo ile iç mekan döşeme kaplaması yapılması (Kırılma Yükü Şartları (Sınıf 2) Yüzey alanı <= 1100cm² ebatlarda ve kırılma dayanımı > 2,5 kN, honlu	m²	2772.44	Insaat_Analiz_TUM_2026
15.400.1314	Kuvars-silis agregalı terrazo karo ile iç mekan döşeme kaplaması yapılması (Kırılma Yükü Şartları (Sınıf 3) 1100 cm²< Yüzey alanı < 1800 cm² ebatlarda ve kırılma dayanımı > 3 kN,	m²	2845.94	Insaat_Analiz_TUM_2026
15.400.1315	Kuvars-silis agregalı terrazo karo ile iç mekan döşeme kaplaması yapılması (Kırılma Yükü Şartları (Sınıf 3) Yüzey alanı >= 1800cm² ebatlarda ve kırılma dayanımı > 3 kN, honlu veya	m²	3015.25	Insaat_Analiz_TUM_2026
15.405.1011	Karosiman terrazo karo ile dış mekan döşeme kaplaması yapılması (Kırılma Dayanımı Şartları (Sınıf 1) Eğilme dayanımı minimum 2,8 Mpa, Aşınma direnç sınıfı (2-G), Yüzey	m²	1671.25	Insaat_Analiz_TUM_2026
15.405.1012	Karosiman terrazo karo ile dış mekan döşeme kaplaması yapılması (Kırılma Dayanımı Şartları (Sınıf 1) Eğilme dayanımı minimum 2,8 Mpa Aşınma direnç sınıfı (2-G), 1600 <	m²	1767.06	Insaat_Analiz_TUM_2026
15.405.1013	Karosiman terrazo karo ile dış mekan döşeme kaplaması yapılması (Kırılma Dayanımı Şartları (Sınıf 2) Eğilme dayanımı minimum 3,2 Mpa Aşınma direnç sınıfı (3-H), Yüzey alanı	m²	1744.75	Insaat_Analiz_TUM_2026
15.405.1014	Karosiman terrazo karo ile dış mekan döşeme kaplaması yapılması (Kırılma Dayanımı Şartları (Sınıf 2) Eğilme dayanımı minimum 3,2 Mpa Aşınma direnç sınıfı (3-H),1600 <	m²	1877.31	Insaat_Analiz_TUM_2026
15.405.1015	Karosiman terrazo karo ile dış mekan döşeme kaplaması yapılması (Kırılma Dayanımı Şartları (Sınıf 3) Eğilme dayanımı minimum 4,0 Mpa Aşınma direnç sınıfı (4-I), Yüzey alanı	m²	1858.94	Insaat_Analiz_TUM_2026
15.405.1016	Karosiman terrazo karo ile dış mekan döşeme kaplaması yapılması (Kırılma Dayanımı Şartları (Sınıf 3) Eğilme dayanımı minimum 4,0 Mpa Aşınma direnç sınıfı (4-I), 1600 <	m²	1995.44	Insaat_Analiz_TUM_2026
15.405.1111	Mermer agregalı terrazo karo ile dış mekan döşeme kaplaması yapılması (Kırılma Dayanımı Şartları (Sınıf 1) Eğilme dayanımı minimum 2,8 Mpa Aşınma direnç sınıfı (2-G), Yüzey alanı	m²	1744.75	Insaat_Analiz_TUM_2026
15.405.1112	Mermer agregalı terrazo karo ile dış mekan döşeme kaplaması yapılması (Kırılma Dayanımı Şartları (Sınıf 1) Eğilme dayanımı minimum 2,8 Mpa Aşınma direnç sınıfı (2-G), 1600 <	m²	1840.56	Insaat_Analiz_TUM_2026
15.405.1113	Mermer agregalı terrazo karo ile dış mekan döşeme kaplaması yapılması (Kırılma Dayanımı Şartları (Sınıf 2) Eğilme dayanımı minimum 3,2 Mpa Aşınma direnç sınıfı (3-H), Yüzey alanı	m²	1840.56	Insaat_Analiz_TUM_2026
15.405.1114	Mermer agregalı terrazo karo ile dış mekan döşeme kaplaması yapılması (Kırılma Dayanımı Şartları (Sınıf 2) Eğilme dayanımı minimum 3,2 Mpa Aşınma direnç sınıfı (3-H),1600 <	m²	1988.88	Insaat_Analiz_TUM_2026
15.405.1115	Mermer agregalı terrazo karo ile dış mekan döşeme kaplaması yapılması (Kırılma Dayanımı Şartları (Sınıf 3) Eğilme dayanımı minimum 4,0 Mpa Aşınma direnç sınıfı (4-I), Yüzey alanı	m²	1969.19	Insaat_Analiz_TUM_2026
15.405.1116	Mermer agregalı terrazo karo ile dış mekan döşeme kaplaması yapılması (Kırılma Dayanımı Şartları (Sınıf 3) Eğilme dayanımı minimum 4,0 Mpa Aşınma direnç sınıfı (4-I), 1600 <	m²	2083.38	Insaat_Analiz_TUM_2026
15.405.1211	Granit agregalı terrazo karo ile dış mekan döşeme kaplaması yapılması (Kırılma Dayanımı Şartları (Sınıf 1) Eğilme dayanımı minimum 2,8 Mpa Aşınma direnç sınıfı (2-G), Yüzey alanı	m²	1877.31	Insaat_Analiz_TUM_2026
15.405.1212	Granit agregalı terrazo karo ile dış mekan döşeme kaplaması yapılması (Kırılma Dayanımı Şartları (Sınıf 1) Eğilme dayanımı minimum 2,8 Mpa Aşınma direnç sınıfı (2-G), 1600 <	m²	1988.88	Insaat_Analiz_TUM_2026
15.405.1213	Granit agregalı terrazo karo ile dış mekan döşeme kaplaması yapılması (Kırılma Dayanımı Şartları (Sınıf 2) Eğilme dayanımı minimum 3,2 Mpa Aşınma direnç sınıfı (3-H), Yüzey alanı	m²	1988.88	Insaat_Analiz_TUM_2026
15.405.1214	Granit agregalı terrazo karo ile dış mekan döşeme kaplaması yapılması (Kırılma Dayanımı Şartları (Sınıf 2) Eğilme dayanımı minimum 3,2 Mpa Aşınma direnç sınıfı (3-H),1600 <	m²	2117.50	Insaat_Analiz_TUM_2026
15.405.1215	Granit agregalı terrazo karo ile dış mekan döşeme kaplaması yapılması (Kırılma Dayanımı Şartları (Sınıf 3) Eğilme dayanımı minimum 4,0 Mpa Aşınma direnç sınıfı (4-I), Yüzey alanı	m²	2083.38	Insaat_Analiz_TUM_2026
15.405.1216	Granit agregalı terrazo karo ile dış mekan döşeme kaplaması yapılması (Kırılma Dayanımı Şartları (Sınıf 3) Eğilme dayanımı minimum 4,0 Mpa Aşınma direnç sınıfı (4-I), 1600 <	m²	2231.69	Insaat_Analiz_TUM_2026
15.405.1311	Andezit agregalı terrazo karo ile dış mekan döşeme kaplaması yapılması (Kırılma Dayanımı Şartları (Sınıf 1) Eğilme dayanımı minimum 2,8 Mpa Aşınma direnç sınıfı (2-G), Yüzey alanı	m²	1840.56	Insaat_Analiz_TUM_2026
15.405.1312	Andezit agregalı terrazo karo ile dış mekan döşeme kaplaması yapılması (Kırılma Dayanımı Şartları (Sınıf 1) Eğilme dayanımı minimum 2,8 Mpa Aşınma direnç sınıfı (2-G), 1600 <	m²	1969.19	Insaat_Analiz_TUM_2026
15.405.1313	Andezit agregalı terrazo karo ile dış mekan döşeme kaplaması yapılması (Kırılma Dayanımı Şartları (Sınıf 2) Eğilme dayanımı minimum 3,2 Mpa Aşınma direnç sınıfı (3-H), Yüzey alanı	m²	1895.69	Insaat_Analiz_TUM_2026
15.405.1314	Andezit agregalı terrazo karo ile dış mekan döşeme kaplaması yapılması (Kırılma Dayanımı Şartları (Sınıf 2) Eğilme dayanımı minimum 3,2 Mpa Aşınma direnç sınıfı (3-H),1600 <	m²	2044.00	Insaat_Analiz_TUM_2026
15.405.1315	Andezit agregalı terrazo karo ile dış mekan döşeme kaplaması yapılması (Kırılma Dayanımı Şartları (Sınıf 3) Eğilme dayanımı minimum 4,0 Mpa Aşınma direnç sınıfı (4-I), Yüzey alanı	m²	2019.06	Insaat_Analiz_TUM_2026
15.405.1316	Andezit agregalı terrazo karo ile dış mekan döşeme kaplaması yapılması (Kırılma Dayanımı Şartları (Sınıf 3) Eğilme dayanımı minimum 4,0 Mpa Aşınma direnç sınıfı (4-I), 1600 <	m²	2158.19	Insaat_Analiz_TUM_2026
15.405.1411	Bazalt agregalı terrazo karo ile dış mekan döşeme kaplaması yapılması (Kırılma Dayanımı Şartları (Sınıf 1) Eğilme dayanımı minimum 2,8 Mpa Aşınma direnç sınıfı (2-G), Yüzey alanı	m²	1784.13	Insaat_Analiz_TUM_2026
15.405.1412	Bazalt agregalı terrazo karo ile dış mekan döşeme kaplaması yapılması (Kırılma Dayanımı Şartları (Sınıf 1) Eğilme dayanımı minimum 2,8 Mpa Aşınma direnç sınıfı (2-G), 1600 <	m²	1877.31	Insaat_Analiz_TUM_2026
15.405.1413	Bazalt agregalı terrazo karo ile dış mekan döşeme kaplaması yapılması (Kırılma Dayanımı Şartları (Sınıf 2) Eğilme dayanımı minimum 3,2 Mpa Aşınma direnç sınıfı (3-H), Yüzey alanı	m²	1895.69	Insaat_Analiz_TUM_2026
15.405.1414	Bazalt agregalı terrazo karo ile dış mekan döşeme kaplaması yapılması (Kırılma Dayanımı Şartları (Sınıf 2) Eğilme dayanımı minimum 3,2 Mpa Aşınma direnç sınıfı (3-H),1600 cm² <	m²	2044.00	Insaat_Analiz_TUM_2026
15.405.1415	Bazalt agregalı terrazo karo ile dış mekan döşeme kaplaması yapılması (Kırılma Dayanımı Şartları (Sınıf 3) Eğilme dayanımı minimum 4,0 Mpa Aşınma direnç sınıfı (4-I), Yüzey alanı	m²	1995.44	Insaat_Analiz_TUM_2026
15.405.1416	Bazalt agregalı terrazo karo ile dış mekan döşeme kaplaması yapılması (Kırılma Dayanımı Şartları (Sınıf 3) Eğilme dayanımı minimum 4,0 Mpa Aşınma direnç sınıfı (4-I), 1600 <	m²	2135.88	Insaat_Analiz_TUM_2026
15.405.1511	Kuvars-silis agregalı terrazo karo ile dış mekan döşeme kaplaması yapılması (Kırılma Dayanımı Şartları (Sınıf 1) Eğilme dayanımı minimum 2,8 Mpa Aşınma direnç sınıfı (2-G),	m²	2065.00	Insaat_Analiz_TUM_2026
15.405.1512	Kuvars-silis agregalı terrazo karo ile dış mekan döşeme kaplaması yapılması (Kırılma Dayanımı Şartları (Sınıf 1) Eğilme dayanımı minimum 2,8 Mpa Aşınma direnç sınıfı (2-G),	m²	2175.25	Insaat_Analiz_TUM_2026
15.405.1513	Kuvars-silis agregalı terrazo karo ile dış mekan döşeme kaplaması yapılması (Kırılma Dayanımı Şartları (Sınıf 2) Eğilme dayanımı minimum 3,2 Mpa Aşınma direnç sınıfı (3-H),	m²	2175.25	Insaat_Analiz_TUM_2026
15.405.1514	Kuvars-silis agregalı terrazo karo ile dış mekan döşeme kaplaması yapılması (Kırılma Dayanımı Şartları (Sınıf 2) Eğilme dayanımı minimum 3,2 Mpa Aşınma direnç sınıfı	m²	2250.06	Insaat_Analiz_TUM_2026
15.405.1515	Kuvars-silis agregalı terrazo karo ile dış mekan döşeme kaplaması yapılması (Kırılma Dayanımı Şartları (Sınıf 3) Eğilme dayanımı minimum 4,0 Mpa Aşınma direnç sınıfı (4-I),	m²	2250.06	Insaat_Analiz_TUM_2026
15.405.1516	Kuvars-silis agregalı terrazo karo ile dış mekan döşeme kaplaması yapılması (Kırılma Dayanımı Şartları (Sınıf 3) Eğilme dayanımı minimum 4,0 Mpa Aşınma direnç sınıfı (4-I),	m²	2341.94	Insaat_Analiz_TUM_2026
15.405.1611	Washbeton yüzey işlemli terrazo karo ile dış mekan döşeme kaplaması yapılması (Kırılma Yükü Şartları (Sınıf 1) Eğilme dayanımı minimum 2,8 Mpa Aşınma direnç sınıfı (2-G),	m²	1729.00	Insaat_Analiz_TUM_2026
15.405.1612	Washbeton yüzey islemli terrazo karo ile dıs mekan döseme kaplaması yapılması (Kırılma Yükü Sartları (Sınıf 1) Egilme dayanımı minimum 2,8 Mpa Asınma direnç sınıfı (2-G), 1600	m²	1840.56	Insaat_Analiz_TUM_2026
15.405.1613	Washbeton yüzey işlemli terrazo karo ile dış mekan döşeme kaplaması yapılması (Kırılma Dayanımı Şartları (Sınıf 2) Eğilme dayanımı minimum 3,2 Mpa Aşınma direnç sınıfı (3-H),	m²	1969.19	Insaat_Analiz_TUM_2026
15.405.1614	Washbeton yüzey işlemli terrazo karo ile dış mekan döşeme kaplaması yapılması (Kırılma Dayanımı Şartları (Sınıf 2) Eğilme dayanımı minimum 3,2 Mpa Aşınma direnç sınıfı	m²	2025.63	Insaat_Analiz_TUM_2026
15.405.1615	Washbeton yüzey işlemli terrazo karo ile dış mekan döşeme kaplaması yapılması (Kırılma Dayanımı Şartları (Sınıf 3) Eğilme dayanımı minimum 4,0 Mpa Aşınma direnç sınıfı (4-I),	m²	2007.25	Insaat_Analiz_TUM_2026
15.405.1616	Washbeton yüzey işlemli terrazo karo ile dış mekan döşeme kaplaması yapılması (Kırılma Dayanımı Şartları (Sınıf 3) Eğilme dayanımı minimum 4,0 Mpa Aşınma direnç sınıfı (4-I),	m²	2117.50	Insaat_Analiz_TUM_2026
15.405.1701	Terrazo karodan süpürgelik yapılması yerine konulması, 6-10cm yüksekliğinde, her kalınlıkta, (Her türlü yüzey işlemli)	m	289.01	Insaat_Analiz_TUM_2026
15.410.1011	2 cm kalınlığında beyaz mermer levha ile döşeme kaplaması yapılması	m²	2217.00	Insaat_Analiz_TUM_2026
15.410.1012	2 cm kalınlığında beyaz mermer levha ile döşeme kaplaması yapılması	m²	2437.50	Insaat_Analiz_TUM_2026
15.410.1013	3 cm kalınlığında beyaz mermer levha ile döşeme kaplaması yapılması	m²	2360.00	Insaat_Analiz_TUM_2026
15.410.1014	3 cm kalınlığında beyaz mermer levha ile döşeme kaplaması yapılması	m²	2580.50	Insaat_Analiz_TUM_2026
15.410.1015	4 cm kalınlığında beyaz mermer levha ile döşeme kaplaması yapılması	m²	2464.00	Insaat_Analiz_TUM_2026
15.410.1016	4 cm kalınlığında beyaz mermer levha ile döşeme kaplaması yapılması	m²	2684.50	Insaat_Analiz_TUM_2026
15.410.1017	5 cm kalınlığında beyaz mermer levha ile döşeme kaplaması yapılması	m²	2548.50	Insaat_Analiz_TUM_2026
15.410.1018	5 cm kalınlığında beyaz mermer levha ile döşeme kaplaması yapılması	m²	2769.00	Insaat_Analiz_TUM_2026
15.410.1111	2 cm kalınlığında renkli mermer levha ile döşeme kaplaması yapılması	m²	2370.56	Insaat_Analiz_TUM_2026
15.410.1112	2 cm kalınlığında renkli mermer levha ile döşeme kaplaması yapılması	m²	2591.06	Insaat_Analiz_TUM_2026
15.410.1113	3 cm kalınlığında renkli mermer levha ile döşeme kaplaması yapılması	m²	2545.74	Insaat_Analiz_TUM_2026
15.410.1114	3 cm kalınlığında renkli mermer levha ile döşeme kaplaması yapılması	m²	2766.24	Insaat_Analiz_TUM_2026
15.410.1115	4 cm kalınlığında renkli mermer levha ile döşeme kaplaması yapılması	m²	2673.14	Insaat_Analiz_TUM_2026
15.410.1116	4 cm kalınlığında renkli mermer levha ile döşeme kaplaması yapılması	m²	2893.64	Insaat_Analiz_TUM_2026
15.410.1117	5 cm kalınlığında renkli mermer levha ile döşeme kaplaması yapılması	m²	2776.65	Insaat_Analiz_TUM_2026
15.410.1118	5 cm kalınlığında renkli mermer levha ile döşeme kaplaması yapılması	m²	2997.15	Insaat_Analiz_TUM_2026
15.410.1211	2 cm kalınlığında beyaz mermer levha ile duvar kaplaması yapılması	m²	2523.90	Insaat_Analiz_TUM_2026
15.410.1212	2 cm kalınlığında beyaz mermer levha ile duvar kaplaması yapılması	m²	2744.40	Insaat_Analiz_TUM_2026
15.410.1213	2 cm kalınlığında renkli mermer levha ile duvar kaplaması yapılması	m²	2677.46	Insaat_Analiz_TUM_2026
15.410.1214	2 cm kalınlığında renkli mermer levha ile duvar kaplaması yapılması	m²	2897.96	Insaat_Analiz_TUM_2026
15.410.1311	Beyaz mermer levha ile merdiven basamağı kaplaması yapılması (basamak 3 cm, rıht 2 cm	m	1400.11	Insaat_Analiz_TUM_2026
15.410.1312	Beyaz mermer levha ile merdiven basamağı kaplaması yapılması (basamak 3 cm, rıht 2 cm	m	1400.11	Insaat_Analiz_TUM_2026
15.410.1313	Renkli mermer levha ile merdiven basamağı kaplaması yapılması (basamak 3 cm, rıht 2 cm	m	1489.85	Insaat_Analiz_TUM_2026
15.410.1314	Renkli mermer levha ile merdiven basamağı kaplaması yapılması (basamak 3 cm, rıht 2 cm	m	1489.85	Insaat_Analiz_TUM_2026
15.410.1411	3 cm kalınlığında beyaz mermer levha ile dış denizlik yapılması (3cmx30-40-50cmxserbest	m²	3729.40	Insaat_Analiz_TUM_2026
15.410.1412	3 cm kalınlığında beyaz mermer levha ile dış denizlik yapılması (3cmx30-40-50cmxserbest	m²	3729.40	Insaat_Analiz_TUM_2026
15.410.1413	3 cm kalınlığında renkli mermer levha ile dış denizlik yapılması (3cmx30-40-50cmxserbest	m²	3915.14	Insaat_Analiz_TUM_2026
15.410.1414	3 cm kalınlığında renkli mermer levha ile dış denizlik yapılması (3cmx30-40-50cmxserbest	m²	3915.14	Insaat_Analiz_TUM_2026
15.410.1511	3 cm kalınlığında beyaz mermer levha ile parapet yapılması (3cmx30-40-50cmxserbest boy)	m²	3923.15	Insaat_Analiz_TUM_2026
15.410.1512	3 cm kalınlığında beyaz mermer levha ile parapet yapılması (3cmx30-40-50cmxserbest boy)	m²		Insaat_Analiz_TUM_2026
15.410.1513	3 cm kalınlığında renkli mermer levha ile parapet yapılması (3cmx30-40-50cmxserbest boy)	m²	4108.89	Insaat_Analiz_TUM_2026
15.410.1514	3 cm kalınlığında renkli mermer levha ile parapet yapılması (3cmx30-40-50cmxserbest boy)	m²	4108.89	Insaat_Analiz_TUM_2026
15.410.1611	3 cm kalınlığında beyaz mermer levha ile harpuşta yapılması (3cmx30-40-50cmxserbest boy)	m²	4127.53	Insaat_Analiz_TUM_2026
15.410.1612	3 cm kalınlığında beyaz mermer levha ile harpuşta yapılması (3cmx30-40-50cmxserbest boy)	m²	4348.03	Insaat_Analiz_TUM_2026
15.410.1613	3 cm kalınlığında renkli mermer levha ile harpuşta yapılması (3cmx30-40-50cmxserbest boy)	m²	4313.26	Insaat_Analiz_TUM_2026
15.410.1614	3 cm kalınlığında renkli mermer levha ile harpuşta yapılması (3cmx30-40-50cmxserbest boy)	m²	4340.01	Insaat_Analiz_TUM_2026
15.410.1711	2 cm kalınlığında beyaz mermer levha ile söve yapılması (2cmx30-40-50cmxserbest boy)	m²	3427.03	Insaat_Analiz_TUM_2026
15.410.1712	2 cm kalınlığında beyaz mermer levha ile söve yapılması (2cmx30-40-50cmxserbest boy)	m²	3647.53	Insaat_Analiz_TUM_2026
15.410.1713	2 cm kalınlığında renkli mermer levha ile söve yapılması (2cmx30-40-50cmxserbest boy)	m²	3580.59	Insaat_Analiz_TUM_2026
15.410.1714	2 cm kalınlığında renkli mermer levha ile söve yapılması (2cmx30-40-50cmxserbest boy)	m²	3801.09	Insaat_Analiz_TUM_2026
15.415.1011	2 cm kalınlığında açık renkli traverten levha ile döşeme kaplaması yapılması	m²	2433.56	Insaat_Analiz_TUM_2026
15.415.1012	2 cm kalınlığında açık renkli traverten levha ile döşeme kaplaması yapılması	m²	2654.06	Insaat_Analiz_TUM_2026
15.415.1013	3 cm kalınlığında açık renkli traverten levha ile döşeme kaplaması yapılması	m²	2621.94	Insaat_Analiz_TUM_2026
15.415.1014	3 cm kalınlığında açık renkli traverten levhalar ile döşeme kaplaması yapılması	m²	2842.44	Insaat_Analiz_TUM_2026
15.415.1015	4 cm kalınlığında açık renkli traverten levha ile döşeme kaplaması yapılması	m²	2758.94	Insaat_Analiz_TUM_2026
15.415.1016	4 cm kalınlığında açık renkli traverten levha ile döşeme kaplaması yapılması	m²	2979.44	Insaat_Analiz_TUM_2026
15.415.1017	5 cm kalınlığında açık renkli traverten levha ile döşeme kaplaması yapılması	m²	2870.25	Insaat_Analiz_TUM_2026
15.415.1018	5 cm kalınlığında açık renkli traverten levha ile döşeme kaplaması yapılması	m²	3090.75	Insaat_Analiz_TUM_2026
15.415.1111	2 cm kalınlığında koyu renkli traverten levha ile döşeme kaplaması yapılması	m²	2259.00	Insaat_Analiz_TUM_2026
15.415.1112	2 cm kalınlığında koyu renkli traverten levha ile döşeme kaplaması yapılması	m²	2479.50	Insaat_Analiz_TUM_2026
15.415.1113	3 cm kalınlığında koyu renkli traverten levha ile döşeme kaplaması yapılması	m²	2410.80	Insaat_Analiz_TUM_2026
15.415.1114	3 cm kalınlığında koyu renkli traverten levha ile döşeme kaplaması yapılması	m²	2631.30	Insaat_Analiz_TUM_2026
15.415.1115	4 cm kalınlığında koyu renkli traverten levha ile döşeme kaplaması yapılması	m²	2521.20	Insaat_Analiz_TUM_2026
15.415.1116	4 cm kalınlığında koyu renkli traverten levha ile döşeme kaplaması yapılması	m²	2741.70	Insaat_Analiz_TUM_2026
15.415.1117	5 cm kalınlığında koyu renkli traverten levha ile döşeme kaplaması yapılması	m²	2610.90	Insaat_Analiz_TUM_2026
15.415.1118	5 cm kalınlığında koyu renkli traverten levha ile döşeme kaplaması yapılması	m²	2831.40	Insaat_Analiz_TUM_2026
15.415.1211	2 cm kalınlığında açık renkli traverten levha ile duvar kaplaması yapılması	m²	2740.46	Insaat_Analiz_TUM_2026
15.415.1212	2 cm kalınlığında açık renkli traverten levha ile duvar kaplaması yapılması	m²	2960.96	Insaat_Analiz_TUM_2026
15.415.1213	2 cm kalınlığında koyu renkli traverten levha ile duvar kaplaması yapılması	m²	2565.90	Insaat_Analiz_TUM_2026
15.415.1214	2 cm kalınlığında koyu renkli traverten levha ile duvar kaplaması yapılması	m²	2786.40	Insaat_Analiz_TUM_2026
15.415.1311	Açık renkli traverten levha ile merdiven basamağı kaplaması yapılması (basamak 3 cm, rıht	m	1526.68	Insaat_Analiz_TUM_2026
15.415.1312	Açık renkli traverten levha ile merdiven basamağı kaplaması yapılması (basamak 3 cm, rıht	m		Insaat_Analiz_TUM_2026
15.415.1313	Koyu renkli traverten levha ile merdiven basamağı kaplaması yapılması (basamak 3 cm, rıht	m	1424.66	Insaat_Analiz_TUM_2026
15.415.1314	Koyu renkli traverten levha ile merdiven basamağı kaplaması yapılması (basamak 3 cm, rıht	m	1424.66	Insaat_Analiz_TUM_2026
15.415.1411	3 cm kalınlığında açık renkli traverten levha ile dış denizlik yapılması	m²	3991.34	Insaat_Analiz_TUM_2026
15.415.1412	3 cm kalınlığında açık renkli traverten levha ile dış denizlik yapılması	m²		Insaat_Analiz_TUM_2026
15.415.1413	3 cm kalınlığında koyu renkli traverten levha ile dış denizlik yapılması	m²	3780.20	Insaat_Analiz_TUM_2026
15.415.1414	3 cm kalınlığında koyu renkli traverten levha ile dış denizlik yapılması	m²	3780.20	Insaat_Analiz_TUM_2026
15.415.1511	3 cm kalınlığında açık renkli traverten levha ile parapet yapılması (3cmx30-40-50cmxserbest	m²	4185.09	Insaat_Analiz_TUM_2026
15.415.1512	3 cm kalınlığında açık renkli traverten levha ile parapet yapılması (3cmx30-40-50cmxserbest	m²	4185.09	Insaat_Analiz_TUM_2026
15.415.1513	3 cm kalınlığında koyu renkli traverten levha ile parapet yapılması	m²	4405.59	Insaat_Analiz_TUM_2026
15.415.1514	3 cm kalınlığında koyu renkli traverten levha ile parapet yapılması	m²	3973.95	Insaat_Analiz_TUM_2026
15.415.1611	3 cm kalınlığında açık renkli traverten levha ile harpuşta yapılması	m²	4389.46	Insaat_Analiz_TUM_2026
15.415.1612	3 cm kalınlığında açık renkli traverten levha ile harpuşta yapılması	m²	4609.96	Insaat_Analiz_TUM_2026
15.415.1613	3 cm kalınlığında koyu renkli traverten levha ile harpuşta yapılması	m²	4178.33	Insaat_Analiz_TUM_2026
15.415.1614	3 cm kalınlığında koyu renkli traverten levha ile harpuşta yapılması	m²	4205.08	Insaat_Analiz_TUM_2026
15.415.1711	2 cm kalınlığında açık renkli traverten levha ile söve yapılması (2cmx30-40-50cmxserbest	m²	3643.59	Insaat_Analiz_TUM_2026
15.415.1712	2 cm kalınlığında açık renkli traverten levha ile söve yapılması (2cmx30-40-50cmxserbest	m²	3864.09	Insaat_Analiz_TUM_2026
15.415.1713	2 cm kalınlığında koyu renkli traverten levha ile söve yapılması (2cmx30-40-50cmxserbest	m²	3469.03	Insaat_Analiz_TUM_2026
15.415.1714	2 cm kalınlığında koyu renkli traverten levha ile söve yapılması (2cmx30-40-50cmxserbest	m²	3689.53	Insaat_Analiz_TUM_2026
15.420.1011	4 cm kalınlığında andezit levha ile döşeme kaplaması yapılması (30cmxserbest boy)	m²	2414.94	Insaat_Analiz_TUM_2026
15.420.1012	4 cm kalınlığında mucartalı andezit levha ile döşeme kaplaması yapılması (30cmxserbest	m²	2996.19	Insaat_Analiz_TUM_2026
15.420.1111	3 cm kalınlığında andezit levha ile duvar kaplaması yapılması (30cmxserbest boy)	m²	2584.28	Insaat_Analiz_TUM_2026
15.420.1211	3 cm kalınlığında andezit levha ile söve yapılması	m²	2621.68	Insaat_Analiz_TUM_2026
15.430.1011	Mermer agregalı betondan yapılmış hazır, teçhizatlı, düz merdiven basamağı temini ve	m	2254.30	Insaat_Analiz_TUM_2026
15.430.1012	Granit agregalı betondan yapılmış hazır, teçhizatlı, düz merdiven basamağı temini ve yerine	m	2358.98	Insaat_Analiz_TUM_2026
15.430.1013	Andezit veya bazalt agregalı betondan yapılmış hazır, teçhizatlı, düz merdiven basamağı	m	2358.98	Insaat_Analiz_TUM_2026
15.430.1014	Kuvars-silis + mermer agregalı betondan yapılmış hazır, teçhizatlı, düz merdiven basamağı	m	2482.20	Insaat_Analiz_TUM_2026
15.430.1015	Kuvars-silis agregalı betondan yapılmış hazır, teçhizatlı, düz merdiven basamağı temini ve	m	2859.16	Insaat_Analiz_TUM_2026
15.430.1111	Mermer agregalı betondan yapılmış hazır, teçhizatlı, (L) merdiven basamağı temini ve	m	2407.34	Insaat_Analiz_TUM_2026
15.430.1112	Granit agregalı betondan yapılmış hazır, teçhizatlı, (L) merdiven basamağı temini ve yerine	m	2543.81	Insaat_Analiz_TUM_2026
15.430.1113	Andezit veya bazalt agregalı betondan yapılmış hazır, teçhizatlı, (L) merdiven basamağı	m	2543.81	Insaat_Analiz_TUM_2026
15.430.1114	Kuvars-silis + mermer agregalı betondan yapılmış hazır, teçhizatlı, (L) merdiven basamağı	m	2622.65	Insaat_Analiz_TUM_2026
15.430.1115	Kuvars-silis agregalı betondan yapılmış hazır, teçhizatlı, (L) merdiven basamağı temini ve	m	3040.69	Insaat_Analiz_TUM_2026
15.430.1201	Betondan yapılmış hazır (L) merdiven süpürgeliği temini ve yerine montajı (her ebat ve	m	394.01	Insaat_Analiz_TUM_2026
15.430.1202	Betondan yapılmış hazır (L) merdiven limonluğu temini ve yerine montajı (her ebat ve	m	412.39	Insaat_Analiz_TUM_2026
15.430.1311	Mermer agregalı betondan yapılmış hazır, teçhizatlı, düz levha ile denizlik, parapet veya	m²	3481.44	Insaat_Analiz_TUM_2026
15.430.1312	Granit agregalı betondan yapılmış hazır, teçhizatlı, düz levha ile denizlik, parapet veya	m²	3691.44	Insaat_Analiz_TUM_2026
15.430.1313	Kuvars-silis + mermer agregalı betondan yapılmış hazır, teçhizatlı, düz levha ile denizlik,	m²	3793.81	Insaat_Analiz_TUM_2026
15.430.1314	Kuvars-silis agregalı betondan yapılmış hazır, teçhizatlı, düz levha ile denizlik, parapet veya	m²	4349.00	Insaat_Analiz_TUM_2026
15.430.1411	Mermer agregalı betondan yapılmış hazır, teçhizatlı, (L) şeklinde levha ile denizlik, parapet	m²	3619.25	Insaat_Analiz_TUM_2026
15.430.1412	Granit agregalı betondan yapılmış hazır, teçhizatlı, (L) şeklinde levha ile denizlik, parapet	m²	3724.25	Insaat_Analiz_TUM_2026
15.430.1413	Kuvars-silis + mermer agregalı betondan yapılmış hazır, teçhizatlı, (L) şeklinde levha ile	m²	4053.69	Insaat_Analiz_TUM_2026
15.430.1414	Kuvars-silis agregalı betondan yapılmış hazır, teçhizatlı, (L) şeklinde levha ile denizlik,	m²	4349.00	Insaat_Analiz_TUM_2026
15.430.1511	Mermer agregalı betondan yapılmış hazır, teçhizatlı, (U) şeklinde levha ile denizlik, parapet	m²	4055.00	Insaat_Analiz_TUM_2026
15.430.1512	Granit agregalı betondan yapılmış hazır, teçhizatlı, (U) şeklinde levha ile denizlik, parapet	m²	4279.44	Insaat_Analiz_TUM_2026
15.430.1513	Kuvars-silis + mermer agregalı betondan yapılmış hazır, teçhizatlı, (U) şeklinde levha ile	m²	4574.75	Insaat_Analiz_TUM_2026
15.430.1514	Kuvars-silis agregalı betondan yapılmış hazır, teçhizatlı, (U) şeklinde levha ile denizlik,	m²	4782.13	Insaat_Analiz_TUM_2026
15.435.1001	6 cm yüksekliğinde beyaz çimentolu buhar kürlü beton parke taşı ile döşeme kaplaması	m²	839.31	Insaat_Analiz_TUM_2026
15.435.1002	8 cm yüksekliğinde beyaz çimentolu buhar kürlü beton parke taşı ile döşeme kaplaması	m²	865.56	Insaat_Analiz_TUM_2026
15.435.1003	10 cm yüksekliğinde beyaz çimentolu buhar kürlü beton parke taşı ile döşeme kaplaması	m²	891.81	Insaat_Analiz_TUM_2026
15.435.1004	6 cm yüksekliğinde normal çimentolu buhar kürlü beton parke taşı ile döşeme kaplaması	m²	813.06	Insaat_Analiz_TUM_2026
15.435.1005	8 cm yüksekliğinde normal çimentolu buhar kürlü beton parke taşı ile döşeme kaplaması	m²	839.31	Insaat_Analiz_TUM_2026
15.435.1006	10 cm yüksekliğinde normal çimentolu buhar kürlü beton parke taşı ile döşeme kaplaması	m²	865.56	Insaat_Analiz_TUM_2026
15.435.1101	8 cm yüksekliğinde beyaz çimentolu buhar kürlü beton çim taşı ile döşeme kaplaması	m²	944.31	Insaat_Analiz_TUM_2026
15.435.1102	10 cm yüksekliğinde beyaz çimentolu buhar kürlü beton çim taşı ile döşeme kaplaması	m²	983.69	Insaat_Analiz_TUM_2026
15.435.1103	8 cm yüksekliğinde normal çimentolu buhar kürlü beton çim taşı ile döşeme kaplaması	m²	911.50	Insaat_Analiz_TUM_2026
15.435.1104	10 cm yüksekliğinde normal çimentolu buhar kürlü beton çim taşı ile döşeme kaplaması	m²	950.88	Insaat_Analiz_TUM_2026
15.435.1211	50 x 20 x 10 cm boyutlarında beyaz çimentolu buhar kürlü beton bordür döşenmesi (pahlı,	m	308.04	Insaat_Analiz_TUM_2026
15.435.1212	75 x 30 x 15 cm boyutlarında beyaz çimentolu buhar kürlü beton bordür döşenmesi (pahlı,	m	353.98	Insaat_Analiz_TUM_2026
15.435.1213	50 x 20 x 10 cm boyutlarında normal çimentolu buhar kürlü beton bordür döşenmesi (pahlı,	m	294.91	Insaat_Analiz_TUM_2026
15.435.1214	75 x 30 x 15 cm boyutlarında normal çimentolu buhar kürlü beton bordür döşenmesi (pahlı,	m	334.29	Insaat_Analiz_TUM_2026
15.435.1215	10x15x50 cm boyutlarında andezit bordür temini ve yerine döşenmesi	m	767.41	Insaat_Analiz_TUM_2026
15.435.1216	10x20x50 cm boyutlarında andezit bordür temini ve yerine döşenmesi	m	830.41	Insaat_Analiz_TUM_2026
15.435.1217	10x20x70 cm boyutlarında andezit bordür temini ve yerine döşenmesi	m	838.66	Insaat_Analiz_TUM_2026
15.435.1311	30 x 10 x serbestboy cm boyutlarında beyaz çimentolu buhar kürlü beton oluk taşı	m	406.48	Insaat_Analiz_TUM_2026
15.435.1312	30 x 10 x serbestboy cm boyutlarında normal çimentolu buhar kürlü beton oluk taşı	m	386.79	Insaat_Analiz_TUM_2026
15.435.1313	50 x 20 cm boyutlarında andezit oluk tası döşenmesi	m	957.73	Insaat_Analiz_TUM_2026
15.435.7001	Doğal andezit parke taşı (10 x 10 cm) ile döşeme kaplaması yapılması	m²	935.06	Insaat_Analiz_TUM_2026
15.435.7002	Doğal granit parke taşı (10 x 10 cm) ile döşeme kaplaması yapılması	m²	986.31	Insaat_Analiz_TUM_2026
15.435.7003	Doğal bazalt parke taşı (10 x 10 cm) ile döşeme kaplaması yapılması	m²	1123.81	Insaat_Analiz_TUM_2026
15.440.1001	120 mm genislikte, min. 1,3 mm et kalınlıgında eloksallı alüminyum kapak profilleri ile duvar, tavan ve cephelerde kaplama üstü dilatasyon fugası yapılması (50 mm genislikte	m	403.41	Insaat_Analiz_TUM_2026
15.440.1002	Kaplama üstü dilatasyon profili ile (kauçuk fitilli, alüminyum et kalınlıgı min.1,5 mm, +/- 4	m	588.20	Insaat_Analiz_TUM_2026
15.440.1003	120 mm genislikte, min. 2,2 mm et kalınlıgında eloksallı alüminyum kapak profilleri ile zeminlerde kaplama üstü dilatasyon fugası yapılması (50 mm genislikte dilatasyonlar için)	m	493.98	Insaat_Analiz_TUM_2026
15.440.1004	Kaplama altı dilatasyon profili ile (kauçuk fitilli, alüminyum et kalınlıgı min.2 mm, +/- 4 mm	m	873.70	Insaat_Analiz_TUM_2026
15.440.1005	Kaplama altı dilatasyon profili ile (kauçuk ve alüminyumdan mamul seritli fitilli, alüminyum et kalınlıgı min.2,5 mm, +/- 4 mm hareket kapasiteli, profil yüksekligi min. 40 mm, kanat	m	1304.20	Insaat_Analiz_TUM_2026
15.440.1006	Kaplama üstü dilatasyon profili ile (kauçuk fitilli, alüminyum et kalınlıgı min.1,5 mm, +/- 4	m	816.39	Insaat_Analiz_TUM_2026
15.440.1007	Kaplama üstü dilatasyon profili ile (kauçuk ve alüminyumdan mamul seritli fitilli, alüminyum et kalınlıgı min.2 mm, +/- 4 mm hareket kapasiteli, profil yüksekligi min. 20 mm,	m	913.51	Insaat_Analiz_TUM_2026
15.440.1008	30 cm genislikte, min. 1 mm kalınlıkta dilatasyon yalıtım bantları ile dilatasyonlarda su	m	693.94	Insaat_Analiz_TUM_2026
15.445.1001	Her renk, boyut, şekil ve desende, fileli (file üzerine dizilmiş) cam mozaikler ile duvar ve cephe kaplaması yapılması.	m²	1381.39	Insaat_Analiz_TUM_2026
15.445.1002	Her renk, boyut, şekil ve desende fileli (file üzerine dizilmiş) seramik mozaikler (sırlı/sırsız porselen) ile duvar ve cephe kaplaması yapılması.	m²	1638.89	Insaat_Analiz_TUM_2026
15.445.1003	Her renk, boyut, şekil ve desende fileli (file üzerine dizilmiş) doğal taş mozaikler (derzsiz -	m²	2218.26	Insaat_Analiz_TUM_2026
15.445.1004	Her renk, boyut, şekil ve desende fileli (file üzerine dizilmiş) doğal taş mozaikler (derzli - düz	m²	2411.39	Insaat_Analiz_TUM_2026
15.450.1011	Mozayik denizlik yapılması (normal çimentolu)	m²	5593.55	Insaat_Analiz_TUM_2026
15.450.1012	Mozayik denizlik yapılması (beyaz çimentolu)	m²	5655.70	Insaat_Analiz_TUM_2026
15.450.1013	Mozayik parapet yapılması (normal çimentolu)	m²	5562.39	Insaat_Analiz_TUM_2026
15.450.1014	Mozaik parapet yapılması (beyaz çimentolu)	m²	5614.19	Insaat_Analiz_TUM_2026
15.450.1015	Her genişlikte kargir duvar üzerine mozayik kaplı beton harpuşta yapılması (normal	m²	4096.50	Insaat_Analiz_TUM_2026
15.450.1016	Her genişlikte kargir duvar üzerine mozayik kaplı beton harpuşta yapılması (beyaz	m²	4148.30	Insaat_Analiz_TUM_2026
15.451.1001	Sert PVC'den Yapılmış (PVC - U) İç Mekâna Uygun Her Renk, Yüzey ve Desende Kaplama	Kg	284.06	Insaat_Analiz_TUM_2026
15.451.1002	Sert PVC'den Yapılmış (PVC - U) Dış Mekâna Uygun Her Renk, Yüzey ve Desende	Kg	297.81	Insaat_Analiz_TUM_2026
15.455.1002	Metal takviyeli beyaz renkli plastik doğrama imalatı yapılması ve yerine konulması (Sert	Kg		Insaat_Analiz_TUM_2026
15.455.1003	Metal takviyeli her renk ve desende plastik doğrama imalatı yapılması ve yerine konulması	Kg		Insaat_Analiz_TUM_2026
15.455.1004	Kendinden kompozit takviyeli beyaz renkli sert plastik doğrama imalatı yapılması ve yerine	Kg	267.98	Insaat_Analiz_TUM_2026
15.455.1005	Her renk ve desende kendinden kompozit takviyeli sert plastik doğrama imalatı yapılması	Kg	291.98	Insaat_Analiz_TUM_2026
15.460.1001	Naturel-mat eloksallı profillerle ısı yalıtımsız alüminyum doğrama imalatı yapılması ve	Kg	479.83	Insaat_Analiz_TUM_2026
15.460.1002	Naturel-parlak veya kumlanmış veya satinajlı ve eloksallı ısı yalıtımsız alüminyum doğrama	Kg	526.64	Insaat_Analiz_TUM_2026
15.460.1003	Renkli-mat eloksallı ısı yalıtımsız alüminyum doğrama imalatı yapılması ve yerine konulması	Kg	479.83	Insaat_Analiz_TUM_2026
15.460.1004	Renkli-parlak veya kumlanmış veya satinajlı ve eloksallı ısı yalıtımsız alüminyum doğrama	Kg	485.18	Insaat_Analiz_TUM_2026
15.460.1005	Elektrostatik toz boyalı ısı yalıtımsız alüminyum doğrama imalatı yapılması ve yerine	Kg	525.30	Insaat_Analiz_TUM_2026
15.460.1006	Naturel-mat ve eloksallı ısı yalıtımlı alüminyum doğrama imalatı yapılması ve yerine	Kg	533.33	Insaat_Analiz_TUM_2026
15.460.1007	Naturel-parlak veya kumlanmış ve eloksallı ısı yalıtımlı alüminyum doğrama imalatı	Kg	538.68	Insaat_Analiz_TUM_2026
15.460.1008	Renkli-mat ve eloksallı ısı yalıtımlı alüminyum doğrama imalatı yapılması ve yerine	Kg	526.64	Insaat_Analiz_TUM_2026
15.460.1009	Renkli-parlak kumlanmış ve eloksallı ısı yalıtımlı alüminyum doğrama imalatı yapılması ve	Kg	538.68	Insaat_Analiz_TUM_2026
15.460.1010	Elektrostatik toz boyalı ısı yalıtımlı alüminyum doğrama imalatı yapılması ve yerine	Kg	526.64	Insaat_Analiz_TUM_2026
15.465.1008	Silindirli traşlı dış kapı kilidinin yerine takılması	Ad	23.13	Ana_BF_2026
15.465.1010	Kapı kolu ve aynalarının yerine takılması (Kromajlı)	Ad	23.13	Ana_BF_2026
15.465.1012	Lastik başlı tamponun yerine takılması	Ad	212.50	Ana_BF_2026
15.465.1103	Sürgünün yerine takılması (Düşey tespit takımı)	Ad	125.00	Ana_BF_2026
15.465.1104	Stopun yerine takılması (Nikelajlı)	Ad	35.00	Ana_BF_2026
15.465.1107	İspanyolet takımının yerine takılması	Ad	75.00	Ana_BF_2026
15.465.1110	Vasistas takımının yerine takılması	Ad	31.25	Ana_BF_2026
15.465.1111	Mandalın yerine takılması (İspanyolet kolu ve damak)	Ad	37.50	Ana_BF_2026
15.465.1112	Sürgünün yerine takılması	Kg	37.50	Ana_BF_2026
15.465.1113	Lastik başlı tamponun yerine takılması	Ad	106.25	Ana_BF_2026
15.465.1114	Yaylı tespit mandalının yerine takılması	Ad	112.50	Ana_BF_2026
15.465.1115	Kontrpua takımının yerine takılması	Ad	125.00	Ana_BF_2026
15.465.1116	Sürme kanat tutamağının yerine takılması	Ad	150.00	Ana_BF_2026
15.465.1118	Kavramalı ispanyolet takımının yerine takılması	Ad	150.00	Ana_BF_2026
15.465.1202	İspanyolet takımının yerine takılması (kol dahil)	Ad	437.50	Ana_BF_2026
15.465.1203			500.00	Ana_BF_2026
15.465.1204	100 cm'e kadar, 2 kavramalı		500.00	Ana_BF_2026
15.470.1001	Ahşap doğramaya çıta ile 3+3 mm kalınlıkta 12 mm ara boşluklu çift camlı pencere ünitesi	m²		Insaat_Analiz_TUM_2026
15.470.1002	Ahşap doğramaya çıta ile 4+4 mm kalınlıkta 12 mm ara boşluklu çift camlı pencere ünitesi	m²	2381.88	Insaat_Analiz_TUM_2026
15.470.1003	Ahşap doğramaya çıta ile 5+5 mm kalınlıkta 12 mm ara boşluklu çift camlı pencere ünitesi	m²	2618.13	Insaat_Analiz_TUM_2026
15.470.1004	Ahşap doğramaya çıta ile 6+6 mm kalınlıkta 12 mm ara boşluklu çift camlı pencere ünitesi	m²	2723.13	Insaat_Analiz_TUM_2026
15.470.1005	Ahşap doğramaya çıta ile 3+3 mm kalınlıkta 16 mm ara boşluklu çift camlı pencere ünitesi	m²	2362.19	Insaat_Analiz_TUM_2026
15.470.1006	Ahşap doğramaya çıta ile 4+4 mm kalınlıkta 16 mm ara boşluklu çift camlı pencere ünitesi	m²	2421.25	Insaat_Analiz_TUM_2026
15.470.1007	Ahşap doğramaya çıta ile 5+5 mm kalınlıkta 16 mm ara boşluklu çift camlı pencere ünitesi	m²	2631.25	Insaat_Analiz_TUM_2026
15.470.1008	Ahşap doğramaya çıta ile 6+6 mm kalınlıkta 16 mm ara boşluklu çift camlı pencere ünitesi	m²	2736.25	Insaat_Analiz_TUM_2026
15.470.1009	PVC ve alüminyum doğramaya profil ile 3+3 mm kalınlıkta 12 mm ara boşluklu çift camlı	m²	1674.38	Insaat_Analiz_TUM_2026
15.470.1010	PVC ve alüminyum doğramaya profil ile 4+4 mm kalınlıkta 12 mm ara boşluklu çift camlı	m²	1720.31	Insaat_Analiz_TUM_2026
15.470.1011	PVC ve alüminyum doğramaya profil ile 5+5 mm kalınlıkta 12 mm ara boşluklu çift camlı	m²	1956.56	Insaat_Analiz_TUM_2026
15.470.1012	PVC ve alüminyum doğramaya profil ile 6+6 mm kalınlıkta 12 mm ara boşluklu çift camlı	m²	2061.56	Insaat_Analiz_TUM_2026
15.470.1013	PVC ve alüminyum doğramaya profil ile 3+3 mm kalınlıkta 16 mm ara boşluklu çift camlı	m²	1700.63	Insaat_Analiz_TUM_2026
15.470.1014	PVC ve alüminyum doğramaya profil ile 4+4 mm kalınlıkta 16 mm ara boşluklu çift camlı	m²	1759.69	Insaat_Analiz_TUM_2026
15.470.1015	PVC ve alüminyum doğramaya profil ile 5+5 mm kalınlıkta 16 mm ara boşluklu çift camlı	m²	1969.69	Insaat_Analiz_TUM_2026
15.470.1016	PVC ve alüminyum doğramaya profil ile 6+6 mm kalınlıkta 16 mm ara boşluklu çift camlı	m²	2074.69	Insaat_Analiz_TUM_2026
15.470.1201	Ahşap doğramaya çıta ile 4+4 mm kalınlıkta 12 mm ara boşluklu ilk camı ısı kontrol	m²	2440.94	Insaat_Analiz_TUM_2026
15.470.1202	Ahşap doğramaya çıta ile 4+5 mm kalınlıkta 12 mm ara boşluklu ilk camı ısı kontrol	m²	2572.19	Insaat_Analiz_TUM_2026
15.470.1203	Ahşap doğramaya çıta ile 4+6 mm kalınlıkta 12 mm ara boşluklu ilk camı ısı kontrol	m²	2618.13	Insaat_Analiz_TUM_2026
15.470.1204	Ahşap doğramaya çıta ile 6+6 mm kalınlıkta 12 mm ara boşluklu ilk camı ısı kontrol	m²	2795.31	Insaat_Analiz_TUM_2026
15.470.1205	Ahşap doğramaya çıta ile 6+4 mm kalınlıkta 12 mm ara boşluklu ilk camı ısı kontrol	m²	2703.44	Insaat_Analiz_TUM_2026
15.470.1206	Ahşap doğramaya çıta ile 4+4 mm kalınlıkta 16 mm ara boşluklu ilk camı ısı kontrol	m²	2506.56	Insaat_Analiz_TUM_2026
15.470.1207	Ahşap doğramaya çıta ile 4+5 mm kalınlıkta 16 mm ara boşluklu ilk camı ısı kontrol	m²	2585.31	Insaat_Analiz_TUM_2026
15.470.1208	Ahşap doğramaya çıta ile 4+6 mm kalınlıkta 16 mm ara boşluklu ilk camı ısı kontrol	m²	2657.50	Insaat_Analiz_TUM_2026
15.470.1209	Ahşap doğramaya çıta ile 6+6 mm kalınlıkta 16 mm ara boşluklu ilk camı ısı kontrol	m²	2854.38	Insaat_Analiz_TUM_2026
15.470.1210	Ahşap doğramaya çıta ile 6+4 mm kalınlıkta 16 mm ara boşluklu ilk camı ısı kontrol	m²	2736.25	Insaat_Analiz_TUM_2026
15.470.1211	PVC ve alüminyum doğramaya profil ile 4+4 mm kalınlıkta 12 mm ara boşluklu ilk camı ısı	m²	1779.38	Insaat_Analiz_TUM_2026
15.470.1212	PVC ve alüminyum doğramaya profil ile 4+5 mm kalınlıkta 12 mm ara boşluklu ilk camı ısı	m²	1910.63	Insaat_Analiz_TUM_2026
15.470.1213	PVC ve alüminyum doğramaya profil ile 4+6 mm kalınlıkta 12 mm ara boşluklu ilk camı ısı	m²	1956.56	Insaat_Analiz_TUM_2026
15.470.1214	PVC ve alüminyum doğramaya profil ile 6+6 mm kalınlıkta 12 mm ara boşluklu ilk camı ısı	m²	2133.75	Insaat_Analiz_TUM_2026
15.470.1215	PVC ve alüminyum doğramaya profil ile 6+4 mm kalınlıkta 12 mm ara boşluklu ilk camı ısı	m²	2041.88	Insaat_Analiz_TUM_2026
15.470.1216	PVC ve alüminyum doğramaya profil ile 4+4 mm kalınlıkta 16 mm ara boşluklu ilk camı ısı	m²	1845.00	Insaat_Analiz_TUM_2026
15.470.1217	PVC ve alüminyum doğramaya profil ile 4+5 mm kalınlıkta 16 mm ara boşluklu ilk camı ısı	m²	1923.75	Insaat_Analiz_TUM_2026
15.470.1218	PVC ve alüminyum doğramaya profil ile 4+6 mm kalınlıkta 16 mm ara boşluklu ilk camı ısı	m²	1995.94	Insaat_Analiz_TUM_2026
15.470.1219	PVC ve alüminyum doğramaya profil ile 6+6 mm kalınlıkta 16 mm ara boşluklu ilk camı ısı	m²	2192.81	Insaat_Analiz_TUM_2026
15.470.1220	PVC ve alüminyum doğramaya profil ile 6+4 mm kalınlıkta 16 mm ara boşluklu ilk camı ısı	m²	2074.69	Insaat_Analiz_TUM_2026
15.470.1401	Ahşap doğramaya çıta ile 4+4 mm kalınlıkta 12 mm ara boşluklu ilk camı güneş ve ısı	m²	2486.88	Insaat_Analiz_TUM_2026
15.470.1402	Ahşap doğramaya çıta ile 4+5 mm kalınlıkta 12 mm ara boşluklu ilk camı güneş ve ısı	m²	2559.06	Insaat_Analiz_TUM_2026
15.470.1403	Ahşap doğramaya çıta ile 4+6 mm kalınlıkta 12 mm ara boşluklu ilk camı güneş ve ısı	m²	2618.13	Insaat_Analiz_TUM_2026
15.470.1404	Ahşap doğramaya çıta ile 6+4 mm kalınlıkta 12 mm ara boşluklu ilk camı güneş ve ısı	m²	2644.38	Insaat_Analiz_TUM_2026
15.470.1405	Ahşap doğramaya çıta ile 6+5 mm kalınlıkta 12 mm ara boşluklu ilk camı güneş ve ısı	m²	2736.25	Insaat_Analiz_TUM_2026
15.470.1406	Ahşap doğramaya çıta ile 6+6 mm kalınlıkta 12 mm ara boşluklu ilk camı güneş ve ısı	m²	2821.56	Insaat_Analiz_TUM_2026
15.470.1407	Ahşap doğramaya çıta ile 4+4 mm kalınlıkta 16 mm ara boşluklu ilk camı güneş ve ısı	m²	2605.00	Insaat_Analiz_TUM_2026
15.470.1408	Ahşap doğramaya çıta ile 4+5 mm kalınlıkta 16 mm ara boşluklu ilk camı güneş ve ısı	m²	2690.31	Insaat_Analiz_TUM_2026
15.470.1409	Ahşap doğramaya çıta ile 4+6 mm kalınlıkta 16 mm ara boşluklu ilk camı güneş ve ısı	m²	2736.25	Insaat_Analiz_TUM_2026
15.470.1410	Ahşap doğramaya çıta ile 6+4 mm kalınlıkta 16 mm ara boşluklu ilk camı güneş ve ısı	m²	2762.50	Insaat_Analiz_TUM_2026
15.470.1411	Ahşap doğramaya çıta ile 6+5 mm kalınlıkta 16 mm ara boşluklu ilk camı güneş ve ısı	m²	2854.38	Insaat_Analiz_TUM_2026
15.470.1412	Ahşap doğramaya çıta ile 6+6 mm kalınlıkta 16 mm ara boşluklu ilk camı güneş ve ısı	m²	2985.63	Insaat_Analiz_TUM_2026
15.470.1413	PVC ve alüminyum doğramaya profil ile 4+4 mm kalınlıkta 12 mm ara boşluklu ilk camı	m²	1825.31	Insaat_Analiz_TUM_2026
15.470.1414	PVC ve alüminyum doğramaya profil ile 4+5 mm kalınlıkta 12 mm ara boşluklu ilk camı	m²	1897.50	Insaat_Analiz_TUM_2026
15.470.1415	PVC ve alüminyum doğramaya profil ile 4+6 mm kalınlıkta 12 mm ara boşluklu ilk camı	m²	1956.56	Insaat_Analiz_TUM_2026
15.470.1416	PVC ve alüminyum doğramaya profil ile 6+4 mm kalınlıkta 12 mm ara boşluklu ilk camı	m²	1982.81	Insaat_Analiz_TUM_2026
15.470.1417	PVC ve alüminyum doğramaya profil ile 6+5 mm kalınlıkta 12 mm ara boşluklu ilk camı	m²	2074.69	Insaat_Analiz_TUM_2026
15.470.1418	PVC ve alüminyum doğramaya profil ile 6+6 mm kalınlıkta 12 mm ara boşluklu ilk camı	m²	2160.00	Insaat_Analiz_TUM_2026
15.470.1419	PVC ve alüminyum doğramaya profil ile 4+4 mm kalınlıkta 16 mm ara boşluklu ilk camı	m²	1943.44	Insaat_Analiz_TUM_2026
15.470.1420	PVC ve alüminyum doğramaya profil ile 4+5 mm kalınlıkta 16 mm ara boşluklu ilk camı	m²	2028.75	Insaat_Analiz_TUM_2026
15.470.1421	PVC ve alüminyum doğramaya profil ile 4+6 mm kalınlıkta 16 mm ara boşluklu ilk camı	m²	2074.69	Insaat_Analiz_TUM_2026
15.470.1422	PVC ve alüminyum doğramaya profil ile 6+4 mm kalınlıkta 16 mm ara boşluklu ilk camı	m²	2100.94	Insaat_Analiz_TUM_2026
15.470.1423	PVC ve alüminyum doğramaya profil ile 6+5 mm kalınlıkta 16 mm ara boşluklu ilk camı	m²	2192.81	Insaat_Analiz_TUM_2026
15.470.1424	PVC ve alüminyum doğramaya profil ile 6+6 mm kalınlıkta 16 mm ara boşluklu ilk camı	m²	2324.06	Insaat_Analiz_TUM_2026
15.475.1002	Mevcut kadronlar üzerine ahşap döşeme yapılması	m²	953.00	Insaat_Analiz_TUM_2026
15.480.1001	Beton zemin üzerine kadronlu 15-16 mm kalınlıkta I.sınıf meşe parke kaplama yapılması	m²	2865.46	Insaat_Analiz_TUM_2026
15.480.1002	Beton zemin üzerine yapıştırma suretiyle 15-16 mm kalınlığında I.sınıf meşe parke kaplama	m²	2615.19	Insaat_Analiz_TUM_2026
15.485.1001	Lamine parke döşeme kaplaması yapılması (süpürgelik dahil)	m²	1712.88	Insaat_Analiz_TUM_2026
15.490.1001	Laminat parke döşeme kaplaması yapılması (AC1 Sınıf 21) (süpürgelik dahil)	m²	533.81	Insaat_Analiz_TUM_2026
15.490.1002	Laminat parke döşeme kaplaması yapılması (AC3 Sınıf 23-31) (süpürgelik dahil)	m²	588.51	Insaat_Analiz_TUM_2026
15.490.1003	Laminat parke döşeme kaplaması yapılması (AC4 Sınıf 32) (süpürgelik dahil)	m²	663.06	Insaat_Analiz_TUM_2026
15.491.1001	Mekanik Yolla Kilitlenen, 21 – 22 – 23 Sınıf, 6 mm SPC Modüler Yer Kaplamasının Zemin	m²	636.94	Insaat_Analiz_TUM_2026
15.491.1002	Mekanik Yolla Kilitlenen, 31 – 32 – 33 Sınıf, 5 mm SPC Modüler Yer Kaplamasının Zemin	m²	787.19	Insaat_Analiz_TUM_2026
15.491.1003	Mekanik Yolla Kilitlenen, 34 Sınıf, 5 mm SPC Modüler Yer Kaplamasının Zemin Üzerine	m²	821.56	Insaat_Analiz_TUM_2026
15.495.1001	Ahşaptan süpürgelik yapılması ve yerine konulması	m	141.94	Insaat_Analiz_TUM_2026
15.500.1003	Düz merdiven küpeştesi yapılması ve yerine konulması	m	1133.16	Insaat_Analiz_TUM_2026
15.500.1004	Eğri merdiven küpeştesi yapılması ve yerine konulması	m	1931.90	Insaat_Analiz_TUM_2026
15.510.1001	Ahşaptan masif tablalı iç kapı kasa ve pervazı yapılması yerine konulması	m²	2322.39	Insaat_Analiz_TUM_2026
15.510.1002	Ahşaptan masif tablalı dış kapı kasa ve pervazı yapılması yerine konulması	m²	2524.89	Insaat_Analiz_TUM_2026
15.510.1101	Ahşaptan masif tablalı iç kapı kanadı yapılması ve yerine konulması	m²	2158.08	Insaat_Analiz_TUM_2026
15.510.1102	Ahşaptan masif tablalı dış kapı kanadı yapılması ve yerine konulması	m²	2284.83	Insaat_Analiz_TUM_2026
15.510.1103	Laminat kaplamalı, iki yüzü odun lifinden yapılmış levhalarla (mdf) presli, kraft dolgulu iç	m²	3234.69	Insaat_Analiz_TUM_2026
15.510.1104	Laminat kaplamalı, iki yüzü odun lifinden yapılmış levhalarla (mdf) presli, delikli yonga	m²	3118.21	Insaat_Analiz_TUM_2026
15.510.1105	Ahşaptan camlı çarpma iç kapı kanadı yapılması ve yerine konulması	m²	1894.08	Insaat_Analiz_TUM_2026
15.510.9991	Mevcut kapılara suni deri ile kapitone kaplama yapılması	m²	2794.88	Insaat_Analiz_TUM_2026
15.515.1001	Ahşaptan kasa ve pervazlı tek satıhlı pencere yapılması ve yerine konulması	m²	2123.95	Insaat_Analiz_TUM_2026
15.515.1101	Ahşaptan iç camekan yapılması ve yerine konulması	m²	2003.08	Insaat_Analiz_TUM_2026
15.520.1001	Tip ahşap gömme dolap yapılması ve yerine monte edilmesi (2,50x1,80)=4,50m²	m²	5696.70	Insaat_Analiz_TUM_2026
15.520.1002	Tip ahşap mutfak tezgah altı dolabı yapılması ve yerine monte edilmesi. (1,68x0,85)=1,43m²	m²	10518.15	Insaat_Analiz_TUM_2026
15.520.1003	Tip ahşap mutfak tezgah üstü dolabı yapılması ve yerine monte edilmesi (3,04x0,80)=2,46m²	m²	8254.85	Insaat_Analiz_TUM_2026
15.525.1001	Ahşap çerçeveli, plastik telden sineklik yapılması ve yerine konulması (takılır-sökülür)	m²	1170.11	Insaat_Analiz_TUM_2026
15.525.1002	Alüminyum çerçeveli, plastik telden sineklik yapılması ve yerine konulması (takılır-sökülür)	m²	1152.93	Insaat_Analiz_TUM_2026
15.525.1003	Pvc çerçeveli, plastik telden sineklik yapılması ve yerine konulması (takılır-sökülür)	m²	1123.46	Insaat_Analiz_TUM_2026
15.530.1151	12,5 mm kalınlıkta, her iki yüzü cam elyaf şilte kaplı, yangına dayanımı artırılmış, su emme oranı azaltılmış, kırılma dayanımı artırılmış alçı levhalar ile mevcut duvar üzeri, 60 cm aks	m²	1781.79	Insaat_Analiz_TUM_2026
15.530.1152	12,5 mm kalınlıkta, her iki yüzü cam elyaf şilte kaplı, yangına dayanımı artırılmış, su emme oranı azaltılmış, kırılma dayanımı artırılmış alçı levhalar ile mevcut duvar üzeri, 60 cm aks	m²	1793.71	Insaat_Analiz_TUM_2026
15.530.1201	Her iki yüzü cam elyaf şilte kaplı, lifler ile güçlendirilmiş alçı levhalar ile tek iskeletli dış cephe duvarı yapılması ( Tek Duvar C 100 profili-60 cm aks aralığı) (dış yüzeyde tek kat	m²	1818.05	Insaat_Analiz_TUM_2026
15.530.1202	Her iki yüzü cam elyaf şilte kaplı, lifler ile güçlendirilmiş alçı levhalar ile tek iskeletli dış cephe duvarı yapılması ( Tek Duvar C 100 profili-40 cm aks aralığı) (dış yüzeyde tek kat	m²	1950.84	Insaat_Analiz_TUM_2026
15.530.1203	Her iki yüzü cam elyaf şilte kaplı, lifler ile güçlendirilmiş alçı levhalar ile çift iskeletli (bağlantılı) dış cephe duvarı yapılması (Çift Duvar C 75 profili-60 cm aks aralığı) (dış	m²	2221.44	Insaat_Analiz_TUM_2026
15.530.1251	Alçı levhalar ile tek iskeletli bölme duvar yapılması (Duvar C 50 profil - 60 cm aks aralığı) (her iki yüzünde tek kat 12,5 mm standart alçı levha ile)	m²	1049.90	Insaat_Analiz_TUM_2026
15.530.1252	Alçı levhalar ile tek iskeletli bölme duvar yapılması (Duvar C 50 profil - 60 cm aks aralığı) (her iki yüzünde tek kat 12,5 mm su emme oranı azaltılmış alçı levha ile)	m²	1099.78	Insaat_Analiz_TUM_2026
15.530.1253	Alçı levhalar ile tek iskeletli bölme duvar yapılması (Duvar C 50 profil - 60 cm aks aralığı) (her iki yüzünde tek kat 12,5 mm yangına dayanımı artırılmış alçı levha ile)	m²	1097.15	Insaat_Analiz_TUM_2026
15.530.1254	Alçı levhalar ile tek iskeletli bölme duvar yapılması (Duvar C 50 profil - 60 cm aks aralığı) (her iki yüzünde tek kat 12,5 mm su emme oranı azaltılmış, yangına dayanımı artırılmış alçı	m²	1153.59	Insaat_Analiz_TUM_2026
15.530.1255	Alçı levhalar ile tek iskeletli bölme duvar yapılması (Duvar C 50 profil - 40 cm aks aralığı) (her iki yüzünde tek kat 12,5 mm standart alçı levha ile)	m²	1186.14	Insaat_Analiz_TUM_2026
15.530.1256	Alçı levhalar ile tek iskeletli bölme duvar yapılması (Duvar C 50 profil - 40 cm aks aralığı) (her iki yüzünde tek kat 12,5 mm su emme oranı azaltılmış alçı levha ile)	m²	1236.01	Insaat_Analiz_TUM_2026
15.530.1257	Alçı levhalar ile tek iskeletli bölme duvar yapılması (Duvar C 50 profil - 40 cm aks aralığı) (her iki yüzünde tek kat 12,5 mm yangına dayanımı artırılmış alçı levha ile)	m²	1233.39	Insaat_Analiz_TUM_2026
15.530.1258	Alçı levhalar ile tek iskeletli bölme duvar yapılması (Duvar C 50 profil - 40 cm aks aralığı) (her iki yüzünde tek kat 12,5 mm su emme oranı azaltılmış, yangına dayanımı artırılmış alçı	m²	1289.83	Insaat_Analiz_TUM_2026
15.530.1259	Alçı levhalar ile tek iskeletli bölme duvar yapılması (Duvar C 75 profil - 60 cm aks aralığı) (her iki yüzünde tek kat 12,5 mm standart alçı levha ile)	m²	1090.99	Insaat_Analiz_TUM_2026
15.530.1260	Alçı levhalar ile tek iskeletli bölme duvar yapılması (Duvar C 75 profil - 60 cm aks aralığı) (her iki yüzünde tek kat 12,5 mm su emme oranı azaltılmış alçı levha ile)	m²	1140.86	Insaat_Analiz_TUM_2026
15.530.1261	Alçı levhalar ile tek iskeletli bölme duvar yapılması (Duvar C 75 profil - 60 cm aks aralığı) (her iki yüzünde tek kat 12,5 mm yangına dayanımı artırılmış alçı levha ile)	m²	1138.24	Insaat_Analiz_TUM_2026
15.530.1262	Alçı levhalar ile tek iskeletli bölme duvar yapılması (Duvar C 75 profil - 60 cm aks aralığı) (her iki yüzünde tek kat 12,5 mm su emme oranı azaltılmış, yangına dayanımı artırılmış alçı	m²	1194.68	Insaat_Analiz_TUM_2026
15.530.1263	Alçı levhalar ile tek iskeletli bölme duvar yapılması (Duvar C 75 profil - 40 cm aks aralığı) (her iki yüzünde tek kat 12,5 mm standart alçı levha ile)	m²	1231.75	Insaat_Analiz_TUM_2026
15.530.1264	Alçı levhalar ile tek iskeletli bölme duvar yapılması (Duvar C 75 profil - 40 cm aks aralığı) (her iki yüzünde tek kat 12,5 mm su emme oranı azaltılmış alçı levha ile)	m²	1281.63	Insaat_Analiz_TUM_2026
15.530.1265	Alçı levhalar ile tek iskeletli bölme duvar yapılması (Duvar C 75 profil - 40 cm aks aralığı) (her iki yüzünde tek kat 12,5 mm yangına dayanımı artırılmış alçı levha ile)	m²	1279.00	Insaat_Analiz_TUM_2026
15.530.1266	Alçı levhalar ile tek iskeletli bölme duvar yapılması (Duvar C 75 profil - 40 cm aks aralığı) (her iki yüzünde tek kat 12,5 mm su emme oranı azaltılmış, yangına dayanımı artırılmış alçı	m²	1335.44	Insaat_Analiz_TUM_2026
15.530.1267	Alçı levhalar ile tek iskeletli bölme duvar yapılması (Duvar C 100 profil - 60 cm aks aralığı) (her iki yüzünde tek kat 12,5 mm standart alçı levha ile)	m²	1093.78	Insaat_Analiz_TUM_2026
15.530.1268	Alçı levhalar ile tek iskeletli bölme duvar yapılması (Duvar C 100 profil - 60 cm aks aralığı) (her iki yüzünde tek kat 12,5 mm su emme oranı azaltılmış alçı levha ile)	m²	1143.65	Insaat_Analiz_TUM_2026
15.530.1269	Alçı levhalar ile tek iskeletli bölme duvar yapılması (Duvar C 100 profil - 60 cm aks aralığı) (her iki yüzünde tek kat 12,5 mm yangına dayanımı artırılmış alçı levha ile)	m²	1141.03	Insaat_Analiz_TUM_2026
15.530.1270	Alçı levhalar ile tek iskeletli bölme duvar yapılması (Duvar C 100 profil - 60 cm aks aralığı) (her iki yüzünde tek kat 12,5 mm su emme oranı azaltılmış, yangına dayanımı artırılmış alçı	m²	1197.46	Insaat_Analiz_TUM_2026
15.530.1271	Alçı levhalar ile tek iskeletli bölme duvar yapılması (Duvar C 100 profil - 40 cm aks aralığı) (her iki yüzünde tek kat 12,5 mm standart alçı levha ile)	m²	1240.64	Insaat_Analiz_TUM_2026
15.530.1272	Alçı levhalar ile tek iskeletli bölme duvar yapılması (Duvar C 100 profil - 40 cm aks aralığı) (her iki yüzünde tek kat 12,5 mm su emme oranı azaltılmış alçı levha ile)	m²	1290.51	Insaat_Analiz_TUM_2026
15.530.1273	Alçı levhalar ile tek iskeletli bölme duvar yapılması (Duvar C 100 profil - 40 cm aks aralığı) (her iki yüzünde tek kat 12,5 mm yangına dayanımı artırılmış alçı levha ile)	m²	1287.89	Insaat_Analiz_TUM_2026
15.530.1274	Alçı levhalar ile tek iskeletli bölme duvar yapılması (Duvar C 100 profil - 40 cm aks aralığı) (her iki yüzünde tek kat 12,5 mm su emme oranı azaltılmış, yangına dayanımı artırılmış alçı	m²	1344.33	Insaat_Analiz_TUM_2026
15.530.1301	Alçı levhalar ile tek iskeletli bölme duvar yapılması (Duvar C 50 profil - 60 cm aks aralığı) (her iki yüzünde tek kat 15 mm standart alçı levha ile)	m²	1086.65	Insaat_Analiz_TUM_2026
15.530.1302	Alçı levhalar ile tek iskeletli bölme duvar yapılması (Duvar C 50 profil - 60 cm aks aralığı) (her iki yüzünde tek kat 15 mm su emme oranı azaltılmış alçı levha ile)	m²	1147.03	Insaat_Analiz_TUM_2026
15.530.1303	Alçı levhalar ile tek iskeletli bölme duvar yapılması (Duvar C 50 profil - 60 cm aks aralığı) (her iki yüzünde tek kat 15 mm yangına dayanımı artırılmış alçı levha ile)	m²	1129.96	Insaat_Analiz_TUM_2026
15.530.1304	Alçı levhalar ile tek iskeletli bölme duvar yapılması (Duvar C 50 profil - 60 cm aks aralığı) (her iki yüzünde tek kat 15 mm su emme oranı azaltılmış, yangına dayanımı artırılmış alçı	m²	1190.34	Insaat_Analiz_TUM_2026
15.530.1305	Alçı levhalar ile tek iskeletli bölme duvar yapılması (Duvar C 50 profil - 40 cm aks aralığı) (her iki yüzünde tek kat 15 mm standart alçı levha ile)	m²	1222.89	Insaat_Analiz_TUM_2026
15.530.1306	Alçı levhalar ile tek iskeletli bölme duvar yapılması (Duvar C 50 profil - 40 cm aks aralığı) (her iki yüzünde tek kat 15 mm su emme oranı azaltılmış alçı levha ile)	m²	1283.26	Insaat_Analiz_TUM_2026
15.530.1307	Alçı levhalar ile tek iskeletli bölme duvar yapılması (Duvar C 50 profil - 40 cm aks aralığı) (her iki yüzünde tek kat 15 mm yangına dayanımı artırılmış alçı levha ile)	m²	1266.20	Insaat_Analiz_TUM_2026
15.530.1308	Alçı levhalar ile tek iskeletli bölme duvar yapılması (Duvar C 50 profil - 40 cm aks aralığı) (her iki yüzünde tek kat 15 mm su emme oranı azaltılmış, yangına dayanımı artırılmış alçı	m²	1326.58	Insaat_Analiz_TUM_2026
15.530.1309	Alçı levhalar ile tek iskeletli bölme duvar yapılması (Duvar C 75 profil - 60 cm aks aralığı) (her iki yüzünde tek kat 15 mm standart alçı levha ile)	m²	1127.74	Insaat_Analiz_TUM_2026
15.530.1310	Alçı levhalar ile tek iskeletli bölme duvar yapılması (Duvar C 75 profil - 60 cm aks aralığı) (her iki yüzünde tek kat 15 mm su emme oranı azaltılmış alçı levha ile)	m²	1188.11	Insaat_Analiz_TUM_2026
15.530.1311	Alçı levhalar ile tek iskeletli bölme duvar yapılması (Duvar C 75 profil - 60 cm aks aralığı) (her iki yüzünde tek kat 15 mm yangına dayanımı artırılmış alçı levha ile)	m²	1171.05	Insaat_Analiz_TUM_2026
15.530.1312	Alçı levhalar ile tek iskeletli bölme duvar yapılması (Duvar C 75 profil - 60 cm aks aralığı) (her iki yüzünde tek kat 15 mm su emme oranı azaltılmış, yangına dayanımı artırılmış alçı	m²	1231.43	Insaat_Analiz_TUM_2026
15.530.1313	Alçı levhalar ile tek iskeletli bölme duvar yapılması (Duvar C 75 profil - 40 cm aks aralığı) (her iki yüzünde tek kat 15 mm standart alçı levha ile)	m²	1268.50	Insaat_Analiz_TUM_2026
15.530.1314	Alçı levhalar ile tek iskeletli bölme duvar yapılması (Duvar C 75 profil - 40 cm aks aralığı) (her iki yüzünde tek kat 15 mm su emme oranı azaltılmış alçı levha ile)	m²	1328.88	Insaat_Analiz_TUM_2026
15.530.1315	Alçı levhalar ile tek iskeletli bölme duvar yapılması (Duvar C 75 profil - 40 cm aks aralığı) (her iki yüzünde tek kat 15 mm yangına dayanımı artırılmış alçı levha ile)	m²	1311.81	Insaat_Analiz_TUM_2026
15.530.1316	Alçı levhalar ile tek iskeletli bölme duvar yapılması (Duvar C 75 profil - 40 cm aks aralığı) (her iki yüzünde tek kat 15 mm su emme oranı azaltılmış, yangına dayanımı artırılmış alçı	m²	1372.19	Insaat_Analiz_TUM_2026
15.530.1317	Alçı levhalar ile tek iskeletli bölme duvar yapılması (Duvar C 100 profil - 60 cm aks aralığı) (her iki yüzünde tek kat 15 mm standart alçı levha ile)	m²	1130.53	Insaat_Analiz_TUM_2026
15.530.1318	Alçı levhalar ile tek iskeletli bölme duvar yapılması (Duvar C 100 profil - 60 cm aks aralığı) (her iki yüzünde tek kat 15 mm su emme oranı azaltılmış alçı levha ile)	m²	1190.90	Insaat_Analiz_TUM_2026
15.530.1319	Alçı levhalar ile tek iskeletli bölme duvar yapılması (Duvar C 100 profil - 60 cm aks aralığı) (her iki yüzünde tek kat 15 mm yangına dayanımı artırılmış alçı levha ile)	m²	1173.84	Insaat_Analiz_TUM_2026
15.530.1320	Alçı levhalar ile tek iskeletli bölme duvar yapılması (Duvar C 100 profil - 60 cm aks aralığı) (her iki yüzünde tek kat 15 mm su emme oranı azaltılmış, yangına dayanımı artırılmış alçı	m²	1234.21	Insaat_Analiz_TUM_2026
15.530.1321	Alçı levhalar ile tek iskeletli bölme duvar yapılması (Duvar C 100 profil - 40 cm aks aralığı) (her iki yüzünde tek kat 15 mm standart alçı levha ile)	m²	1277.39	Insaat_Analiz_TUM_2026
15.530.1322	Alçı levhalar ile tek iskeletli bölme duvar yapılması (Duvar C 100 profil - 40 cm aks aralığı) (her iki yüzünde tek kat 15 mm su emme oranı azaltılmış alçı levha ile)	m²	1337.76	Insaat_Analiz_TUM_2026
15.530.1323	Alçı levhalar ile tek iskeletli bölme duvar yapılması (Duvar C 100 profil - 40 cm aks aralığı) (her iki yüzünde tek kat 15 mm yangına dayanımı artırılmış alçı levha ile)	m²	1320.70	Insaat_Analiz_TUM_2026
15.530.1324	Alçı levhalar ile tek iskeletli bölme duvar yapılması (Duvar C 100 profil - 40 cm aks aralığı) (her iki yüzünde tek kat 15 mm su emme oranı azaltılmış, yangına dayanımı artırılmış alçı	m²	1381.08	Insaat_Analiz_TUM_2026
15.530.1351	Alçı levhalar ile tek iskeletli bölme duvar yapılması (Duvar C 50 profil - 60 cm aks aralığı) (her iki yüzünde çift kat 12,5 mm standart alçı levha ile)	m²	1306.78	Insaat_Analiz_TUM_2026
15.530.1352	Alçı levhalar ile tek iskeletli bölme duvar yapılması (Duvar C 50 profil - 60 cm aks aralığı) (her iki yüzünde çift kat 12,5 mm su emme oranı azaltılmış alçı levha ile)	m²	1406.53	Insaat_Analiz_TUM_2026
15.530.1353	Alçı levhalar ile tek iskeletli bölme duvar yapılması (Duvar C 50 profil - 60 cm aks aralığı) (her iki yüzünde çift kat 12,5 mm yangına dayanımı artırılmış alçı levha ile)	m²	1401.28	Insaat_Analiz_TUM_2026
15.530.1354	Alçı levhalar ile tek iskeletli bölme duvar yapılması (Duvar C 50 profil - 60 cm aks aralığı) (her iki yüzünde çift kat 12,5 mm su emme oranı azaltılmış, yangına dayanımı artırılmış alçı	m²	1514.15	Insaat_Analiz_TUM_2026
15.530.1355	Alçı levhalar ile tek iskeletli bölme duvar yapılması (Duvar C 50 profil - 40 cm aks aralığı) (her iki yüzünde çift kat 12,5 mm standart alçı levha ile)	m²	1445.51	Insaat_Analiz_TUM_2026
15.530.1356	Alçı levhalar ile tek iskeletli bölme duvar yapılması (Duvar C 50 profil - 40 cm aks aralığı) (her iki yüzünde çift kat 12,5 mm su emme oranı azaltılmış alçı levha ile)	m²	1545.26	Insaat_Analiz_TUM_2026
15.530.1357	Alçı levhalar ile tek iskeletli bölme duvar yapılması (Duvar C 50 profil - 40 cm aks aralığı) (her iki yüzünde çift kat 12,5 mm yangına dayanımı artırılmış alçı levha ile)	m²	1540.01	Insaat_Analiz_TUM_2026
15.530.1358	Alçı levhalar ile tek iskeletli bölme duvar yapılması (Duvar C 50 profil - 40 cm aks aralığı) (her iki yüzünde çift kat 12,5 mm su emme oranı azaltılmış, yangına dayanımı artırılmış alçı	m²	1652.89	Insaat_Analiz_TUM_2026
15.530.1359	Alçı levhalar ile tek iskeletli bölme duvar yapılması (Duvar C 75 profil - 60 cm aks aralığı) (her iki yüzünde çift kat 12,5 mm standart alçı levha ile)	m²	1347.86	Insaat_Analiz_TUM_2026
15.530.1360	Alçı levhalar ile tek iskeletli bölme duvar yapılması (Duvar C 75 profil - 60 cm aks aralığı) (her iki yüzünde çift kat 12,5 mm su emme oranı azaltılmış alçı levha ile)	m²	1447.61	Insaat_Analiz_TUM_2026
15.530.1361	Alçı levhalar ile tek iskeletli bölme duvar yapılması (Duvar C 75 profil - 60 cm aks aralığı) (her iki yüzünde çift kat 12,5 mm yangına dayanımı artırılmış alçı levha ile)	m²	1442.36	Insaat_Analiz_TUM_2026
15.530.1362	Alçı levhalar ile tek iskeletli bölme duvar yapılması (Duvar C 75 profil - 60 cm aks aralığı) (her iki yüzünde çift kat 12,5 mm su emme oranı azaltılmış, yangına dayanımı artırılmış alçı	m²	1555.24	Insaat_Analiz_TUM_2026
15.530.1363	Alçı levhalar ile tek iskeletli bölme duvar yapılması (Duvar C 75 profil - 40 cm aks aralığı) (her iki yüzünde çift kat 12,5 mm standart alçı levha ile)	m²	1491.13	Insaat_Analiz_TUM_2026
15.530.1364	Alçı levhalar ile tek iskeletli bölme duvar yapılması (Duvar C 75 profil - 40 cm aks aralığı) (her iki yüzünde çift kat 12,5 mm su emme oranı azaltılmış alçı levha ile)	m²	1590.88	Insaat_Analiz_TUM_2026
15.530.1365	Alçı levhalar ile tek iskeletli bölme duvar yapılması (Duvar C 75 profil - 40 cm aks aralığı) (her iki yüzünde çift kat 12,5 mm yangına dayanımı artırılmış alçı levha ile)	m²	1585.63	Insaat_Analiz_TUM_2026
15.530.1366	Alçı levhalar ile tek iskeletli bölme duvar yapılması (Duvar C 75 profil - 40 cm aks aralığı) (her iki yüzünde çift kat 12,5 mm su emme oranı azaltılmış, yangına dayanımı artırılmış alçı	m²	1698.50	Insaat_Analiz_TUM_2026
15.530.1367	Alçı levhalar ile tek iskeletli bölme duvar yapılması (Duvar C 100 profil - 60 cm aks aralığı) (her iki yüzünde çift kat 12,5 mm standart alçı levha ile)	m²	1350.65	Insaat_Analiz_TUM_2026
15.530.1368	Alçı levhalar ile tek iskeletli bölme duvar yapılması (Duvar C 100 profil - 60 cm aks aralığı) (her iki yüzünde çift kat 12,5 mm su emme oranı azaltılmış alçı levha ile)	m²	1450.40	Insaat_Analiz_TUM_2026
15.530.1369	Alçı levhalar ile tek iskeletli bölme duvar yapılması (Duvar C 100 profil - 60 cm aks aralığı) (her iki yüzünde çift kat 12,5 mm yangına dayanımı artırılmış alçı levha ile)	m²	1445.15	Insaat_Analiz_TUM_2026
15.530.1370	Alçı levhalar ile tek iskeletli bölme duvar yapılması (Duvar C 100 profil - 60 cm aks aralığı) (her iki yüzünde çift kat 12,5 mm su emme oranı azaltılmış, yangına dayanımı artırılmış alçı	m²	1558.03	Insaat_Analiz_TUM_2026
15.530.1371	Alçı levhalar ile tek iskeletli bölme duvar yapılması (Duvar C 100 profil - 40 cm aks aralığı) (her iki yüzünde çift kat 12,5 mm standart alçı levha ile)	m²	1500.01	Insaat_Analiz_TUM_2026
15.530.1372	Alçı levhalar ile tek iskeletli bölme duvar yapılması (Duvar C 100 profil - 40 cm aks aralığı) (her iki yüzünde çift kat 12,5 mm su emme oranı azaltılmış alçı levha ile)	m²	1599.76	Insaat_Analiz_TUM_2026
15.530.1373	Alçı levhalar ile tek iskeletli bölme duvar yapılması (Duvar C 100 profil - 40 cm aks aralığı) (her iki yüzünde çift kat 12,5 mm yangına dayanımı artırılmış alçı levha ile)	m²	1594.51	Insaat_Analiz_TUM_2026
15.530.1374	Alçı levhalar ile tek iskeletli bölme duvar yapılması (Duvar C 100 profil - 40 cm aks aralığı) (her iki yüzünde çift kat 12,5 mm su emme oranı azaltılmış, yangına dayanımı artırılmış alçı	m²	1707.39	Insaat_Analiz_TUM_2026
15.530.1401	Alçı levhalar ile tek iskeletli bölme duvar yapılması (Duvar C 50 profil - 60 cm aks aralığı) (her iki yüzünde çift kat 15 mm standart alçı levha ile)	m²	1380.28	Insaat_Analiz_TUM_2026
15.530.1402	Alçı levhalar ile tek iskeletli bölme duvar yapılması (Duvar C 50 profil - 60 cm aks aralığı) (her iki yüzünde çift kat 15 mm su emme oranı azaltılmış alçı levha ile)	m²	1501.03	Insaat_Analiz_TUM_2026
15.530.1403	Alçı levhalar ile tek iskeletli bölme duvar yapılması (Duvar C 50 profil - 60 cm aks aralığı) (her iki yüzünde çift kat 15 mm yangına dayanımı artırılmış alçı levha ile)	m²	1466.90	Insaat_Analiz_TUM_2026
15.530.1404	Alçı levhalar ile tek iskeletli bölme duvar yapılması (Duvar C 50 profil - 60 cm aks aralığı) (her iki yüzünde çift kat 15 mm su emme oranı azaltılmış, yangına dayanımı artırılmış alçı	m²	1587.65	Insaat_Analiz_TUM_2026
15.530.1405	Alçı levhalar ile tek iskeletli bölme duvar yapılması (Duvar C 50 profil - 40 cm aks aralığı) (her iki yüzünde çift kat 15 mm standart alçı levha ile)	m²	1519.01	Insaat_Analiz_TUM_2026
15.530.1406	Alçı levhalar ile tek iskeletli bölme duvar yapılması (Duvar C 50 profil - 40 cm aks aralığı) (her iki yüzünde çift kat 15 mm su emme oranı azaltılmış alçı levha ile)	m²	1639.76	Insaat_Analiz_TUM_2026
15.530.1407	Alçı levhalar ile tek iskeletli bölme duvar yapılması (Duvar C 50 profil - 40 cm aks aralığı) (her iki yüzünde çift kat 15 mm yangına dayanımı artırılmış alçı levha ile)	m²	1605.64	Insaat_Analiz_TUM_2026
15.530.1408	Alçı levhalar ile tek iskeletli bölme duvar yapılması (Duvar C 50 profil - 40 cm aks aralığı) (her iki yüzünde çift kat 15 mm su emme oranı azaltılmış, yangına dayanımı artırılmış alçı	m²	1726.39	Insaat_Analiz_TUM_2026
15.530.1409	Alçı levhalar ile tek iskeletli bölme duvar yapılması (Duvar C 75 profil - 60 cm aks aralığı) (her iki yüzünde çift kat 15 mm standart alçı levha ile)	m²	1421.36	Insaat_Analiz_TUM_2026
15.530.1410	Alçı levhalar ile tek iskeletli bölme duvar yapılması (Duvar C 75 profil - 60 cm aks aralığı) (her iki yüzünde çift kat 15 mm su emme oranı azaltılmış alçı levha ile)	m²	1542.11	Insaat_Analiz_TUM_2026
15.530.1411	Alçı levhalar ile tek iskeletli bölme duvar yapılması (Duvar C 75 profil - 60 cm aks aralığı) (her iki yüzünde çift kat 15 mm yangına dayanımı artırılmış alçı levha ile)	m²	1507.99	Insaat_Analiz_TUM_2026
15.530.1412	Alçı levhalar ile tek iskeletli bölme duvar yapılması (Duvar C 75 profil - 60 cm aks aralığı) (her iki yüzünde çift kat 15 mm su emme oranı azaltılmış, yangına dayanımı artırılmış alçı	m²	1628.74	Insaat_Analiz_TUM_2026
15.530.1413	Alçı levhalar ile tek iskeletli bölme duvar yapılması (Duvar C 75 profil - 40 cm aks aralığı) (her iki yüzünde çift kat 15 mm standart alçı levha ile)	m²	1564.63	Insaat_Analiz_TUM_2026
15.530.1414	Alçı levhalar ile tek iskeletli bölme duvar yapılması (Duvar C 75 profil - 40 cm aks aralığı) (her iki yüzünde çift kat 15 mm su emme oranı azaltılmış alçı levha ile)	m²	1685.38	Insaat_Analiz_TUM_2026
15.530.1415	Alçı levhalar ile tek iskeletli bölme duvar yapılması (Duvar C 75 profil - 40 cm aks aralığı) (her iki yüzünde çift kat 15 mm yangına dayanımı artırılmış alçı levha ile)	m²	1651.25	Insaat_Analiz_TUM_2026
15.530.1416	Alçı levhalar ile tek iskeletli bölme duvar yapılması (Duvar C 75 profil - 40 cm aks aralığı) (her iki yüzünde çift kat 15 mm su emme oranı azaltılmış, yangına dayanımı artırılmış alçı	m²	1772.00	Insaat_Analiz_TUM_2026
15.530.1417	Alçı levhalar ile tek iskeletli bölme duvar yapılması (Duvar C 100 profil - 60 cm aks aralığı) (her iki yüzünde çift kat 15 mm standart alçı levha ile)	m²	1424.15	Insaat_Analiz_TUM_2026
15.530.1418	Alçı levhalar ile tek iskeletli bölme duvar yapılması (Duvar C 100 profil - 60 cm aks aralığı) (her iki yüzünde çift kat 15 mm su emme oranı azaltılmış alçı levha ile)	m²	1544.90	Insaat_Analiz_TUM_2026
15.530.1419	Alçı levhalar ile tek iskeletli bölme duvar yapılması (Duvar C 100 profil - 60 cm aks aralığı) (her iki yüzünde çift kat 15 mm yangına dayanımı artırılmış alçı levha ile)	m²	1510.78	Insaat_Analiz_TUM_2026
15.530.1420	Alçı levhalar ile tek iskeletli bölme duvar yapılması (Duvar C 100 profil - 60 cm aks aralığı) (her iki yüzünde çift kat 15 mm su emme oranı azaltılmış, yangına dayanımı artırılmış alçı	m²	1631.53	Insaat_Analiz_TUM_2026
15.530.1421	Alçı levhalar ile tek iskeletli bölme duvar yapılması (Duvar C 100 profil - 40 cm aks aralığı) (her iki yüzünde çift kat 15 mm standart alçı levha ile)	m²	1573.51	Insaat_Analiz_TUM_2026
15.530.1422	Alçı levhalar ile tek iskeletli bölme duvar yapılması (Duvar C 100 profil - 40 cm aks aralığı) (her iki yüzünde çift kat 15 mm su emme oranı azaltılmış alçı levha ile)	m²	1694.26	Insaat_Analiz_TUM_2026
15.530.1423	Alçı levhalar ile tek iskeletli bölme duvar yapılması (Duvar C 100 profil - 40 cm aks aralığı) (her iki yüzünde çift kat 15 mm yangına dayanımı artırılmış alçı levha ile)	m²	1660.14	Insaat_Analiz_TUM_2026
15.530.1424	Alçı levhalar ile tek iskeletli bölme duvar yapılması (Duvar C 100 profil - 40 cm aks aralığı) (her iki yüzünde çift kat 15 mm su emme oranı azaltılmış, yangına dayanımı artırılmış alçı	m²	1780.89	Insaat_Analiz_TUM_2026
15.530.1451	Alçı levhalar ile tek iskeletli bölme duvar yapılması (Duvar C 50 profil - 60 cm aks aralığı) (her iki yüzünde üç kat 12,5 mm standart alçı levha ile)	m²	1564.90	Insaat_Analiz_TUM_2026
15.530.1452	Alçı levhalar ile tek iskeletli bölme duvar yapılması (Duvar C 50 profil - 60 cm aks aralığı) (her iki yüzünde üç kat 12,5 mm su emme oranı azaltılmış alçı levha ile)	m²	1714.53	Insaat_Analiz_TUM_2026
15.530.1453	Alçı levhalar ile tek iskeletli bölme duvar yapılması (Duvar C 50 profil - 60 cm aks aralığı) (her iki yüzünde üç kat 12,5 mm yangına dayanımı artırılmış alçı levha ile)	m²	1706.65	Insaat_Analiz_TUM_2026
15.530.1454	Alçı levhalar ile tek iskeletli bölme duvar yapılması (Duvar C 50 profil - 60 cm aks aralığı) (her iki yüzünde üç kat 12,5 mm su emme oranı azaltılmış, yangına dayanımı artırılmış alçı	m²	1875.96	Insaat_Analiz_TUM_2026
15.530.1455	Alçı levhalar ile tek iskeletli bölme duvar yapılması (Duvar C 75 profil - 60 cm aks aralığı) (her iki yüzünde üç kat 12,5 mm standart alçı levha ile)	m²	1605.99	Insaat_Analiz_TUM_2026
15.530.1456	Alçı levhalar ile tek iskeletli bölme duvar yapılması (Duvar C 75 profil - 60 cm aks aralığı) (her iki yüzünde üç kat 12,5 mm su emme oranı azaltılmış alçı levha ile)	m²	1755.61	Insaat_Analiz_TUM_2026
15.530.1457	Alçı levhalar ile tek iskeletli bölme duvar yapılması (Duvar C 75 profil - 60 cm aks aralığı) (her iki yüzünde üç kat 12,5 mm yangına dayanımı artırılmış alçı levha ile)	m²	1747.74	Insaat_Analiz_TUM_2026
15.530.1458	Alçı levhalar ile tek iskeletli bölme duvar yapılması (Duvar C 75 profil - 60 cm aks aralığı) (her iki yüzünde üç kat 12,5 mm su emme oranı azaltılmış, yangına dayanımı artırılmış alçı	m²	1917.05	Insaat_Analiz_TUM_2026
15.530.1459	Alçı levhalar ile tek iskeletli bölme duvar yapılması (Duvar C 100 profil - 60 cm aks aralığı) (her iki yüzünde üç kat 12,5 mm standart alçı levha ile)	m²	1608.78	Insaat_Analiz_TUM_2026
15.530.1460	Alçı levhalar ile tek iskeletli bölme duvar yapılması (Duvar C 100 profil - 60 cm aks aralığı) (her iki yüzünde üç kat 12,5 mm su emme oranı azaltılmış alçı levha ile)	m²	1758.40	Insaat_Analiz_TUM_2026
15.530.1461	Alçı levhalar ile tek iskeletli bölme duvar yapılması (Duvar C 100 profil - 60 cm aks aralığı) (her iki yüzünde üç kat 12,5 mm yangına dayanımı artırılmış alçı levha ile)	m²	1750.53	Insaat_Analiz_TUM_2026
15.530.1462	Alçı levhalar ile tek iskeletli bölme duvar yapılması (Duvar C 100 profil - 60 cm aks aralığı) (her iki yüzünde üç kat 12,5 mm su emme oranı azaltılmış, yangına dayanımı artırılmış alçı	m²	1919.84	Insaat_Analiz_TUM_2026
15.530.1501	Alçı levhalar ile çift iskeletli bölme duvar yapılması (Duvar C 50 profil - 60 cm aks aralığı) (her iki yüzünde iki kat 12,5 mm standart alçı levha ile)	m²	1733.36	Insaat_Analiz_TUM_2026
15.530.1502	Alçı levhalar ile çift iskeletli bölme duvar yapılması (Duvar C 50 profil - 60 cm aks aralığı) (her iki yüzünde iki kat 12,5 mm su emme oranı azaltılmış alçı levha ile)	m²	1833.11	Insaat_Analiz_TUM_2026
15.530.1503	Alçı levhalar ile çift iskeletli bölme duvar yapılması (Duvar C 50 profil - 60 cm aks aralığı) (her iki yüzünde iki kat 12,5 mm yangına dayanımı artırılmış alçı levha ile)	m²	1827.86	Insaat_Analiz_TUM_2026
15.530.1504	Alçı levhalar ile çift iskeletli bölme duvar yapılması (Duvar C 50 profil - 60 cm aks aralığı) (her iki yüzünde iki kat 12,5 mm su emme oranı azaltılmış, yangına dayanımı artırılmış alçı	m²	1940.74	Insaat_Analiz_TUM_2026
15.530.1505	Alçı levhalar ile çift iskeletli bölme duvar yapılması (Duvar C 50 profil - 60 cm aks aralığı) (her iki yüzünde iki kat 15 mm standart alçı levha ile)	m²	1806.86	Insaat_Analiz_TUM_2026
15.530.1506	Alçı levhalar ile çift iskeletli bölme duvar yapılması (Duvar C 50 profil - 60 cm aks aralığı) (her iki yüzünde iki kat 15 mm su emme oranı azaltılmış alçı levha ile)	m²	1927.61	Insaat_Analiz_TUM_2026
15.530.1507	Alçı levhalar ile çift iskeletli bölme duvar yapılması (Duvar C 50 profil - 60 cm aks aralığı) (her iki yüzünde iki kat 15 mm yangına dayanımı artırılmış alçı levha ile)	m²	1893.49	Insaat_Analiz_TUM_2026
15.530.1508	Alçı levhalar ile çift iskeletli bölme duvar yapılması (Duvar C 50 profil - 60 cm aks aralığı) (her iki yüzünde iki kat 15 mm su emme oranı azaltılmış, yangına dayanımı artırılmış alçı	m²	2014.24	Insaat_Analiz_TUM_2026
15.530.1509	Alçı levhalar ile çift iskeletli bölme duvar yapılması (Duvar C 75 profil - 60 cm aks aralığı) (her iki yüzünde iki kat 12,5 mm standart alçı levha ile)	m²	1815.51	Insaat_Analiz_TUM_2026
15.530.1510	Alçı levhalar ile çift iskeletli bölme duvar yapılması (Duvar C 75 profil - 60 cm aks aralığı) (her iki yüzünde iki kat 12,5 mm su emme oranı azaltılmış alçı levha ile)	m²	1915.26	Insaat_Analiz_TUM_2026
15.530.1511	Alçı levhalar ile çift iskeletli bölme duvar yapılması (Duvar C 75 profil - 60 cm aks aralığı) (her iki yüzünde iki kat 12,5 mm yangına dayanımı artırılmış alçı levha ile)	m²	1910.01	Insaat_Analiz_TUM_2026
15.530.1512	Alçı levhalar ile çift iskeletli bölme duvar yapılması (Duvar C 75 profil - 60 cm aks aralığı) (her iki yüzünde iki kat 12,5 mm su emme oranı azaltılmış, yangına dayanımı artırılmış alçı	m²	2022.89	Insaat_Analiz_TUM_2026
15.530.1551	Alçı levhalar ile çift iskeletli (birbirine alçı levha şeritlerle bağlanmış) bölme duvar yapılması (Duvar C 50 profil - 60 cm aks aralığı) (her iki yüzünde iki kat 12,5 mm standart alçı levha	m²	1976.24	Insaat_Analiz_TUM_2026
15.530.1552	Alçı levhalar ile çift iskeletli (birbirine alçı levha şeritlerle bağlanmış) bölme duvar yapılması (Duvar C 50 profil - 60 cm aks aralığı) (her iki yüzünde iki kat 12,5 mm su emme oranı	m²	2078.36	Insaat_Analiz_TUM_2026
15.530.1553	Alçı levhalar ile çift iskeletli (birbirine alçı levha şeritlerle bağlanmış) bölme duvar yapılması (Duvar C 50 profil - 60 cm aks aralığı) (her iki yüzünde iki kat 12,5 mm yangına dayanımı	m²	2072.99	Insaat_Analiz_TUM_2026
15.530.1554	Alçı levhalar ile çift iskeletli (birbirine alçı levha şeritlerle bağlanmış) bölme duvar yapılması (Duvar C 50 profil - 60 cm aks aralığı) (her iki yüzünde iki kat 12,5 mm su emme oranı	m²	2188.55	Insaat_Analiz_TUM_2026
15.530.1555			2188.55	Ana_BF_2026
15.530.1556	Alçı levhalar ile çift iskeletli (birbirine alçı levha şeritlerle bağlanmış) bölme duvar yapılması (Duvar C 50 profil - 60 cm aks aralığı) (her iki yüzünde iki kat 15 mm su emme oranı	m²	2175.11	Insaat_Analiz_TUM_2026
15.530.1557	Alçı levhalar ile çift iskeletli (birbirine alçı levha şeritlerle bağlanmış) bölme duvar yapılması (Duvar C 50 profil - 60 cm aks aralığı) (her iki yüzünde iki kat 15 mm yangına dayanımı	m²	2140.18	Insaat_Analiz_TUM_2026
15.530.1558	Alçı levhalar ile çift iskeletli (birbirine alçı levha şeritlerle bağlanmış) bölme duvar yapılması (Duvar C 50 profil - 60 cm aks aralığı) (her iki yüzünde iki kat 15 mm su emme oranı	m²	2263.80	Insaat_Analiz_TUM_2026
15.530.1559	Alçı levhalar ile çift iskeletli (birbirine alçı levha şeritlerle bağlanmış) bölme duvar yapılması (Duvar C 75 profil - 60 cm aks aralığı) (her iki yüzünde iki kat 12,5 mm standart alçı levha	m²	2058.39	Insaat_Analiz_TUM_2026
15.530.1560	Alçı levhalar ile çift iskeletli (birbirine alçı levha şeritlerle bağlanmış) bölme duvar yapılması (Duvar C 75 profil - 60 cm aks aralığı) (her iki yüzünde iki kat 12,5 mm su emme oranı	m²	2160.51	Insaat_Analiz_TUM_2026
15.530.1561	Alçı levhalar ile çift iskeletli (birbirine alçı levha şeritlerle bağlanmış) bölme duvar yapılması (Duvar C 75 profil - 60 cm aks aralığı) (her iki yüzünde iki kat 12,5 mm yangına dayanımı	m²	2155.14	Insaat_Analiz_TUM_2026
15.530.1562	Alçı levhalar ile çift iskeletli (birbirine alçı levha şeritlerle bağlanmış) bölme duvar yapılması (Duvar C 75 profil - 60 cm aks aralığı) (her iki yüzünde iki kat 12,5 mm su emme oranı	m²	2270.70	Insaat_Analiz_TUM_2026
15.530.1701	Alçı levhalar ile yapıştırma yöntemiyle giydirme duvar yapılması (12,5mm tek kat standart	m²	903.24	Insaat_Analiz_TUM_2026
15.530.1702	Alçı levhalar ile yapıştırma yöntemiyle giydirme duvar yapılması (12,5mm tek kat su emme oranı azaltılmış alçı levha ile)	m²	928.18	Insaat_Analiz_TUM_2026
15.530.1703	Alçı levhalar ile yapıştırma yöntemiyle giydirme duvar yapılması (12,5mm tek kat yangına dayanımı artırılmış alçı levha ile)	m²	926.86	Insaat_Analiz_TUM_2026
15.530.1704	Alçı levhalar ile yapıştırma yöntemiyle giydirme duvar yapılması (12,5mm tek kat su emme oranı azaltılmış, yangına dayanımı artırılmış alçı levha ile)	m²	955.09	Insaat_Analiz_TUM_2026
15.530.1726	Alçı levha ile tek iskeletli giydirme duvar yapılması (Tek Tavan C 60 profil - 60 cm aks aralığı) (12,5 mm tek kat standart alçı levha ile)	m²	669.50	Insaat_Analiz_TUM_2026
15.530.1727	Alçı levha ile tek iskeletli giydirme duvar yapılması (Tek Tavan C 60 profil - 60 cm aks aralığı) (12,5 mm tek kat su emme oranı azaltılmış alçı levha ile)	m²	694.44	Insaat_Analiz_TUM_2026
15.530.1728	Alçı levha ile tek iskeletli giydirme duvar yapılması (Tek Tavan C 60 profil - 60 cm aks aralığı) (12,5 mm tek kat yangına dayanımı artırılmış alçı levha ile)	m²	693.13	Insaat_Analiz_TUM_2026
15.530.1729	Alçı levha ile tek iskeletli giydirme duvar yapılması (Tek Tavan C 60 profil - 60 cm aks aralığı) (12,5 mm tek kat yangına dayanımı artırılmış alçı levha ile)	m²	721.35	Insaat_Analiz_TUM_2026
15.530.1730	Alçı levha ile tek iskeletli giydirme duvar yapılması (Tek Tavan C 60 profil - 60 cm aks aralığı) (15 mm tek kat standart alçı levha ile)	m²	687.88	Insaat_Analiz_TUM_2026
15.530.1731	Alçı levha ile tek iskeletli giydirme duvar yapılması (Tek Tavan C 60 profil - 60 cm aks aralığı) (15 mm tek kat su emme oranı azaltılmış alçı levha ile)	m²	718.06	Insaat_Analiz_TUM_2026
15.530.1732	Alçı levha ile tek iskeletli giydirme duvar yapılması (Tek Tavan C 60 profil - 60 cm aks aralığı) (15 mm tek kat yangına dayanımı artırılmış alçı levha ile)	m²	709.54	Insaat_Analiz_TUM_2026
15.530.1733	Alçı levha ile tek iskeletli giydirme duvar yapılması (Tek Tavan C 60 profil - 60 cm aks aralığı) (15 mm tek kat yangına dayanımı artırılmış alçı levha ile)	m²	739.73	Insaat_Analiz_TUM_2026
15.530.1751	Alçı levha ile tek iskeletli giydirme duvar yapılması (Tek Tavan C 60 profil - 60 cm aks aralığı) (12,5 mm çift kat standart alçı levha ile)	m²	865.56	Insaat_Analiz_TUM_2026
15.530.1752	Alçı levha ile tek iskeletli giydirme duvar yapılması (Tek Tavan C 60 profil - 60 cm aks aralığı) (12,5 mm çift kat su emme oranı azaltılmış alçı levha ile)	m²	915.44	Insaat_Analiz_TUM_2026
15.530.1753	Alçı levha ile tek iskeletli giydirme duvar yapılması (Tek Tavan C 60 profil - 60 cm aks aralığı) (12,5 mm çift kat yangına dayanımı artırılmış alçı levha ile)	m²	912.81	Insaat_Analiz_TUM_2026
15.530.1754	Alçı levha ile tek iskeletli giydirme duvar yapılması (Tek Tavan C 60 profil - 60 cm aks aralığı) (12,5 mm çift kat su emme oranı azaltılmış, yangına dayanımı artırılmış alçı levha	m²	969.25	Insaat_Analiz_TUM_2026
15.530.1776	Alçı levha ile tek iskeletli giydirme duvar yapılması (Tek Duvar C 50 profil - 60 cm aks aralığı) (12,5 mm tek kat standart alçı levha ile)	m²	848.36	Insaat_Analiz_TUM_2026
15.530.1777	Alçı levha ile tek iskeletli giydirme duvar yapılması (Tek Duvar C 50 profil - 60 cm aks aralığı) (12,5 mm tek kat su emme oranı azaltılmış alçı levha ile)	m²	873.30	Insaat_Analiz_TUM_2026
15.530.1778	Alçı levha ile tek iskeletli giydirme duvar yapılması (Tek Duvar C 50 profil - 60 cm aks aralığı) (12,5 mm tek kat yangına dayanımı artırılmış alçı levha ile)	m²	871.99	Insaat_Analiz_TUM_2026
15.530.1779	Alçı levha ile tek iskeletli giydirme duvar yapılması (Tek Duvar C 50 profil - 60 cm aks aralığı) (12,5 mm tek kat su emme oranı azaltılmış, yangına dayanımı artırılmış alçı levha	m²	900.21	Insaat_Analiz_TUM_2026
15.530.1780	Alçı levha ile tek iskeletli giydirme duvar yapılması (Tek Duvar C 50 profil - 40 cm aks aralığı) (12,5 mm tek kat standart alçı levha ile)	m²	1017.10	Insaat_Analiz_TUM_2026
15.530.1781	Alçı levha ile tek iskeletli giydirme duvar yapılması (Tek Duvar C 50 profil - 40 cm aks aralığı) (12,5 mm tek kat su emme oranı azaltılmış alçı levha ile)	m²	1042.04	Insaat_Analiz_TUM_2026
15.530.1782	Alçı levha ile tek iskeletli giydirme duvar yapılması (Tek Duvar C 50 profil - 40 cm aks aralığı) (12,5 mm tek kat yangına dayanımı artırılmış alçı levha ile)	m²	1040.73	Insaat_Analiz_TUM_2026
15.530.1783	Alçı levha ile tek iskeletli giydirme duvar yapılması (Tek Duvar C 50 profil - 40 cm aks aralığı) (12,5 mm tek kat su emme oranı azaltılmış, yangına dayanımı artırılmış alçı levha	m²	1068.95	Insaat_Analiz_TUM_2026
15.530.1784	Alçı levha ile tek iskeletli giydirme duvar yapılması (Tek Duvar C 75 profil - 60 cm aks aralığı) (12,5 mm tek kat standart alçı levha ile)	m²	889.45	Insaat_Analiz_TUM_2026
15.530.1785	Alçı levha ile tek iskeletli giydirme duvar yapılması (Tek Duvar C 75 profil - 60 cm aks aralığı) (12,5 mm tek kat su emme oranı azaltılmış alçı levha ile)	m²	914.39	Insaat_Analiz_TUM_2026
15.530.1786	Alçı levha ile tek iskeletli giydirme duvar yapılması (Tek Duvar C 75 profil - 60 cm aks aralığı) (12,5 mm tek kat yangına dayanımı artırılmış alçı levha ile)	m²	913.08	Insaat_Analiz_TUM_2026
15.530.1787	Alçı levha ile tek iskeletli giydirme duvar yapılması (Tek Duvar C 75 profil - 60 cm aks aralığı) (12,5 mm tek kat su emme oranı azaltılmış, yangına dayanımı artırılmış alçı levha	m²	941.30	Insaat_Analiz_TUM_2026
15.530.1788	Alçı levha ile tek iskeletli giydirme duvar yapılması (Tek Duvar C 75 profil - 40 cm aks aralığı) (12,5 mm tek kat standart alçı levha ile)	m²	1062.71	Insaat_Analiz_TUM_2026
15.530.1789	Alçı levha ile tek iskeletli giydirme duvar yapılması (Tek Duvar C 75 profil - 40 cm aks aralığı) (12,5 mm tek kat su emme oranı azaltılmış alçı levha ile)	m²	1087.65	Insaat_Analiz_TUM_2026
15.530.1790	Alçı levha ile tek iskeletli giydirme duvar yapılması (Tek Duvar C 75 profil - 40 cm aks aralığı) (12,5 mm tek kat yangına dayanımı artırılmış alçı levha ile)	m²	1086.34	Insaat_Analiz_TUM_2026
15.530.1791	Alçı levha ile tek iskeletli giydirme duvar yapılması (Tek Duvar C 75 profil - 40 cm aks aralığı) (12,5 mm tek kat su emme oranı azaltılmış, yangına dayanımı artırılmış alçı levha	m²	1114.56	Insaat_Analiz_TUM_2026
15.530.1792	Alçı levha ile tek iskeletli giydirme duvar yapılması (Tek Duvar C 50 profil - 60 cm aks aralığı) (15 mm tek kat standart alçı levha ile)	m²	866.74	Insaat_Analiz_TUM_2026
15.530.1793	Alçı levha ile tek iskeletli giydirme duvar yapılması (Tek Duvar C 50 profil - 60 cm aks aralığı) (15 mm tek kat su emme oranı azaltılmış alçı levha ile)	m²	929.41	Insaat_Analiz_TUM_2026
15.530.1794	Alçı levha ile tek iskeletli giydirme duvar yapılması (Tek Duvar C 50 profil - 60 cm aks aralığı) (15 mm tek kat yangına dayanımı artırılmış alçı levha ile)	m²	888.40	Insaat_Analiz_TUM_2026
15.530.1795	Alçı levha ile tek iskeletli giydirme duvar yapılması (Tek Duvar C 50 profil - 60 cm aks aralığı) (15 mm tek kat su emme oranı azaltılmış, yangına dayanımı artırılmış alçı levha ile)	m²	918.59	Insaat_Analiz_TUM_2026
15.530.1796	Alçı levha ile tek iskeletli giydirme duvar yapılması (Tek Duvar C 50 profil - 40 cm aks aralığı) (15 mm tek kat standart alçı levha ile)	m²	1035.48	Insaat_Analiz_TUM_2026
15.530.1797	Alçı levha ile tek iskeletli giydirme duvar yapılması (Tek Duvar C 50 profil - 40 cm aks aralığı) (15 mm tek kat su emme oranı azaltılmış alçı levha ile)	m²	1065.66	Insaat_Analiz_TUM_2026
15.530.1798	Alçı levha ile tek iskeletli giydirme duvar yapılması (Tek Duvar C 50 profil - 40 cm aks aralığı) (15 mm tek kat yangına dayanımı artırılmış alçı levha ile)	m²	1057.14	Insaat_Analiz_TUM_2026
15.530.1799	Alçı levha ile tek iskeletli giydirme duvar yapılması (Tek Duvar C 50 profil - 40 cm aks aralığı) (15 mm tek kat su emme oranı azaltılmış, yangına dayanımı artırılmış alçı levha ile)	m²	1087.33	Insaat_Analiz_TUM_2026
15.530.1800	Alçı levha ile tek iskeletli giydirme duvar yapılması (Tek Duvar C 75 profil - 60 cm aks aralığı) (15 mm tek kat standart alçı levha ile)	m²	907.83	Insaat_Analiz_TUM_2026
15.530.1801	Alçı levha ile tek iskeletli giydirme duvar yapılması (Tek Duvar C 75 profil - 60 cm aks aralığı) (15 mm tek kat su emme oranı azaltılmış alçı levha ile)	m²	938.01	Insaat_Analiz_TUM_2026
15.530.1802	Alçı levha ile tek iskeletli giydirme duvar yapılması (Tek Duvar C 75 profil - 60 cm aks aralığı) (15 mm tek kat yangına dayanımı artırılmış alçı levha ile)	m²	929.49	Insaat_Analiz_TUM_2026
15.530.1803	Alçı levha ile tek iskeletli giydirme duvar yapılması (Tek Duvar C 75 profil - 60 cm aks aralığı) (15 mm tek kat su emme oranı azaltılmış, yangına dayanımı artırılmış alçı levha ile)	m²	959.68	Insaat_Analiz_TUM_2026
15.530.1804	Alçı levha ile tek iskeletli giydirme duvar yapılması (Tek Duvar C 75 profil - 40 cm aks aralığı) (15 mm tek kat standart alçı levha ile)	m²	1081.09	Insaat_Analiz_TUM_2026
15.530.1805	Alçı levha ile tek iskeletli giydirme duvar yapılması (Tek Duvar C 75 profil - 40 cm aks aralığı) (15 mm tek kat su emme oranı azaltılmış alçı levha ile)	m²	1111.28	Insaat_Analiz_TUM_2026
15.530.1806	Alçı levha ile tek iskeletli giydirme duvar yapılması (Tek Duvar C 75 profil - 40 cm aks aralığı) (15 mm tek kat yangına dayanımı artırılmış alçı levha ile)	m²	1102.75	Insaat_Analiz_TUM_2026
15.530.1807	Alçı levha ile tek iskeletli giydirme duvar yapılması (Tek Duvar C 75 profil - 40 cm aks aralığı) (15 mm tek kat su emme oranı azaltılmış, yangına dayanımı artırılmış alçı levha ile)	m²	1132.94	Insaat_Analiz_TUM_2026
15.530.1826	Alçı levha ile tek iskeletli giydirme duvar yapılması (Tek Duvar C 50 profil - 60 cm aks aralığı) (12,5 mm çift kat standart alçı levha ile)	m²	1044.43	Insaat_Analiz_TUM_2026
15.530.1827	Alçı levha ile tek iskeletli giydirme duvar yapılması (Tek Duvar C 50 profil - 60 cm aks aralığı) (12,5 mm çift kat su emme oranı azaltılmış alçı levha ile)	m²	1094.30	Insaat_Analiz_TUM_2026
15.530.1828	Alçı levha ile tek iskeletli giydirme duvar yapılması (Tek Duvar C 50 profil - 60 cm aks aralığı) (12,5 mm çift kat yangına dayanımı artırılmış alçı levha ile)	m²	1091.68	Insaat_Analiz_TUM_2026
15.530.1829	Alçı levha ile tek iskeletli giydirme duvar yapılması (Tek Duvar C 50 profil - 60 cm aks aralığı) (12,5 mm çift kat su emme oranı azaltılmış, yangına dayanımı artırılmış alçı levha	m²	1148.11	Insaat_Analiz_TUM_2026
15.530.1830	Alçı levha ile tek iskeletli giydirme duvar yapılması (Tek Duvar C 50 profil - 40 cm aks aralığı) (12,5 mm çift kat standart alçı levha ile)	m²	1079.41	Insaat_Analiz_TUM_2026
15.530.1831	Alçı levha ile tek iskeletli giydirme duvar yapılması (Tek Duvar C 50 profil - 40 cm aks aralığı) (12,5 mm çift kat su emme oranı azaltılmış alçı levha ile)	m²	1129.29	Insaat_Analiz_TUM_2026
15.530.1832	Alçı levha ile tek iskeletli giydirme duvar yapılması (Tek Duvar C 50 profil - 40 cm aks aralığı) (12,5 mm çift kat yangına dayanımı artırılmış alçı levha ile)	m²	1126.66	Insaat_Analiz_TUM_2026
15.530.1833	Alçı levha ile tek iskeletli giydirme duvar yapılması (Tek Duvar C 50 profil - 40 cm aks aralığı) (12,5 mm çift kat su emme oranı azaltılmış, yangına dayanımı artırılmış alçı levha	m²	1183.10	Insaat_Analiz_TUM_2026
15.530.1901	Alçı levhalar ile çift iskeletli askı sistemli asma tavan yapılması (Agraf mesafesi aynı yönde 900 mm, ana taşıyıcı profil mesafesi 1000 mm, tali taşıyıcı profil mesafesi 500 mm aks	m²	1183.10	Insaat_Analiz_TUM_2026
15.530.1902	Alçı levhalar ile çift iskeletli askı sistemli asma tavan yapılması (Agraf mesafesi aynı yönde 900 mm, ana taşıyıcı profil mesafesi 1000 mm, tali taşıyıcı profil mesafesi 500 mm aks	m²	1251.88	Insaat_Analiz_TUM_2026
15.530.1903	Alçı levhalar ile çift iskeletli askı sistemli asma tavan yapılması (Agraf mesafesi aynı yönde 900 mm, ana taşıyıcı profil mesafesi 1000 mm, tali taşıyıcı profil mesafesi 500 mm aks	m²	1250.56	Insaat_Analiz_TUM_2026
15.530.1904	Alçı levhalar ile çift iskeletli askı sistemli asma tavan yapılması (Agraf mesafesi aynı yönde 900 mm, ana taşıyıcı profil mesafesi 1000 mm, tali taşıyıcı profil mesafesi 500 mm aks	m²	1278.79	Insaat_Analiz_TUM_2026
15.530.1905	Alçı levhalar ile çift iskeletli askı sistemli asma tavan yapılması (Askı çubuğu mesafesi aynı yönde 900 mm, ana taşıyıcı profil mesafesi 1000 mm, tali taşıyıcı profil mesafesi 500 mm aks	m²		Insaat_Analiz_TUM_2026
15.530.1906	Alçı levhalar ile çift iskeletli askı sistemli asma tavan yapılması (Askı çubuğu mesafesi aynı yönde 900 mm, ana taşıyıcı profil mesafesi 1000 mm, tali taşıyıcı profil mesafesi 500 mm aks	m²	1259.10	Insaat_Analiz_TUM_2026
15.530.1907	Alçı levhalar ile çift iskeletli askı sistemli asma tavan yapılması (Askı çubuğu mesafesi aynı yönde 900 mm, ana taşıyıcı profil mesafesi 1000 mm, tali taşıyıcı profil mesafesi 500 mm aks	m²	1257.79	Insaat_Analiz_TUM_2026
15.530.1908	Alçı levhalar ile çift iskeletli askı sistemli asma tavan yapılması (Askı çubuğu mesafesi aynı yönde 900 mm, ana taşıyıcı profil mesafesi 1000 mm, tali taşıyıcı profil mesafesi 500 mm aks	m²	1286.01	Insaat_Analiz_TUM_2026
15.530.1928	Alçı levhalar ile çift iskeletli askı sistemli asma tavan yapılması (Askı çubuğu mesafesi aynı yönde 750 mm, ana taşıyıcı profil mesafesi 800 mm, tali taşıyıcı profil mesafesi 500 mm aks	m²	1474.03	Insaat_Analiz_TUM_2026
15.530.1929	Alçı levhalar ile çift iskeletli askı sistemli asma tavan yapılması (Askı çubuğu mesafesi aynı yönde 750 mm, ana taşıyıcı profil mesafesi 800 mm, tali taşıyıcı profil mesafesi 500 mm aks	m²	1530.46	Insaat_Analiz_TUM_2026
15.530.1932	Alçı levhalar ile çift iskeletli askı sistemli asma tavan yapılması (Askı çubuğu mesafesi aynı yönde 750 mm, ana taşıyıcı profil mesafesi 800 mm, tali taşıyıcı profil mesafesi 500 mm aks	m²	1497.49	Insaat_Analiz_TUM_2026
15.530.1933	Alçı levhalar ile çift iskeletli askı sistemli asma tavan yapılması (Askı çubuğu mesafesi aynı yönde 750 mm, ana taşıyıcı profil mesafesi 800 mm, tali taşıyıcı profil mesafesi 500 mm aks	m²	1553.93	Insaat_Analiz_TUM_2026
15.535.1001	60x60cm ebadında 0,70mm kalınlığında minimum 20 mikron elektrostatik toz boyalı (polyester esaslı) deliksiz alüminyum plakadan (EN AW 3000 serisi) oturmalı sistem asma	m²	1098.74	Insaat_Analiz_TUM_2026
15.535.1002	60x60cm ebadında 0,70mm kalınlığında minimum 20 mikron elektrostatik toz boyalı(polyester esaslı) delikli alüminyum plakadan (EN AW 3000 serisi) oturmalı sistem	m²	1124.99	Insaat_Analiz_TUM_2026
15.535.1003	60x60cm ebadında 0,70mm kalınlığında minimum 20 mikron elektrostatik toz boyalı (polyester esaslı) arka yüzü akustik kumaş kaplı delikli alüminyum plakadan (EN AW 3000	m²	1216.86	Insaat_Analiz_TUM_2026
15.535.1004	30x30cm ebadında 0,50mm kalınlığında minimum 20 mikron elektrostatik toz boyalı (polyester esaslı) deliksiz alüminyum plakadan (EN AW 3000 serisi) oturmalı sistem asma	m²	1517.86	Insaat_Analiz_TUM_2026
15.535.1005	30x30cm ebadında 0,70mm kalınlığında minimum 20 mikron elektrostatik toz boyalı (polyester esaslı) deliksiz alüminyum plakadan (EN AW 3000 SERISI) oturmalı sistem asma	m²	1544.11	Insaat_Analiz_TUM_2026
15.535.1006	30x30cm ebadında 0,50mm kalınlığında minimum 20 mikron elektrostatik toz boyalı (polyester esaslı) delikli alüminyum plakadan (EN AW 3000 serisi) oturmalı sistem asma	m²	1524.43	Insaat_Analiz_TUM_2026
15.535.1007	30x30cm ebadında 0,70mm kalınlığında minimum 20 mikron elektrostatik toz boyalı (polyester esaslı) delikli alüminyum plakadan (EN AW 3000 serisi) oturmalı sistem asma	m²	1544.11	Insaat_Analiz_TUM_2026
15.535.1008	30x30cm ebadında 0,50mm kalınlığında minimum 20 mikron elektrostatik toz boyalı (polyester esaslı) arka yüzü akustik kumaş kaplı delikli alüminyum plakadan (EN AW 3000	m²	1544.11	Insaat_Analiz_TUM_2026
15.535.1009	30x30cm ebadında 0,70mm kalınlığında minimum 20 mikron elektrostatik toz boyalı (polyester esaslı) arka yüzü akustik kumaş kaplı delikli alüminyum plakadan (EN AW 3000	m²	1570.36	Insaat_Analiz_TUM_2026
15.535.1010	60x60cm ebadında 0,50mm kalınlığında minimum 20 mikron elektrostatik toz boyalı (polyester esaslı) deliksiz sıcak daldırma galvanize sac plakadan oturmalı sistem asma tavan	m²	908.43	Insaat_Analiz_TUM_2026
15.535.1011	60x60cm ebadında 0,50mm kalınlığında minimum 20 mikron elektrostatik toz boyalı (polyester esaslı) delikli sıcak daldırma galvanize sac plakadan oturmalı sistem asma tavan	m²	914.99	Insaat_Analiz_TUM_2026
15.535.1012	60 x 60 cm ebadında 0,50 mm kalınlığında minimum 20 mikron elektrostatik toz boyalı (polyester esaslı) arka yüzü akustik kumaş kaplı delikli sıcak daldrıma galvanize sac	m²	954.36	Insaat_Analiz_TUM_2026
15.535.1013	60x60cm ebadında 0,70mm kalınlığında minimum 20 mikron elektrostatik toz boyalı (polyester esaslı) deliksiz alüminyum plakadan (EN AW 3000 serisi) sarkmalı sistem asma	m²	1105.40	Insaat_Analiz_TUM_2026
15.535.1014	60x60cm ebadında 0,70mm kalınlığında minimum 20 mikron elektrostatik toz boyalı (polyester esaslı) delikli alüminyum plakadan (EN AW 3000 serisi) sarkmalı sistem asma	m²	1131.65	Insaat_Analiz_TUM_2026
15.535.1015	60x60cm ebadında 0,70mm kalınlığında minimum 20 mikron elektrostatik toz boyalı (polyester esaslı) arka yüzü akustik kumaş kaplı delikli alüminyum plakadan (EN AW 3000	m²	1197.28	Insaat_Analiz_TUM_2026
15.535.1016	30x30cm ebadında 0,50mm kalınlığında minimum 20 mikron elektrostatik toz boyalı (polyester esaslı) deliksiz alüminyum plakadan (EN AW 3000 serisi)	m²	1524.53	Insaat_Analiz_TUM_2026
15.535.1017	30x30cm ebadında 0,70mm kalınlığında minimum 20 mikron elektrostatik toz boyalı (polyester esaslı) deliksiz alüminyum plakadan (EN AW 3000 SERISI)	m²	1531.09	Insaat_Analiz_TUM_2026
15.535.1018	30x30cm ebadında 0,50mm kalınlığında minimum 20 mikron elektrostatik toz boyalı (polyester esaslı) delikli alüminyum plakadan (EN AW 3000 serisi) sarkmalı sistem asma	m²	1524.53	Insaat_Analiz_TUM_2026
15.535.1019	30x30cm ebadında 0,70mm kalınlığında minimum 20 mikron elektrostatik toz boyalı (polyester esaslı) delikli alüminyum plakadan (EN AW 3000 serisi) sarkmalı sistem asma	m²	1550.78	Insaat_Analiz_TUM_2026
15.535.1020	30X30cm ebadında 0,50mm kalınlığında minimum 20 mikron elektrostatik toz boyalı (polyester esaslı) arka yüzü akustik kumaş kaplı delikli alüminyum plakadan (EN AW 3000	m²	1583.59	Insaat_Analiz_TUM_2026
15.535.1021	30x30cm ebadında 0,70mm kalınlığında minimum 20 mikron elektrostatik toz boyalı (polyester esaslı) arka yüzü akustik kumaş kaplı delikli alüminyum plakadan (EN AW 3000	m²	1583.59	Insaat_Analiz_TUM_2026
15.535.1022	60x60cm ebadında 0,50mm kalınlığında minimum 20 mikron elektrostatik toz boyalı (polyester esaslı) deliksiz sıcak daldırma galvanize sac plakadan sarkmalı sistem asma tavan	m²	869.15	Insaat_Analiz_TUM_2026
15.535.1023	60x60cm ebadında 0,50mm kalınlığında minimum 20 mikron elektrostatik toz boyalı (polyester esaslı) delikli sıcak daldırma galvanize sac plakadan sarkmalı sistem asma tavan	m²	908.53	Insaat_Analiz_TUM_2026
15.535.1024	60x60cm ebadında 0,50mm kalınlığında minimum 20 mikron elektrostatik toz boyalı (polyester esaslı) arka yüzü akustik kumaş kaplı delikli sıcak daldırma galvanize sac	m²	954.46	Insaat_Analiz_TUM_2026
15.535.1025	60x60cm ebadında 0,70mm kalınlığında minimum 20 mikron elektrostatik toz boyalı (polyester esaslı) deliksiz alümünyum plakadan (EN AW 3000 serisi) gizli taşıyıcılı sistem	m²	1248.86	Insaat_Analiz_TUM_2026
15.535.1026	60x60cm ebadında 0,70mm kalınlığında minimum 20 mikron elektrostatik toz boyalı (polyester esaslı) delikli alümünyum plakadan (EN AW 3000 serisi) gizli taşıyıcılı sistem	m²	1314.49	Insaat_Analiz_TUM_2026
15.535.1027	60x60cm ebadında 0,70mm kalınlığında minimum 20 mikron elektrostatik toz boyalı (polyester esaslı) arka yüzü akustik kumaş kaplı delikli alümünyum plakadan (EN AW 3000	m²	1419.49	Insaat_Analiz_TUM_2026
15.535.1028	30x30cm ebadında 0,50mm kalınlığında minimum 20 mikron elektrostatik toz boyalı (polyester esaslı) deliksiz alümünyum plakadan (EN AW 3000 serisi) gizli taşıyıcılı sistem	m²	1590.35	Insaat_Analiz_TUM_2026
15.535.1029	30x30cm ebadında 0,70mm kalınlığında minimum 20 mikron elektrostatik toz boyalı (polyester esaslı) deliksiz alümünyum plakadan (EN AW 3000 serisi) gizli taşıyıcılı sistem	m²	1682.23	Insaat_Analiz_TUM_2026
15.535.1030	30x30cm ebadında 0,50mm kalınlığında minimum 20 mikron elektrostatik toz boyalı (polyester esaslı) delikli alümünyum plakadan (EN AW 3000 serisi) gizli taşıyıcılı sistem	m²	1603.48	Insaat_Analiz_TUM_2026
15.535.1031	30x30cm ebadında 0,70mm kalınlığında minimum 20 mikron elektrostatik toz boyalı (polyester esaslı) delikli alümünyum plakadan (EN AW 3000 serisi) gizli taşıyıcılı sistem	m²	1715.04	Insaat_Analiz_TUM_2026
15.535.1032	30x30cm ebadında 0,50mm kalınlığında minimum 20 mikron elektrostatik toz boyalı(polyester esaslı) arka yüzü akustik kumaş kaplı delikli alümünyum plakadan (EN	m²	1616.60	Insaat_Analiz_TUM_2026
15.535.1033	60x60cm ebadında 0,50mm kalınlığında minimum 20 mikron elektrostatik toz boyalı(polyester esaslı) deliksiz sıcak daldırma galvanize sac plakadan gizli taşıyıcılı sistem	m²	1000.90	Insaat_Analiz_TUM_2026
15.535.1034	60x60cm ebadında 0,50 mm kalınlığında minimum 20 mikron elektrostatik toz boyalı(polyester esaslı) delikli sıcak daldırma galvanize sac plakadan gizli taşıyıcılı sistem	m²	1007.46	Insaat_Analiz_TUM_2026
15.535.1035	60x60cm ebadında 0,50 mm kalınlığında minimum 20 mikron elektrostatik toz boyalı (polyester esaslı) arka yüzü akustik kumaş kaplı delikli sıcak daldırma galvaniz sac	m²	1053.40	Insaat_Analiz_TUM_2026
15.535.1036	85 mm eninde 0,70 mm kalınlığında minimum 20 mikron polyester esaslı rulo boyama sistemi ile boyanmış alüminyum lameller ile 15 mm derz çıtalı asma tavan yapılması	m²	1283.60	Insaat_Analiz_TUM_2026
15.535.1037	85 mm eninde 0,70 mm kalınlığında minimum 20 mikron polyester esaslı rulo boyama sistemi ile boyanmış delikli alüminyum lameller ile 20 mm derz çıtalı asma tavan yapılması	m²	1435.48	Insaat_Analiz_TUM_2026
15.535.1038	100 mm eninde 0,70 mm kalınlığında minimum 20 mikron polyester esaslı rulo boyama sistemi ile boyanmış alüminyum lameller ile 20 mm derz çıtalı asma tavan yapılması	m²	1197.98	Insaat_Analiz_TUM_2026
15.535.1039	100 mm eninde 0,70 mm kalınlığında minimum 20 mikron polyester esaslı rulo boyama sistemi ile boyanmış delikli alüminyum lameller ile 20 mm derz çıtalı asma tavan yapılması	m²	1344.79	Insaat_Analiz_TUM_2026
15.535.1051	60 x 60 cm ebatlarında sert PVC den yapılmış her renk ve desende asma tavan karoları ile	m²	764.05	Insaat_Analiz_TUM_2026
15.540.1014	Kayın kerestesi	m²	0.17	Insaat_Analiz_TUM_2026
15.540.1015	Ahşap yüzeylerin vernikli renkli ahşap koruyucu ile verniklenmesi	m²	300.88	Insaat_Analiz_TUM_2026
15.540.1016	Ahşap yüzeylerin renkli ahşap koruyucu ile korunması	m²	273.25	Insaat_Analiz_TUM_2026
15.540.1017			292.98	Ana_BF_2026
15.540.1021	Ahşap yüzeylere bir kat sentetik boya yapılması	m²	237.35	Insaat_Analiz_TUM_2026
15.540.1022	Ahşap yüzeylere bir kat sentetik esaslı mat boya yapılması	m²	231.60	Insaat_Analiz_TUM_2026
15.540.1023	Ahşap yüzeylere iki kat sentetik esaslı parlak boya yapılması	m²	309.54	Insaat_Analiz_TUM_2026
15.540.1024	Ahşap yüzeylere iki kat sentetik esaslı mat boya yapılması	m²	298.04	Insaat_Analiz_TUM_2026
15.540.1025	Ahşap dış yüzeylere iki kat su bazlı boya yapılması (ahşap kapı, pencere, camekan	m²	479.21	Insaat_Analiz_TUM_2026
15.540.1111	Demir yüzeylere korozyona karşı iki kat antipas boya yapılması	m²	270.38	Insaat_Analiz_TUM_2026
15.540.1121	Demir yüzeylere iki kat antipas, iki kat sentetik esaslı parlak boya yapılması	m²	375.38	Insaat_Analiz_TUM_2026
15.540.1122	Demir yüzeylere iki kat antipas, iki kat sentetik esaslı mat boya yapılması	m²	330.55	Insaat_Analiz_TUM_2026
15.540.1123	Demir yüzeylere iki kat solvent bazlı epoksi boya yapılması	m²	408.36	Insaat_Analiz_TUM_2026
15.540.1421	Beton, sıva ve benzeri yüzeylere 1,5 mm kalınlıkta akrilik esaslı renkli kaplama yapılması	m²	567.19	Insaat_Analiz_TUM_2026
15.540.1422	Beton, sıva ve benzeri yüzeylere 2 mm kalınlıkta akrilik esaslı renkli kaplama yapılması	m²	629.69	Insaat_Analiz_TUM_2026
15.540.1423	Beton, sıva ve benzeri yüzeylere 3 mm kalınlıkta akrilik esaslı renkli kaplama yapılması	m²	731.25	Insaat_Analiz_TUM_2026
15.540.1424	Beton, sıva ve benzeri yüzeylere 1,5 mm kalınlıkta silikon katkılı akrilik esaslı renkli	m²	591.94	Insaat_Analiz_TUM_2026
15.540.1425	Beton, sıva ve benzeri yüzeylere 2 mm kalınlıkta silikon katkılı akrilik esaslı renkli kaplama	m²	665.69	Insaat_Analiz_TUM_2026
15.540.1426	Beton, sıva ve benzeri yüzeylere 3 mm kalınlıkta silikon katkılı akrilik esaslı renkli kaplama	m²	776.25	Insaat_Analiz_TUM_2026
15.540.1427	Beton, sıva ve benzeri yüzeylere 1,5 mm kalınlıkta çimento esaslı kaplama yapılması	m²	465.38	Insaat_Analiz_TUM_2026
15.540.1428	Beton, sıva ve benzeri yüzeylere 2 mm kalınlıkta çimento esaslı kaplama yapılması	m²	469.15	Insaat_Analiz_TUM_2026
15.540.1429	Beton, sıva ve benzeri yüzeylere 3 mm kalınlıkta çimento esaslı kaplama yapılması	m²	543.74	Insaat_Analiz_TUM_2026
15.540.1501	Brüt beton yüzeylerin alçı veya sıvaya hazırlanması (iç cephe)	m²	134.06	Insaat_Analiz_TUM_2026
15.540.1502	Lekeli ve isli duvar yüzeylerin boya işlemine hazır hale getirilmesi (iç cephe)	m²	276.88	Insaat_Analiz_TUM_2026
15.540.1503	Eski boyalı yüzeylere üç kat beyaz kireç badana yapılması (iç cephe)	m²	259.98	Insaat_Analiz_TUM_2026
15.540.1504	Eski boyalı yüzeylere üç kat renkli kireç badana yapılması (iç cephe)	m²	260.73	Insaat_Analiz_TUM_2026
15.540.1505	Eski boyalı yüzeylere astar uygulanarak iki kat su bazlı silikonlu mat iç cephe (Örtücülük	m²	217.83	Insaat_Analiz_TUM_2026
15.540.1506	Eski boyalı yüzeylere astar uygulanarak iki kat su bazlı Silikonlu Soft Mat İç Cephe Boyası	m²	233.83	Insaat_Analiz_TUM_2026
15.540.1507	Eski boyalı yüzeylere astar uygulanarak iki kat Su bazlı Plastik Mat İç Cephe Boyası	m²	216.31	Insaat_Analiz_TUM_2026
15.540.1508	Eski boyalı yüzeylere astar uygulanarak iki kat Su bazlı Silikonlu İpek Mat İç Cephe Boyası	m²	222.51	Insaat_Analiz_TUM_2026
15.540.1509	Eski boyalı yüzeylere astar uygulanarak iki kat Su bazlı Silikonlu Yarı Mat İç Cephe Boyası	m²	228.51	Insaat_Analiz_TUM_2026
15.540.1510	Eski boyalı yüzeylere astar uygulanarak iki kat Su bazlı Silikonlu Mat Antibakteriyel İç	m²	264.71	Insaat_Analiz_TUM_2026
15.540.1511	Eski boyalı yüzeylere astar uygulanarak iki kat Su bazlı Silikonlu İpek Mat Antibakteriyel	m²	268.76	Insaat_Analiz_TUM_2026
15.540.1512	Eski boyalı yüzeylere astar uygulanarak iki kat Su bazlı Plastik Antibakteriyel İç Cephe	m²	310.88	Insaat_Analiz_TUM_2026
15.540.1513	Eski boyalı yüzeylere macun ve astar uygulanarak iki kat sentetik esaslı parlak boya yapılması (iç cephe)	m²	323.20	Insaat_Analiz_TUM_2026
15.540.1514	Eski boyalı yüzeylere macun ve astar uygulanarak iki kat sentetik esaslı mat boya yapılması (iç cephe)	m²	310.00	Insaat_Analiz_TUM_2026
15.540.1515	Yeni sıva yüzeylere üç kat beyaz kireç badana yapılması (iç cephe)	m²	258.99	Insaat_Analiz_TUM_2026
15.540.1516	Yeni sıva yüzeylere üç kat renkli kireç badana yapılması (iç cephe)	m²	259.74	Insaat_Analiz_TUM_2026
15.540.1517	Yeni sıva yüzeylere macun ve astar uygulanarak iki kat Su bazlı Silikonlu Mat İç Cephe	m²	377.59	Insaat_Analiz_TUM_2026
15.540.1518	Yeni sıva yüzeylere macun ve astar uygulanarak iki kat Su bazlı Silikonlu Soft Mat İç	m²	380.78	Insaat_Analiz_TUM_2026
15.540.1519	Yeni sıva yüzeylere macun ve astar uygulanarak iki kat Su bazlı Plastik Mat İç Cephe	m²	373.43	Insaat_Analiz_TUM_2026
15.540.1520	Yeni sıva yüzeylere astar uygulanarak iki kat Su bazlı Silikonlu Mat İç Cephe Boyası	m²	216.50	Insaat_Analiz_TUM_2026
15.540.1521	Yeni sıva yüzeylere astar uygulanarak iki kat Su bazlı Silikonlu Soft Mat İç Cephe Boyası	m²	223.00	Insaat_Analiz_TUM_2026
15.540.1522	Yeni sıva yüzeylere astar uygulanarak iki kat Su bazlı Plastik Mat İç Cephe Boyası	m²	215.04	Insaat_Analiz_TUM_2026
15.540.1523	Saten alçılı ve alçıpanel yüzeylere astar uygulanarak iki kat Su bazlı Silikonlu Mat İç Cephe	m²	182.31	Insaat_Analiz_TUM_2026
15.540.1524	Saten alçılı ve alçıpanel yüzeylere astar uygulanarak iki kat Su bazlı Silikonlu Soft Mat İç	m²	185.50	Insaat_Analiz_TUM_2026
15.540.1525	Saten alçılı ve alçıpanel yüzeylere astar uygulanarak iki kat Su bazlı Plastik Mat İç Cephe	m²	178.15	Insaat_Analiz_TUM_2026
15.540.1526	Yeni sıva yüzeylere macun ve astar uygulanarak iki kat Su bazlı Silikonlu İpek Mat İç	m²	389.71	Insaat_Analiz_TUM_2026
15.540.1527	Yeni sıva yüzeylere astar uygulanarak iki kat Su bazlı Silikonlu İpek Mat İç Cephe Boyası	m²	224.63	Insaat_Analiz_TUM_2026
15.540.1528	Saten alçılı ve alçıpanel yüzeylere astar uygulanarak iki kat Su bazlı Silikonlu İpek Mat İç	m²	187.00	Insaat_Analiz_TUM_2026
15.540.1529	Yeni sıva yüzeylere macun ve astar uygulanarak iki kat Su bazlı Silikonlu Yarı Mat İç	m²	388.28	Insaat_Analiz_TUM_2026
15.540.1530	Yeni sıva yüzeylere astar uygulanarak iki kat Su bazlı Silikonlu Yarı Mat İç Cephe Boyası	m²	228.13	Insaat_Analiz_TUM_2026
15.540.1531	Saten alçılı ve alçıpanel yüzeylere astar uygulanarak iki kat Su bazlı Silikonlu Yarı Mat İç	m²	193.00	Insaat_Analiz_TUM_2026
15.540.1532	Yeni sıva yüzeylere macun ve astar uygulanarak iki kat Su bazlı Silikonlu Mat Antibakteriyel İç Cephe Boyası (Örtücülük Sınıf:2, YOD:Sınıf2, Parlaklık:G3) yapılması (iç	m²	376.60	Insaat_Analiz_TUM_2026
15.540.1533	Yeni sıva yüzeylere macun ve astar uygulanarak iki kat Su bazlı Silikonlu İpek Mat Antibakteriyel İç Cephe Boyası (Örtücülük Sınıf:2, YOD:Sınıf1, Parlaklık:G2) yapılması (iç	m²	384.88	Insaat_Analiz_TUM_2026
15.540.1534	Yeni sıva yüzeylere macun ve astar uygulanarak iki kat Su bazlı Plastik Antibakteriyel İç	m²	369.69	Insaat_Analiz_TUM_2026
15.540.1535	Yeni sıva yüzeylere astar uygulanarak iki kat Su bazlı Silikonlu Mat Antibakteriyel İç	m²	305.58	Insaat_Analiz_TUM_2026
15.540.1536	Yeni sıva yüzeylere astar uygulanarak iki kat Su bazlı Silikonlu İpek Mat Antibakteriyel İç	m²	309.63	Insaat_Analiz_TUM_2026
15.540.1537	Yeni sıva yüzeylere astar uygulanarak iki kat Su bazlı Plastik Antibakteriyel İç Cephe	m²	296.13	Insaat_Analiz_TUM_2026
15.540.1538	Saten alçılı ve alçıpanel yüzeylere astar uygulanarak iki kat Su bazlı Silikonlu Mat	m²	240.09	Insaat_Analiz_TUM_2026
15.540.1539	Saten alçılı ve alçıpanel yüzeylere astar uygulanarak iki katSu bazlı Silikonlu İpek Mat	m²	247.44	Insaat_Analiz_TUM_2026
15.540.1540	Saten alçılı ve alçıpanel yüzeylere astar uygulanarak iki kat Su bazlı Plastik Antibakteriyel	m²	233.94	Insaat_Analiz_TUM_2026
15.540.1541	Yeni sıva yüzeylere macun ve astar uygulanarak iki kat sentetik esaslı parlak boya yapılması (iç cephe)	m²	369.09	Insaat_Analiz_TUM_2026
15.540.1542	Yeni sıva yüzeylere macun ve astar uygulanarak iki kat sentetik esaslı mat boya yapılması (iç cephe)	m²	355.89	Insaat_Analiz_TUM_2026
15.540.1543	Yeni sıva yüzeylere astar uygulanarak iki kat sentetik esaslı parlak boya yapılması (iç cephe)	m²	371.19	Insaat_Analiz_TUM_2026
15.540.1544	Yeni sıva yüzeylere astar uygulanarak iki kat sentetik esaslı mat boya yapılması (iç cephe)	m²	357.99	Insaat_Analiz_TUM_2026
15.540.1545	Saten alçılı ve alçıpanel yüzeylere astar uygulanarak iki kat sentetik esaslı parlak boya	m²	351.81	Insaat_Analiz_TUM_2026
15.540.1546	Saten alçılı ve alçıpanel yüzeylere astar uygulanarak iki kat sentetik esaslı mat boya	m²	338.61	Insaat_Analiz_TUM_2026
15.540.1547	Eski boyalı tavan yüzeylere iki kat Su bazlı Tavan Boyası (Örtücülük Sınıf:2, YOD:Sınıf:5,	m²	225.08	Insaat_Analiz_TUM_2026
15.540.1548	Yeni sıvalı tavan yüzeylere iki kat Su bazlı Tavan Boyası (Örtücülük Sınıf:2, YOD:Sınıf:5,	m²	253.69	Insaat_Analiz_TUM_2026
15.540.1549	Saten alçılı tavan yüzeylere iki kat Su bazlı Tavan Boyası (Örtücülük Sınıf:2, YOD:Sınıf:5,	m²	224.69	Insaat_Analiz_TUM_2026
15.540.1601	Brüt beton, sıvalı veya eski boyalı yüzeylere, astar uygulanarak Akrilik kopolimer emülsiyon	m²	359.83	Insaat_Analiz_TUM_2026
15.540.1602	Brüt beton, sıvalı veya eski boyalı yüzeylere, astar uygulanarak Saf akrilik esaslı Dış Cephe	m²	386.81	Insaat_Analiz_TUM_2026
15.540.1603	Brüt beton, sıvalı veya eski boyalı yüzeylere, astar uygulanarak Saf akrilik esaslı Dış Cephe	m²	389.81	Insaat_Analiz_TUM_2026
15.540.1604	Brüt beton, sıvalı veya eski boyalı yüzeylere, astar uygulanarak Saf akrilik esaslı Dış Cephe	m²	391.81	Insaat_Analiz_TUM_2026
15.540.1605	Brüt beton, sıvalı veya eski boyalı yüzeylere, astar uygulanarak Silikon esaslı su bazlı Dış	m²	391.03	Insaat_Analiz_TUM_2026
15.540.1606	Brüt beton, sıvalı veya eski boyalı yüzeylere, astar uygulanarak Silikon esaslı su bazlı Dış	m²	386.03	Insaat_Analiz_TUM_2026
15.540.1607	Brüt beton, sıvalı veya eski boyalı yüzeylere, astar uygulanarak silikon esaslı grenli/tekstürlü	m²	502.59	Insaat_Analiz_TUM_2026
15.540.1608	Brüt beton, sıvalı veya eski boyalı yüzeylere, astar uygulanarak Fotokatalitik özellikli silikon	m²	386.03	Insaat_Analiz_TUM_2026
15.540.1609	Brüt beton, sıvalı veya eski boyalı yüzeylere, astar uygulanarak Fotokatalitik özellikli saf	m²	419.81	Insaat_Analiz_TUM_2026
15.540.1610	Brüt beton veya sıvalı yüzeylere, koruma amaçlı su bazlı şeffaf UV dayanımlı koruyucu	m²	383.81	Insaat_Analiz_TUM_2026
15.540.1611	Doğal taş ve pres tuğla yüzeylere, koruma amaçlı siloksan esaslı UV dayanımlı şeffaf	m²	380.81	Insaat_Analiz_TUM_2026
15.540.1612	Prekast yüzeylere, astar uygulanarak Saf akrilik esaslı Dış Cephe Boyası (V3:W3:G2)	m²	411.89	Insaat_Analiz_TUM_2026
15.540.1613	Prekast yüzeylere, astar uygulanarak Saf akrilik esaslı Dış Cephe Boyası (V2:W3:G2)	m²	414.89	Insaat_Analiz_TUM_2026
15.540.1614	Prekast yüzeylere, astar uygulanarak Saf akrilik esaslı Dış Cephe Boyası (V1:W3:G2)	m²	416.89	Insaat_Analiz_TUM_2026
15.540.1615	Prekast yüzeylere, koruma amaçlı su bazlı şeffaf UV dayanımlı koruyucu yapılması (dış	m²	383.81	Insaat_Analiz_TUM_2026
15.540.1616	Prekast yüzeylere, koruma amaçlı siloksan esaslı UV dayanımlı şeffaf koruyucu yapılması	m²	380.81	Insaat_Analiz_TUM_2026
15.540.1617	Çimento ve magnezit yüzeylere, astar uygulanarak Fotokatalitik özellikli silikon esaslı su	m²	386.03	Insaat_Analiz_TUM_2026
15.540.1618	Çimento ve magnezit yüzeylere, astar uygulanarak Fotokatalitik özellikli saf arkilik esaslı su	m²	402.28	Insaat_Analiz_TUM_2026
15.540.1619	Cam elyaf şilteli yüzeylere, astar uygulanarak Fotokatalitik özellikli silikon esaslı su bazlı dış	m²	386.03	Insaat_Analiz_TUM_2026
15.540.1620	Cam elyaf şilteli yüzeylere, astar uygulanarak Fotokatalitik özellikli saf arkilik esaslı su bazlı	m²	402.28	Insaat_Analiz_TUM_2026
15.540.1621	Isı yalıtım sistemleri ile kaplanmış yüzeylere, astar uygulanarak Fotokatalitik özellikli	m²	386.03	Insaat_Analiz_TUM_2026
15.540.1622	Isı yalıtım sistemleri ile kaplanmış yüzeylere, astar uygulanarak Fotokatalitik özellikli saf	m²	402.28	Insaat_Analiz_TUM_2026
15.540.1623	Prekast yüzeylere, astar uygulanarak Saf akrilik esaslı grenli/tekstürlü esnek dış cephe	m²	503.39	Insaat_Analiz_TUM_2026
15.540.1624	Prekast yüzeylere, astar uygulanarak Saf akrilik esaslı grenli/tekstürlü esnek dış cephe	m²	514.08	Insaat_Analiz_TUM_2026
15.540.1625	Brüt beton, sıvalı veya eski boyalı yüzeylere, astar uygulanarak Akrilik kopolimer emülsiyon	m²	362.60	Insaat_Analiz_TUM_2026
15.550.1001	Kare ve dikdörtgen profillerle pencere ve kapı yapılması ve yerine konulması	Kg	183.55	Insaat_Analiz_TUM_2026
15.550.1002	1,50 mm kalınlığında sıcak haddelenmiş sacdan bükme kapı kasası yapılması ve yerine	Kg	218.54	Insaat_Analiz_TUM_2026
15.550.1003	2,00 mm kalınlığında sıcak haddelenmiş sacdan bükme kapı kasası yapılması ve yerine	Kg	216.78	Insaat_Analiz_TUM_2026
15.550.1004	1,50 mm kalınlığında düz siyah sacdan bükme kapı kasası yapılması ve yerine konulması	Kg	218.54	Insaat_Analiz_TUM_2026
15.550.1005	2,00 mm kalınlığında düz siyah sacdan bükme kapı kasası yapılması ve yerine konulması	Kg	216.78	Insaat_Analiz_TUM_2026
15.550.1201	Çeşitli profil demiri ve sac levhalardan münferit imalat yapılması ve yerine konulması (su	Kg	166.28	Insaat_Analiz_TUM_2026
15.550.1202	Lama ve profil demirlerden çeşitli demir işleri yapılması ve yerine konulması	Kg	175.80	Insaat_Analiz_TUM_2026
15.550.1203	Demir borudan kaynakla korkuluk yapılması, yerine konulması	Kg	170.51	Insaat_Analiz_TUM_2026
15.550.1204	Baklava desenli sacla döşeme yapılması ve yerine konulması (mevcut kiriş, bölme, merdiven	Kg	155.39	Insaat_Analiz_TUM_2026
15.555.1001	1,00 m yükseklikte, Ø 4,5 mm çapında 50 x 150 mm göz aralıklı min. 2 bükümlü sıcak daldırma galvaniz üzeri elektrostatik polyester toz boyalı panel teller ile çit yapılması (Direk	m	693.20	Insaat_Analiz_TUM_2026
15.555.1002	1,20 m yükseklikte Ø 4,5 mm çapında 50 x 150 mm göz aralıklı min. 2 bükümlü sıcak daldırma galvaniz üzeri elektrostatik polyester toz boyalı panel teller ile çit yapılması (Direk	m	810.95	Insaat_Analiz_TUM_2026
15.555.1003	1,50 m yükseklikte Ø 4,5 mm çapında 50 x 150 mm göz aralıklı min. 3 bükümlü sıcak daldırma galvaniz üzeri elektrostatik polyester toz boyalı panel teller ile çit yapılması (Direk	m	917.20	Insaat_Analiz_TUM_2026
15.560.1001	Fonttan; ızgara, kapak, garguy yapılması ve yerine konulması	Kg	127.50	Insaat_Analiz_TUM_2026
15.560.1002	Cam elyaf takviyeli kompozit rögar kapağı temini ve yerine konulması (kapak net açıklığı	Ad	5270.00	Insaat_Analiz_TUM_2026
15.560.1003	Betonarme kompozit rögar kapağı temini ve yerine konulması (kapak net açıklığı minumum	Ad	4457.50	Insaat_Analiz_TUM_2026
15.560.1004	Çelik donatılı polimer esaslı kompozit rögar kapağı temini ve yerine konulması (kapak net	Ad	4957.50	Insaat_Analiz_TUM_2026
15.560.2001	Kazıdan çıkan toprağın ortalama 30 cm yükseklikte el ile serilmesi (Bahçe ve çevre	m³	153.75	Insaat_Analiz_TUM_2026
15.570.1001	olacak şekilde duvar üzeri uygulama)		180842.80	Ana_BF_2026
15.570.1004	olacak şekilde duvar üzeri uygulama)		223797.80	Ana_BF_2026
15.570.1013	biriminin temini ve yerine konulması		350016.55	Ana_BF_2026
19.100.1001	Yıkılması:                                     Sa            0,014     2.183,46		30.57	Insaat_Analiz_TUM_2026
19.100.1002	Malzeme		257.19	Insaat_Analiz_TUM_2026
19.100.1005	Kapsül	Ad	12.94	Insaat_Analiz_TUM_2026
19.100.1006	İşçilik:		47.54	Insaat_Analiz_TUM_2026
19.100.1008	İşçilik:                                           Sa        0,022     3.421,44		75.27	Insaat_Analiz_TUM_2026
19.100.1009			223.14	Insaat_Analiz_TUM_2026
19.100.1013	0,01     2.622,44		26.22	Insaat_Analiz_TUM_2026
19.100.1019	Sa		0.005	Insaat_Analiz_TUM_2026
19.100.1025			145.70	Insaat_Analiz_TUM_2026
19.100.1027	İşçilik:		0.028	Insaat_Analiz_TUM_2026
19.100.1028	Çıkarma ve depolama karşılığı :                    Sa          0,014              2.183,46		37.10	Insaat_Analiz_TUM_2026
19.100.1032	Poliüretan esaslı zemin kaplama malzemesi            Sa           0,1            528,95		52.90	Insaat_Analiz_TUM_2026
19.100.1034	Ocakta hazırlanan taş                                m³    1                 345,39		30.22	Insaat_Analiz_TUM_2026
19.100.1035	Ekskavatör (100-139 HP)                                                           1.686,26		14.00	Insaat_Analiz_TUM_2026
19.100.1036	Eleğe yükleme ve altının boşaltılması             Sa         0,1    1.510,89		21.15	Insaat_Analiz_TUM_2026
19.100.1037	Eleme karşılığı :                                  Sa          0,025               205,00		102.50	Insaat_Analiz_TUM_2026
19.100.1038	karşılığı                                         Sa        0,25    1.254,75		31.37	Insaat_Analiz_TUM_2026
19.100.1041	Amortisman - 0.000083                               Sa      0,000171  73.000.000,00		12483.00	Insaat_Analiz_TUM_2026
19.100.1044	Greyder (190 HP)                              Sa                    0,017     882,41		11.47	Insaat_Analiz_TUM_2026
19.100.1045	Araç Karşılığı: 10.160.1025  Arazöz Pick-Up                                         Kg                 1        845,99        845,99	Sa	1	Insaat_Analiz_TUM_2026
19.100.1047	Arazözle sulama                                                              1.531,16		26.03	Insaat_Analiz_TUM_2026
19.100.1052	basınç dayanımında)		83.73	Insaat_Analiz_TUM_2026
19.100.1054			83.73	Insaat_Analiz_TUM_2026
19.100.1061	Elektrot		44.16	Insaat_Analiz_TUM_2026
19.100.1085	Tek Bilesenli Akrilik Kopolimer Esaslı Astar         Kg     0,15     65,00		62.00	Insaat_Analiz_TUM_2026
19.100.1087	Silikon esaslı macun                                  Kg    0,03		135.00	Insaat_Analiz_TUM_2026
19.100.1088			46.03	Insaat_Analiz_TUM_2026
19.100.1089	Profil demiri                                   Sa           0,015              5.235,80		36650.60	Insaat_Analiz_TUM_2026
19.100.1090	bağlama elemanları, rezervasyon ve diğer             m³               0,001   9.000,00		9.00	Insaat_Analiz_TUM_2026
19.100.1091	Tahta 0,030/10= 0,003	Kg	0.1	Insaat_Analiz_TUM_2026
19.100.1094	Bazalt agregalı yüzey sertleştirici (Gri)        Kg            5                5,50		48.30	Insaat_Analiz_TUM_2026
19.100.1095	Sıcak daldırma galvaniz üzeri boyalı düz sac,		4.65	Insaat_Analiz_TUM_2026
19.100.1100	0,1       749,85		74.99	Insaat_Analiz_TUM_2026
19.100.1101			66.54	Insaat_Analiz_TUM_2026
19.100.1103	Malzeme :                                      m²                       1,02     1.400,00		95.57	Insaat_Analiz_TUM_2026
19.100.1104	Betondaki vibratör (minha)                     Sa            -0,05      458,72		206.14	Insaat_Analiz_TUM_2026
19.100.1106	Amonyum nitrat, fuel-oil karışımı                  Sa        0,007     3.393,51		23.75	Insaat_Analiz_TUM_2026
19.100.1109	Mikro tünel sistemi ile boru sürme makinası'nın 1 saatlik ücreti	Sa		Insaat_Analiz_TUM_2026
19.100.1111	Malzeme:		3100.00	Insaat_Analiz_TUM_2026
19.100.1116			2367.87	Insaat_Analiz_TUM_2026
19.100.1117	Kazı Yapılması:		873.01	Insaat_Analiz_TUM_2026
19.100.1119	Amortisman - 0.000083                            Sa              0,000171  73.000.000,00		12483.00	Insaat_Analiz_TUM_2026
19.100.1121	olan		417.01	Insaat_Analiz_TUM_2026
19.100.1122	Bor katkılı selüloz yünü püskürtme                                    472,75		18.91	Insaat_Analiz_TUM_2026
19.100.2009	Demirden basit imalat (kaynaklı - kaynaksız) yapılması	Kg	35.62	Insaat_Analiz_TUM_2026
19.100.2010	Demirden basit imalat (kaynaklı - kaynaksız) yapılması	Kg		Insaat_Analiz_TUM_2026
19.100.2011	Demirden basit imalat (kaynaklı - kaynaksız) yapılması	Kg		Insaat_Analiz_TUM_2026
19.100.2013	Demirden basit imalat (kaynaklı - kaynaksız) yapılması	Kg	314.70	Insaat_Analiz_TUM_2026
19.100.2015	Malzeme:                                           Sa            0,75        310,00		431.74	Insaat_Analiz_TUM_2026
19.100.2022	Kazıdan çıkan taşlardan çaplanmış moloz taşı hazırlanması	m³		Insaat_Analiz_TUM_2026
19.100.2024	Malzeme:                                             m³          1           4.240,62		4240.62	Insaat_Analiz_TUM_2026
19.100.2025	5.490,87		5490.87	Insaat_Analiz_TUM_2026
19.100.2026	Ocakta hazırlanmış kaba yonu taşı taslağından kaba yonu taşı hazırlanması	m³		Insaat_Analiz_TUM_2026
19.100.2027	Kazı taşından hazırlanmış yonu taşı taslağından kaba yonu taşı hazırlanması	m³		Insaat_Analiz_TUM_2026
19.100.2028	Ocakta hazırlanmış özel yonu taşı taslağından kaba yonu taşı hazırlanması	m³		Insaat_Analiz_TUM_2026
19.100.2029	Kazı taşından hazırlanmış yonu taşı taslağından kaba yonu taşı hazırlanması	m³		Insaat_Analiz_TUM_2026
19.100.2030	Ocakta hazırlanmış yonu taşı taslağından ince yonu taşı hazırlanması	m³	13686.87	Insaat_Analiz_TUM_2026
19.100.2031	Kazı taşından hazırlanmış yonu taşı taslağından ince yonu taşı hazırlanması	m³		Insaat_Analiz_TUM_2026
19.100.2032	Ocakta hazırlanmış özel yonu taşı taslağından özel ince yonu taşı hazırlanması	m³		Insaat_Analiz_TUM_2026
19.100.2033	Kazı taşından hazırlanmış özel yonu taşı taslağından özel ince yonu taşı hazırlanması	m³		Insaat_Analiz_TUM_2026
19.100.2034	Ocakta hazırlanmış yonu taşı taslağından kesme taş hazırlanması	m³	25384.99	Insaat_Analiz_TUM_2026
19.100.2035	Kazı taşından hazırlanmış yonu taşı taslağından kesme taş hazırlanması	m³	24188.00	Insaat_Analiz_TUM_2026
19.100.2039	Kazı taşından yonu taşı taslağı hazırlanması	m³	3492.50	Insaat_Analiz_TUM_2026
19.100.2040	Kazı taşından çıkan taşlardan özel yonu taşı taslağı hazırlanması	m³	4732.50	Insaat_Analiz_TUM_2026
19.100.2049	Projesinde kullanılmadan ocakta kalan	Sa	0.005	Insaat_Analiz_TUM_2026
19.100.2416	Malzeme:		3.21	Insaat_Analiz_TUM_2026
19.100.2426	200 Kg çimento dozlu harç yapılması                   m³       0,03      1.779,65		145.89	Insaat_Analiz_TUM_2026
19.100.2432	Sıva filesi                                                   0,2                    10,00		4.24	Insaat_Analiz_TUM_2026
19.100.2433	Malzeme		33.30	Insaat_Analiz_TUM_2026
19.100.2434	Vida ve plastik dübel		2.30	Insaat_Analiz_TUM_2026
19.100.2435			36.75	Insaat_Analiz_TUM_2026
19.100.2501	Malzeme:		62.29	Insaat_Analiz_TUM_2026
19.100.2503	Ocakta hazırlanan taş                              m³                0,33       1.578,50		520.91	Insaat_Analiz_TUM_2026
19.100.2504	tuğlası		40.96	Insaat_Analiz_TUM_2026
19.100.2505	10 cm kalınlıkta techizatlı gazbeton döşeme       m²            1,03           682,20		11.01	Insaat_Analiz_TUM_2026
19.100.2507	Malzeme:		19.63	Insaat_Analiz_TUM_2026
19.100.2508	250 kg çimento dozlu harç yapılması                 m³       0,023                1.706,83		20.54	Insaat_Analiz_TUM_2026
19.100.2509	Taşıyıcı döşeme elemanı                        m²                        0,006		2091.80	Insaat_Analiz_TUM_2026
19.100.2510	Mermer agregalı terrazo karo plak                     m²       1,05       314,00		86.05	Insaat_Analiz_TUM_2026
19.100.2511	50 x 20 x 10 cm boyutlarında beton bordür               m       1,05       110,00		54.57	Insaat_Analiz_TUM_2026
19.100.2512			55.50	Insaat_Analiz_TUM_2026
19.100.2514	Malzeme:		23.48	Insaat_Analiz_TUM_2026
19.100.2515	Malzeme:		66.11	Insaat_Analiz_TUM_2026
19.100.2517	Kum ve kırmataş ile 400 Kg çimento dozlu        m³           0,04            2.151,30		2.00	Insaat_Analiz_TUM_2026
19.100.2518	cilalama hariç; yakma, eskitme, kumlama,		8.89	Insaat_Analiz_TUM_2026
19.100.2519	Zaiyat dahil		0.55	Insaat_Analiz_TUM_2026
19.100.2521	kaba harç yapılması (sönmüş kireç torbalı)		20.33	Insaat_Analiz_TUM_2026
19.100.2522	Malzeme:		47.78	Insaat_Analiz_TUM_2026
19.100.2525	200 Kg çimento dozlu harç yapılması                   m³       0,03      1.779,65		96.17	Insaat_Analiz_TUM_2026
19.100.3001	Silindir ile sıkıştırılmış beton yollar için		234.61	Insaat_Analiz_TUM_2026
19.100.3002	Silindir ile sıkıştırılmış beton yollar için		797.94	Insaat_Analiz_TUM_2026
25.102.1400	2.836,88		464.38	Ana_BF_2026
25.112.2000	9.156,31		1485.00	Ana_BF_2026
25.125.1201	2.061,88		295.63	Ana_BF_2026
25.125.2407	931,25		145.00	Ana_BF_2026
25.130.1208	403,44		78.44	Ana_BF_2026
25.130.3200	kaldırılarak işlemek suretiyle yapılmış ürünler TS EN 12164-1,-2-,3, TS EN		12165	Ana_BF_2026
25.144.1001	2.901,88		498.13	Ana_BF_2026
25.144.1003	7.521,88		819.38	Ana_BF_2026
25.144.1005	11.195,63		1005.63	Ana_BF_2026
25.144.1007	1.464,38		295.63	Ana_BF_2026
25.175.1704	100.136,25		7923.75	Ana_BF_2026
25.175.1707	329.709,99		11959.99	Ana_BF_2026
25.175.1807	2000 lt haciminde, 80/60ºC debisi (en az) : Alt - 1088 l/h ( 0,11 kPa) / Üst - 799 l/h (		0.08	Ana_BF_2026
25.175.3100	1 x 3 Kw Isıtıcılı pano                                              6.623,75		386.25	Ana_BF_2026
25.175.3101	1 x 4 Kw Isıtıcılı pano                                              12.430,63		450.63	Ana_BF_2026
25.175.3103	1 x 7,5 Kw Isıtıcılı pano                                            13.990,00		515.00	Ana_BF_2026
25.175.3105	1 x 10 Kw Isıtıcılı pano                                             19.179,38		579.38	Ana_BF_2026
25.175.3107	2 x 4 Kw Isıtıcılı pano                                              22.454,38		579.38	Ana_BF_2026
25.175.4201	2 x 10 Kw Isıtıcılı pano                                             33.397,50		772.50	Ana_BF_2026
25.175.4203	3 x 7,5 Kw Isıtıcılı pano                                            34.636,88		836.88	Ana_BF_2026
25.175.4302	4 x 7,5 Kw Isıtıcılı pano                                            45.955,00		1030.00	Ana_BF_2026
25.175.4304	4 x 10 Kw Isıtıcılı pano                                             53.208,75		1158.75	Ana_BF_2026
25.178.1000	11.801,56		941.56	Ana_BF_2026
25.180.3010	31.371,88		5621.88	Ana_BF_2026
25.180.3022	77.221,88		8834.38	Ana_BF_2026
25.180.3024	176.467,50		10717.50	Ana_BF_2026
25.180.3026	252.725,61		12600.61	Ana_BF_2026
25.180.3027	"4.0       200                   1"""		020	Ana_BF_2026
25.181.5000	"6.0       300        1 1/4"""		03	Ana_BF_2026
25.181.5100	"10.0      450        1 1/2"""		05	Ana_BF_2026
25.181.5101	"13.0      450                   2"""		05	Ana_BF_2026
25.181.5103	"15.0      600                   2"""		06	Ana_BF_2026
25.182.2301	80 mm.                                                                   17.462,50		675.00	Ana_BF_2026
25.202.3100	Q ≤ 1000 KW , 0,5 Bar kontrüksiyon basıncından büyükler için ;TS EN		12953	Ana_BF_2026
25.202.3111	Q >1000 KW , 0,5 Bar kontrüksiyon basıncından büyükler için ;TS EN		12953	Ana_BF_2026
25.202.4300	1.101.487,13		81237.13	Ana_BF_2026
25.205.2300	1.423.468,13		79218.13	Ana_BF_2026
25.208.1105	hatveli vidası, vida emniyet pimi vidaya uygun en az 3 mm.lik çelik sacdan veya en az		8	Ana_BF_2026
25.210.1101	341.341,85		29216.85	Ana_BF_2026
25.220.1112	20 m² serpantin alanlı                                               364.432,48		9557.48	Ana_BF_2026
25.220.1114	30 m² serpantin alanlı                                               400.807,48		9557.48	Ana_BF_2026
25.220.1116	40 m² serpantin alanlı                                               471.163,73		11163.73	Ana_BF_2026
25.220.1118	50 m² serpantin alanlı                                               497.088,73		11838.73	Ana_BF_2026
25.220.1120	70 m² serpantin alanlı                                               597.263,73		12513.73	Ana_BF_2026
25.220.1122	90 m² serpantin alanlı                                               723.977,45		15227.45	Ana_BF_2026
25.220.1124	110 m² serpantin alanlı                                               819.902,45		15902.45	Ana_BF_2026
25.220.1126	130 m² serpantin alanlı                                               891.208,70		16833.70	Ana_BF_2026
25.220.1304	2 m² serpantin alanlı                                              1.454.902,45		25027.45	Ana_BF_2026
25.220.1306	4 m² serpantin alanlı                                              1.600.383,70		26633.70	Ana_BF_2026
25.220.1308	6 m² serpantin alanlı                                              1.734.914,95		28914.95	Ana_BF_2026
25.220.1310	10 m² serpantin alanlı                                               1.870.446,20		31196.20	Ana_BF_2026
25.220.1312	15 m² serpantin alanlı                                               2.019.927,45		32802.45	Ana_BF_2026
25.220.1314	20 m² serpantin alanlı                                                  72.457,48		5669.98	Ana_BF_2026
25.220.1315	25 m² serpantin alanlı                                                  87.201,23		6601.23	Ana_BF_2026
25.220.1316	30 m² serpantin alanlı                                                  92.101,23		6601.23	Ana_BF_2026
25.220.1317	35 m² serpantin alanlı                                                 123.451,23		6601.23	Ana_BF_2026
25.220.1318	40 m² serpantin alanlı                                                 128.838,73		7276.23	Ana_BF_2026
25.220.1319	45 m² serpantin alanlı                                                 143.276,23		7276.23	Ana_BF_2026
25.220.1320	50 m² serpantin alanlı                                                 164.776,23		7276.23	Ana_BF_2026
25.220.1321	60 m² serpantin alanlı                                                 188.326,23		7951.23	Ana_BF_2026
25.220.1322	70 m² serpantin alanlı                                                 250.451,23		7951.23	Ana_BF_2026
25.220.1323	80 m² serpantin alanlı                                                 259.507,48		8882.48	Ana_BF_2026
25.220.1324	90 m² serpantin alanlı                                                 309.932,48		9557.48	Ana_BF_2026
25.220.1325	100 m² serpantin alanlı                                                 365.182,48		9557.48	Ana_BF_2026
25.220.1500	1.782.677,45		32802.45	Ana_BF_2026
25.225.1502	288,75		38.75	Ana_BF_2026
25.225.2208	temasta olan yüzeyleri en az 1,1 mm. konveksiyon yüzeyleri en az 0,8 mm. et kalınlığında,		9	Ana_BF_2026
25.225.6115	2.223,13		414.38	Ana_BF_2026
25.225.6117	2.575,63		414.38	Ana_BF_2026
25.225.6119	2.111,88		414.38	Ana_BF_2026
25.225.6200	2.501,88		414.38	Ana_BF_2026
25.225.6201	3.026,88		414.38	Ana_BF_2026
25.225.6203	2.483,13		414.38	Ana_BF_2026
25.225.6205	3.006,88		414.38	Ana_BF_2026
25.225.6207	2.418,13		414.38	Ana_BF_2026
25.225.6209	2.916,88		414.38	Ana_BF_2026
25.225.6211	3.550,63		414.38	Ana_BF_2026
25.225.6212	600		700	Ana_BF_2026
25.225.6214	600		800	Ana_BF_2026
25.245.3111	1.940,00		337.50	Ana_BF_2026
25.245.4102	3.071,25		472.50	Ana_BF_2026
25.245.4104	3.566,25		540.00	Ana_BF_2026
25.245.5304	5.460,63		363.13	Ana_BF_2026
25.250.2200	1.154,38		96.88	Ana_BF_2026
25.250.2201	553,13		96.88	Ana_BF_2026
25.250.2203	1.579,38		96.88	Ana_BF_2026
25.250.4505	önlem alınmış, diğer özellikler BFT 25.250.4000 ile aynı, montajlı birim fiyatları		252504200	Ana_BF_2026
25.264.2110	23.162,50		675.00	Ana_BF_2026
25.280.3206	50-90 KW 'a kadar                                                       88.190,63		4015.63	Ana_BF_2026
25.280.3300	200 KW 'a kadar                                                         102.458,13		5095.63	Ana_BF_2026
25.280.3301	350 KW 'a kadar                                                         126.205,63		5230.63	Ana_BF_2026
25.280.3303	550 KW 'a kadar                                                         151.558,13		5433.13	Ana_BF_2026
25.280.3305	700 KW 'a kadar                                                         168.151,88		6026.88	Ana_BF_2026
25.280.3307	1000 KW 'a kadar                                                        212.266,24		6641.24	Ana_BF_2026
25.280.3309	1300 KW 'a kadar                                                        264.228,74		6978.74	Ana_BF_2026
25.282.2100	1000 KW 'a kadar                                                             210.266,24		6641.24	Ana_BF_2026
25.282.2105	1.730,00		388.75	Ana_BF_2026
25.282.2500	2.331,25		388.75	Ana_BF_2026
25.282.2501	2.887,50		388.75	Ana_BF_2026
25.285.4003	Isıtıcısız olarak imal edilmiş, diğer özellikler BFT 25.285.1100 'ün aynı, BFT		252851100	Ana_BF_2026
25.288.5110	Ø 400                                                     4.854,38		1208.13	Ana_BF_2026
25.288.5111	Ø		450	Ana_BF_2026
25.288.5112	Ø 500                                                     5.556,88		1208.13	Ana_BF_2026
25.288.5113	Ø		600	Ana_BF_2026
25.288.5114	Ø 700                                                     6.301,88		1275.63	Ana_BF_2026
25.288.5115	Ø		800	Ana_BF_2026
25.288.5116	Ø 100                                                     6.984,38		1275.63	Ana_BF_2026
25.288.5204	Ø		140	Ana_BF_2026
25.288.5205	Ø 150                                                     15.303,13		1478.13	Ana_BF_2026
25.288.5206	Ø		160	Ana_BF_2026
25.288.5207	Ø 180                                                     2.119,38		803.13	Ana_BF_2026
25.288.5208	Ø		200	Ana_BF_2026
25.288.5209	Ø 225                                                      3.706,88		1191.88	Ana_BF_2026
25.288.5210	Ø 250                                                      4.061,88		1259.38	Ana_BF_2026
25.288.5211	Ø 280                                                      4.296,88		1259.38	Ana_BF_2026
25.288.5212	Ø 300                                                      4.619,38		1326.88	Ana_BF_2026
25.288.5213	Ø 350                                                      4.941,88		1394.38	Ana_BF_2026
25.288.5214	Ø 400                                                      5.404,38		1461.88	Ana_BF_2026
25.288.5215	Ø 450                                                      5.698,13		1529.38	Ana_BF_2026
25.288.5216	Ø 500                                                      6.004,38		1529.38	Ana_BF_2026
25.288.5220	Ø 600                                                      6.340,63		1596.88	Ana_BF_2026
25.288.5300	Ø 700                                                      7.088,13		1596.88	Ana_BF_2026
25.288.5301	Ø 100                                                      8.398,13		1664.38	Ana_BF_2026
25.288.5305	Çap                                                          17.554,38		1866.88	Ana_BF_2026
25.288.5306	Ø 140                                                         3.230,63		1191.88	Ana_BF_2026
25.288.5307	Ø		150	Ana_BF_2026
25.288.5308	Ø 160                                                         4.328,75		1606.25	Ana_BF_2026
25.288.5309	Ø 180                                                         4.690,00		1673.75	Ana_BF_2026
25.288.5310	Ø 200                                                         4.783,75		1673.75	Ana_BF_2026
25.288.5311	Ø 225                                                         5.203,75		1741.25	Ana_BF_2026
25.288.5312	Ø 250                                                         5.652,50		1808.75	Ana_BF_2026
25.288.5316	11.863,75		2146.25	Ana_BF_2026
25.288.5709	6.119,38		1410.63	Ana_BF_2026
25.300.1106	425,00		287.50	Ana_BF_2026
25.300.1108	578,75		355.00	Ana_BF_2026
25.300.1110	768,75		388.75	Ana_BF_2026
25.300.1200	1.230,00		456.25	Ana_BF_2026
25.300.1202	"2"" 50             60,3/3,60"		5.10	Ana_BF_2026
25.300.1204	"2 1/2"" 65              76,1/3,60"		6.54	Ana_BF_2026
25.300.1206	"3"" 80             88,9/4,00"		8.53	Ana_BF_2026
25.300.1208	"4"" 100            114,3/4,50"		12.50	Ana_BF_2026
25.300.1210	"5"" 125            139,7/5,00"		17.10	Ana_BF_2026
25.300.1212	"6"" 150            165,1/5,00"		20.40	Ana_BF_2026
25.300.1302	2,6                                                535,00		321.25	Ana_BF_2026
25.300.1304	3,6                                                586,25		321.25	Ana_BF_2026
25.300.1306	690,00		355.00	Ana_BF_2026
25.300.1307	57/3,0                         4,0                                                  721,25		355.00	Ana_BF_2026
25.300.1310	"10""  323,9x5,0   39,3                     2.713,13"		616.88	Ana_BF_2026
25.300.1311	"12""  323,9x6,3   49,3                     2.248,13"		684.38	Ana_BF_2026
25.300.1312	"12""  355,6x4,5   39,0                     2.420,63"		684.38	Ana_BF_2026
25.300.1313	"12""  355,6x5,6   48,3                     2.626,88"		684.38	Ana_BF_2026
25.300.1314	"12""  355,6x7,1   61,0                     2.860,63"		684.38	Ana_BF_2026
25.300.1315	"12""  406,4x4,5   44,6                     3.133,13"		684.38	Ana_BF_2026
25.300.1316	"14""  406,4x5,6   55,3                     2.566,25"		811.25	Ana_BF_2026
25.300.1317	"14""  406,4x7,1   69,9                     2.755,00"		811.25	Ana_BF_2026
25.300.1318	"14""  457,2x4,5   50,2                     2.982,50"		811.25	Ana_BF_2026
25.300.1319	"14""  457,2x5,6   62,3                     3.253,75"		811.25	Ana_BF_2026
25.300.1320	"14""  457,2x7,1   78,8                     3.555,00"		811.25	Ana_BF_2026
25.300.1321	"14""  508,0x4,5   55,9                     3.895,00"		811.25	Ana_BF_2026
25.300.1322	"16""  508,0x5,6   69,4                     2.917,50"		912.50	Ana_BF_2026
25.300.1323	"16""  508,0x7,1   87,7                     3.137,50"		912.50	Ana_BF_2026
25.300.1324	"16""  558,8x5,0   68,3                     3.398,75"		912.50	Ana_BF_2026
25.300.1325	"16""  558,8x6,3   85,9                     3.710,00"		912.50	Ana_BF_2026
25.300.1326	"16""  558,8x8,0  109,0                     4.056,25"		912.50	Ana_BF_2026
25.300.1327	"16""  609,6x5,6   83,5                     4.445,00"		912.50	Ana_BF_2026
25.300.1328	"18""  609,6x7,1  106,0                     3.263,13"		1005.63	Ana_BF_2026
25.300.1329	"18""  660,4x5,6   90,4                     3.514,38"		1005.63	Ana_BF_2026
25.300.1330	"18""  660,4x7,1  115,0                     3.805,63"		1005.63	Ana_BF_2026
25.300.1331	"18""  711,2x6,3  109,0                     4.153,13"		1005.63	Ana_BF_2026
25.300.1332	"18""                                       4.545,63"		1005.63	Ana_BF_2026
25.300.1333	"18""                                       4.986,88"		1005.63	Ana_BF_2026
25.300.1334	"20""                                       3.654,38"		1140.63	Ana_BF_2026
25.300.1335	"20""                                       3.928,13"		1140.63	Ana_BF_2026
25.300.1336	"20""                                       4.259,38"		1140.63	Ana_BF_2026
25.300.1337	"20""                                       4.643,13"		1140.63	Ana_BF_2026
25.300.1338	"20""                                       5.081,88"		1140.63	Ana_BF_2026
25.300.1339	"20""                                       5.570,63"		1140.63	Ana_BF_2026
25.300.1340	"22""                                       4.337,50"		1267.50	Ana_BF_2026
25.300.1341	"22""                                       4.701,25"		1267.50	Ana_BF_2026
25.300.1342	"22""                                       5.128,75"		1267.50	Ana_BF_2026
25.300.1343	"22""                                       5.608,75"		1267.50	Ana_BF_2026
25.300.1344	"22""                                       6.166,25"		1267.50	Ana_BF_2026
25.300.1345	"24""                                       4.687,50"		1335.00	Ana_BF_2026
25.300.1346	"24""                                       5.088,75"		1335.00	Ana_BF_2026
25.300.1347	"24""                                       5.551,25"		1335.00	Ana_BF_2026
25.300.1348	"24""                                       6.098,75"		1335.00	Ana_BF_2026
25.300.1349	"24""                                       6.681,25"		1335.00	Ana_BF_2026
25.300.1350	"26""                                       5.524,38"		1461.88	Ana_BF_2026
25.300.1351	"26""                                       6.045,63"		1461.88	Ana_BF_2026
25.300.1352	"26""                                       6.630,63"		1461.88	Ana_BF_2026
25.300.1353	"26""                                       7.259,38"		1461.88	Ana_BF_2026
25.300.1354	"28""                                       6.495,63"		1596.88	Ana_BF_2026
25.300.1509	468,75		287.50	Ana_BF_2026
25.300.1511	651,25		355.00	Ana_BF_2026
25.300.1512	"1""  25               33,7/3,25                                                      735,00"		355.00	Ana_BF_2026
25.300.1513	891,25		388.75	Ana_BF_2026
25.300.1515	1.466,25		456.25	Ana_BF_2026
25.300.1518	535,63		228.13	Ana_BF_2026
25.300.1701	temini ve yerine montajı. (Boru montaj malzemesi bedelleri 25.300.2100 ve		253002200	Ana_BF_2026
25.300.1706	21,3                                                                             289,38		126.88	Ana_BF_2026
25.300.1708	26,9                                                                             365,63		160.63	Ana_BF_2026
25.300.1710	33,7                                                                             456,88		194.38	Ana_BF_2026
25.300.1712	42,4                                                                             612,50		287.50	Ana_BF_2026
25.300.2100	48,3                                                                             708,75		321.25	Ana_BF_2026
25.300.2200	60,3                                                                             855,00		355.00	Ana_BF_2026
25.300.2300	76,1                                                                             1.086,25		355.00	Ana_BF_2026
25.300.2400	88,9                                                                             1.270,00		388.75	Ana_BF_2026
25.300.2500	114,3                                                                            1.710,00		422.50	Ana_BF_2026
25.305.1000	139,7                                                                            2.206,25		456.25	Ana_BF_2026
25.305.1102	219,1                                                                            3.886,88		549.38	Ana_BF_2026
25.305.1104	273,0                                                                            5.520,63		583.13	Ana_BF_2026
25.305.4000	"3""                       90/12,3                                                 751,06"		107.31	Ana_BF_2026
25.305.4100	"4""                       110/15,1                                                1.074,13"		116.63	Ana_BF_2026
25.305.4101	"5""                       125/17,1                                                1.570,94"		125.94	Ana_BF_2026
25.305.4108	uygun olarak kesilmesi, fizyoterm kaynak makinası ile bağlantı parçalarının boru uçlarına		260	Ana_BF_2026
25.305.7106	75,85		30.85	Ana_BF_2026
25.305.8301	907,81		22.81	Ana_BF_2026
25.310.1102	2.172,19		240.94	Ana_BF_2026
25.310.1104	3.002,50		321.25	Ana_BF_2026
25.310.1106	4.586,88		448.13	Ana_BF_2026
25.310.1202	75		125	Ana_BF_2026
25.310.1204	90		160	Ana_BF_2026
25.310.1206	110		190	Ana_BF_2026
25.310.1208	125		200	Ana_BF_2026
25.310.1303	5 Ø mm                                                                     164,69		80.31	Ana_BF_2026
25.310.1305	6 Ø mm                                                                     221,31		93.81	Ana_BF_2026
25.310.1307	8 Ø mm                                                                     318,56		107.31	Ana_BF_2026
25.310.1309	10 Ø mm                                                                    410,31		114.06	Ana_BF_2026
25.310.1311	12 Ø mm                                                                    500,81		120.81	Ana_BF_2026
25.310.1313	16 Ø mm                                                                    689,81		141.06	Ana_BF_2026
25.310.1400	20 Ø mm                                                                    865,31		147.81	Ana_BF_2026
25.310.1401	22 Ø mm                                                                    957,06		154.56	Ana_BF_2026
25.310.1403	25 Ø mm                                                                    1.090,06		161.31	Ana_BF_2026
25.310.2000	28 Ø mm                                                                    1.223,06		168.06	Ana_BF_2026
25.312.1200	20 Ø mm                                                                    1.054,56		154.56	Ana_BF_2026
25.312.1201	25 Ø mm                                                                    1.349,31		168.06	Ana_BF_2026
25.315.1200	100 Ø mm                                                                          340,00		168.75	Ana_BF_2026
25.315.1201	125 Ø mm                                                                          378,75		168.75	Ana_BF_2026
25.320.1200	"40 Ø mm                        (1 1/2"")                                          1.483,13"		310.63	Ana_BF_2026
25.320.1201	"50 Ø mm                                       (2"")                               2.415,75"		315.75	Ana_BF_2026
25.320.1212	50 Ø mm                                                                          6.000,19		562.69	Ana_BF_2026
25.320.1214	65 Ø mm                                                                          7.346,44		596.44	Ana_BF_2026
25.320.1302	100 Ø mm                                                                         10.225,19		900.19	Ana_BF_2026
25.320.1304	125 Ø mm                                                                         12.842,69		967.69	Ana_BF_2026
25.320.1306	150 Ø mm                                                                         16.502,69		1102.69	Ana_BF_2026
25.320.1308	200 Ø mm                                                                         26.195,31		1445.31	Ana_BF_2026
25.320.1310	250 Ø mm                                                                         45.335,44		1585.44	Ana_BF_2026
25.320.1312	300 Ø mm                                                                         62.596,69		1652.94	Ana_BF_2026
25.320.1314	350 Ø mm                                                                         82.959,31		1709.31	Ana_BF_2026
25.320.5301	PN 25-40 Kızgın Su ve Buhar Vanaları; pistonlu, gövdesi çelik döküm veya sfero GGG		40	Ana_BF_2026
25.320.5304	15 Ø mm               Vidalı Flanşlı                                3.643,75		321.25	Ana_BF_2026
25.320.5306	20 Ø mm               Vidalı Flanşlı                                4.811,25		355.00	Ana_BF_2026
25.320.5402	32 Ø mm               Vidalı Flanşlı                                7.671,88		436.88	Ana_BF_2026
25.320.5404	40 Ø mm               Vidalı Flanşlı                                11.181,25		523.75	Ana_BF_2026
25.320.5406	50 Ø mm               Vidalı Flanşlı                                14.957,50		557.50	Ana_BF_2026
25.320.5413	15 Ø mm                   Flanşlı                                   4.752,50		321.25	Ana_BF_2026
25.320.5500	20 Ø mm                   Flanşlı                                   5.375,00		355.00	Ana_BF_2026
25.320.5501	25 Ø mm                   Flanşlı                                   6.513,75		388.75	Ana_BF_2026
25.320.5503	32 Ø mm                   Flanşlı                                   8.008,13		436.88	Ana_BF_2026
25.320.5505	40 Ø mm                   Flanşlı                                   9.011,25		523.75	Ana_BF_2026
25.320.5600	50 Ø mm                   Flanşlı                                   11.320,00		557.50	Ana_BF_2026
25.320.5601	65 Ø mm                   Flanşlı                                   17.595,00		845.00	Ana_BF_2026
25.320.5603	80 Ø mm                   Flanşlı                                   22.262,50		912.50	Ana_BF_2026
25.320.5605	100 Ø mm                  Flanşlı                                   34.193,13		1005.63	Ana_BF_2026
25.320.6100	125 Ø mm                  Flanşlı                                   45.803,13		1140.63	Ana_BF_2026
25.320.6101	150 Ø mm                  Flanşlı                                   59.879,38		1529.38	Ana_BF_2026
25.320.7103	15 Ø mm.                                Flanşlı                            8.597,50		287.50	Ana_BF_2026
25.320.7105	20 Ø mm.                                Flanşlı                            9.278,75		321.25	Ana_BF_2026
25.320.7200	25 Ø mm.                                Flanşlı                            11.578,75		355.00	Ana_BF_2026
25.320.7204	11.359,38		1529.38	Ana_BF_2026
25.325.1405	4.500,00		321.25	Ana_BF_2026
25.325.1407	6.383,13		436.88	Ana_BF_2026
25.325.1409	11.096,25		557.50	Ana_BF_2026
25.325.1411	26.336,25		861.25	Ana_BF_2026
25.325.2101	105.011,56		1549.06	Ana_BF_2026
25.325.2200	1.223,75		270.00	Ana_BF_2026
25.325.2202	"50 Ø mm     (2"")                                                        1.575,00"		270.00	Ana_BF_2026
25.325.3104	65 Ø mm                                                                 9.481,25		557.50	Ana_BF_2026
25.325.3106	80 Ø mm                                                                 13.205,00		765.00	Ana_BF_2026
25.325.3108	100 Ø mm                                                                17.123,75		861.25	Ana_BF_2026
25.325.3110	125 Ø mm                                                                24.541,25		928.75	Ana_BF_2026
25.325.3112	150 Ø mm                                                                31.701,25		1063.75	Ana_BF_2026
25.325.3211	20 Ø mm                                                                 3.447,50		287.50	Ana_BF_2026
25.327.1305	37.506,25		793.75	Ana_BF_2026
25.330.3104	8.111,25		658.75	Ana_BF_2026
25.332.1303	2.290,00		456.25	Ana_BF_2026
25.332.1305	40 Ø mm.                                                             2.531,25		456.25	Ana_BF_2026
25.332.1307	50 Ø mm.                                                             3.020,00		658.75	Ana_BF_2026
25.332.1309	65 Ø mm.                                                             3.747,50		726.25	Ana_BF_2026
25.332.1311	80 Ø mm.                                                             4.272,50		793.75	Ana_BF_2026
25.334.1100	100 Ø mm.                                                            5.232,50		928.75	Ana_BF_2026
25.334.1101	125 Ø mm.                                                            6.719,38		1156.88	Ana_BF_2026
25.334.1103	150 Ø mm.                                                            8.309,38		1359.38	Ana_BF_2026
25.334.1105	200 Ø mm.                                                            11.038,13		1426.88	Ana_BF_2026
25.334.1200	250 Ø mm.                                                            14.419,38		1494.38	Ana_BF_2026
25.334.1201	300 Ø mm.                                                            21.024,38		1561.88	Ana_BF_2026
25.334.1305	"15 Ø mm.       (1/2"")                                                6.138,13"		228.13	Ana_BF_2026
25.334.1400	"20 Ø mm.       (3/4"")                                                6.277,50"		287.50	Ana_BF_2026
25.334.1401	"25 Ø mm.       (1"")                                                  6.531,25"		321.25	Ana_BF_2026
25.334.1403	"32 Ø mm. (1 1/4"")                                                    14.905,00"		355.00	Ana_BF_2026
25.337.1000	27.798,75		523.75	Ana_BF_2026
25.337.1100	50 Ø mm                                                               36.357,50		557.50	Ana_BF_2026
25.337.1205	"15 Ø mm.   (1/2"")                                                     3.315,00"		168.75	Ana_BF_2026
25.337.1207	"20 Ø mm.   (3/4"")                                                     4.043,75"		202.50	Ana_BF_2026
25.337.1301	"25 Ø mm.   (1"")                                                       4.230,00"		202.50	Ana_BF_2026
25.337.1303	"32 Ø mm. (1 1/4"")                                                     5.166,25"		236.25	Ana_BF_2026
25.337.1305	"40 Ø mm. (1 1/2"")                                                     5.743,75"		270.00	Ana_BF_2026
25.337.1307	"50 Ø mm.   (2"")                                                       6.932,50"		270.00	Ana_BF_2026
25.337.2101	50 Ø mm.                                                              6.611,88		1073.13	Ana_BF_2026
25.337.2103	65 Ø mm.                                                              7.849,38		1140.63	Ana_BF_2026
25.337.2105	80 Ø mm.                                                              11.983,75		1690.00	Ana_BF_2026
25.337.2107	100 Ø mm.                                                             12.922,50		1825.00	Ana_BF_2026
25.337.2201	125 Ø mm.                                                             17.535,63		1985.63	Ana_BF_2026
25.337.2203	150 Ø mm.                                                             20.631,25		2281.25	Ana_BF_2026
25.337.3000	22.523,13		1985.63	Ana_BF_2026
25.337.3201	yüksek manyetik çekim alanına sahip, neodyum N52 veya N54 tipi olmalıdır. Dış yüzeyi		304	Ana_BF_2026
25.345.1105	DN 25 (1”)          Vidalı                                           2.170,00		321.25	Ana_BF_2026
25.345.1107	DN 32 (11/4”) Vidalı                                                 2.890,00		355.00	Ana_BF_2026
25.345.1109	DN 40 (11/2”) Vidalı                                                 3.181,88		436.88	Ana_BF_2026
25.345.1111	DN 50 (2”)          Vidalı                                           4.368,75		523.75	Ana_BF_2026
25.345.1200	DN 65 (21/2”) flanşlı                                                11.482,50		557.50	Ana_BF_2026
25.345.1202	DN 80 (3”)          flanşlı                                          12.820,00		765.00	Ana_BF_2026
25.345.1204	DN 100 (4”) flanşlı                                                  22.673,75		861.25	Ana_BF_2026
25.345.1206	DN 125 (5”)         flanşlı                                          42.766,25		928.75	Ana_BF_2026
25.345.1208	DN 150 (6”)         flanşlı                                          44.988,75		1063.75	Ana_BF_2026
25.345.1210	DN 200 (8”)         flanşlı                                          118.189,06		1414.06	Ana_BF_2026
25.345.1301	DN15 (1/2”) Vidalı                                                      2.740,63		228.13	Ana_BF_2026
25.345.1302	3.297,50		287.50	Ana_BF_2026
25.345.1303	DN20 (3/4”) Vidalı                                                      3.487,50		321.25	Ana_BF_2026
25.345.1304	4.608,75		355.00	Ana_BF_2026
25.345.1305	DN25 (1”) Vidalı                                                        4.773,13		436.88	Ana_BF_2026
25.345.1306	6.555,00		523.75	Ana_BF_2026
25.345.1307	DN32 (11/4”) Vidalı                                                   14.520,00		557.50	Ana_BF_2026
25.345.1308	18.577,50		765.00	Ana_BF_2026
25.345.1309	DN40 (11/2”) Vidalı                                                   30.998,75		861.25	Ana_BF_2026
25.345.1310	58.041,25		928.75	Ana_BF_2026
25.345.1311	DN50 (2”) Vidalı                                                      60.701,25		1063.75	Ana_BF_2026
25.345.1312	143.539,06		1414.06	Ana_BF_2026
25.345.2000	61.701,25		1063.75	Ana_BF_2026
25.355.1009	51.996,88		2509.38	Ana_BF_2026
25.355.1011	70.898,13		2898.13	Ana_BF_2026
25.355.1013	90.591,88		3354.38	Ana_BF_2026
25.355.1015	42.846,25		2146.25	Ana_BF_2026
25.355.1017	49.307,50		2670.00	Ana_BF_2026
25.355.1019	56.083,75		3058.75	Ana_BF_2026
25.355.1021	77.665,00		3515.00	Ana_BF_2026
25.355.1023	102.815,63		3878.13	Ana_BF_2026
25.355.1025	48.648,13		2898.13	Ana_BF_2026
25.355.1027	57.924,38		3286.88	Ana_BF_2026
25.355.1029	82.443,13		3743.13	Ana_BF_2026
25.355.1031	111.821,88		4334.38	Ana_BF_2026
25.355.1033	53.350,00		2737.50	Ana_BF_2026
25.355.1035	55.559,38		3421.88	Ana_BF_2026
25.355.1037	64.233,75		3971.25	Ana_BF_2026
25.355.1039	99.470,00		4495.00	Ana_BF_2026
25.355.1043	31- 40  (20,1- 30)  180.001-270.000           89.983,75		3971.25	Ana_BF_2026
25.355.1045	31- 40  (40,1- 60)  360.001-540.000           100.286,88		4199.38	Ana_BF_2026
25.355.1047	31- 40  (80,1-100)  720.001-900.000           149.120,00		4495.00	Ana_BF_2026
25.355.1048	41- 50   (3,0- 5)    27.000-		45000	Ana_BF_2026
25.355.1049	41- 50   (5,1- 10)   45.001- 90.000           167.290,63		4790.63	Ana_BF_2026
25.355.1051	41- 50  (15,1- 20)  135.001-180.000           198.268,75		5018.75	Ana_BF_2026
25.355.1053	41- 50  (30,1- 40)  270.001-360.000           56.151,25		3126.25	Ana_BF_2026
25.355.1055	41- 50  (60,1- 80)  540.001-720.000           63.645,00		3582.50	Ana_BF_2026
25.355.1057	51- 60   (3,0- 5)    27.000- 45.000           74.128,13		3878.13	Ana_BF_2026
25.355.1058	51- 60   (5,1- 10)   45.001-		90000	Ana_BF_2026
25.355.1059	51- 60  (10,1- 15)   90.001-135.000           77.368,75		4106.25	Ana_BF_2026
25.355.1061	51- 60  (20,1- 30)  180.001-270.000           97.477,50		4427.50	Ana_BF_2026
25.355.1063	51- 60  (40,1- 60)  360.001-540.000           122.843,13		4655.63	Ana_BF_2026
25.355.1065	51- 60  (80,1-100)  720.001-900.000           160.111,88		5111.88	Ana_BF_2026
25.355.1066	61- 80   (3,0- 5)    27.000-		45000	Ana_BF_2026
25.355.1067	61- 80   (5,1- 10)   45.001- 90.000           161.407,50		5407.50	Ana_BF_2026
25.355.1069	61- 80  (15,1- 20)  135.001-180.000           198.113,75		5863.75	Ana_BF_2026
25.355.1071	61- 80  (30,1- 40)  270.001-360.000           58.006,25		3193.75	Ana_BF_2026
25.355.1073	61- 80  (60,1- 80)  540.001-720.000           64.868,13		3743.13	Ana_BF_2026
25.355.1075	81-100   (3,0- 5)    27.000- 45.000           74.713,75		4038.75	Ana_BF_2026
25.355.1076	81-100  (5,1- 10)   45.001-		90000	Ana_BF_2026
25.355.1077	81-100  (10,1- 15)   90.001-135.000           88.029,38		4266.88	Ana_BF_2026
25.355.1079	81-100  (20,1- 30)  180.001-270.000           111.637,50		4562.50	Ana_BF_2026
25.355.1081	81-100  (40,1- 60)  360.001-540.000           137.258,75		4883.75	Ana_BF_2026
25.355.1083	81-100  (80,1-100)  720.001-900.000           166.496,88		5246.88	Ana_BF_2026
25.355.1084	101-150   (5,0- 10)   45.000-		90000	Ana_BF_2026
25.355.1085	101-150  (10,1- 15)   90.001-135.000           185.568,13		5568.13	Ana_BF_2026
25.355.1087	101-150  (20,1- 30)  180.001-270.000           229.488,75		5863.75	Ana_BF_2026
25.360.1209	15.978,13		1815.63	Ana_BF_2026
25.360.1211	19.365,63		2153.13	Ana_BF_2026
25.400.2010	27 Ø mm.       30 mm.                  272,69		75.19	Ana_BF_2026
25.400.2014	34 Ø mm.       30 mm.                  178,94		75.19	Ana_BF_2026
25.400.2018	42 Ø mm.       30 mm.                  283,94		75.19	Ana_BF_2026
25.400.2022	48 Ø mm.       30 mm.                  187,69		75.19	Ana_BF_2026
25.400.2024	57 Ø mm.       50 mm.                  235,19		75.19	Ana_BF_2026
25.400.2026	57 Ø mm.       30 mm.                  296,44		75.19	Ana_BF_2026
25.400.2030	60 Ø mm.       80 mm.                  188,31		75.19	Ana_BF_2026
25.400.2032	63 Ø mm.       40 mm.                  242,69		75.19	Ana_BF_2026
25.400.2034	63 Ø mm.       60 mm.                  305,19		75.19	Ana_BF_2026
25.400.2036	63 Ø mm.       30 mm.                  386,44		75.19	Ana_BF_2026
25.400.2038	70 Ø mm.       50 mm.                  219,94		88.69	Ana_BF_2026
25.400.2040	70 Ø mm.       80 mm.                  268,69		88.69	Ana_BF_2026
25.400.2042	76 Ø mm.       40 mm.                  332,44		88.69	Ana_BF_2026
25.400.2044	76 Ø mm.       60 mm.                  403,69		88.69	Ana_BF_2026
25.400.2046	76 Ø mm.       40 mm.                  223,69		88.69	Ana_BF_2026
25.400.2048	83 Ø mm.       60 mm.                  272,44		88.69	Ana_BF_2026
25.400.2050	83 Ø mm.       40 mm.                  336,19		88.69	Ana_BF_2026
25.400.2052	89 Ø mm.       60 mm.                  421,19		88.69	Ana_BF_2026
25.400.2054	89 Ø mm.                               594,94		88.69	Ana_BF_2026
25.400.2509	161,13		52.38	Ana_BF_2026
25.400.2511	239,88		52.38	Ana_BF_2026
25.400.2513	184,63		65.88	Ana_BF_2026
25.400.2515	288,38		65.88	Ana_BF_2026
25.400.2517	180,19		75.19	Ana_BF_2026
25.400.2519	253,94		75.19	Ana_BF_2026
25.400.2521	351,44		75.19	Ana_BF_2026
25.400.2523	216,44		75.19	Ana_BF_2026
25.400.2525	312,69		75.19	Ana_BF_2026
25.400.2527	205,19		75.19	Ana_BF_2026
25.400.2529	282,69		75.19	Ana_BF_2026
25.400.2531	407,69		75.19	Ana_BF_2026
25.400.2533	235,19		75.19	Ana_BF_2026
25.400.2535	356,44		75.19	Ana_BF_2026
25.400.2537	244,94		88.69	Ana_BF_2026
25.400.2539	318,69		88.69	Ana_BF_2026
25.400.2541	452,44		88.69	Ana_BF_2026
25.400.2543	288,50		104.75	Ana_BF_2026
25.400.4522	10 mm.                                                              60,19		29.56	Ana_BF_2026
25.400.5032	42,06		16.06	Ana_BF_2026
25.400.6013	97,06		36.31	Ana_BF_2026
25.400.6015	187,56		36.31	Ana_BF_2026
25.400.6017	88,31		36.31	Ana_BF_2026
25.400.6019	159,38		45.63	Ana_BF_2026
25.400.6021	279,38		45.63	Ana_BF_2026
25.400.6023	139,88		52.38	Ana_BF_2026
25.400.6025	249,88		52.38	Ana_BF_2026
25.400.6027	119,25		52.38	Ana_BF_2026
25.400.6029	212,88		59.13	Ana_BF_2026
25.400.6031	342,88		59.13	Ana_BF_2026
25.400.6033	184,63		65.88	Ana_BF_2026
25.400.6035	274,63		65.88	Ana_BF_2026
25.400.6037	184,63		65.88	Ana_BF_2026
25.400.6039	264,44		81.94	Ana_BF_2026
25.400.7213	3.728,75		675.00	Ana_BF_2026
25.400.7307	NW		15	Ana_BF_2026
25.400.7506	NW		15	Ana_BF_2026
25.400.7601	NW 15                                               808,75		168.75	Ana_BF_2026
25.410.1100	33.888,13		1275.63	Ana_BF_2026
25.410.2108	33.585,88		2360.88	Ana_BF_2026
25.410.2200	1.12 m3/dak. Serbest hava                                                     47.784,00		2759.00	Ana_BF_2026
25.452.1500	580.781,25		38156.25	Ana_BF_2026
25.458.2105	7.318,75		1687.50	Ana_BF_2026
25.458.3206	36.065,25		2615.25	Ana_BF_2026
25.465.1210	579.671,88		8671.88	Ana_BF_2026
25.467.1201	13.778,13		1734.38	Ana_BF_2026
25.470.1302	elemanları ile standardına uygun olarak tavan yada duvara tespit edilmesi.TS-EN		1507	Ana_BF_2026
25.470.1816	5.088,75		232.50	Ana_BF_2026
25.470.5201	40-60		570.00	Ana_BF_2026
25.472.1404	20.187,50		2700.00	Ana_BF_2026
25.472.2202	0,25 m2'ye kadar                                                           19.787,50		1350.00	Ana_BF_2026
25.472.2204	0,50 m2'ye kadar                                                           14.325,00		1012.50	Ana_BF_2026
25.472.2206	1,00 m2'ye kadar                                                           11.450,00		675.00	Ana_BF_2026
25.475.1000	1,50 m2'ye kadar                                                           10.293,75		675.00	Ana_BF_2026
25.475.4205	1.727,50		337.50	Ana_BF_2026
25.475.4406	150x		150	Ana_BF_2026
25.475.6501	2.066,25		337.50	Ana_BF_2026
25.480.1501	570,00		232.50	Ana_BF_2026
25.480.1502	Kalınlık                                                       680,00		232.50	Ana_BF_2026
25.480.1503	9 mm Levha                                                        922,50		271.25	Ana_BF_2026
25.480.1504	1.246,25		271.25	Ana_BF_2026
25.480.1505	13 mm Levha                                                     1.406,25		271.25	Ana_BF_2026
25.480.2205	temizlenmesi, kendi genişliğine bağlı olarak iki veya daha fazla sıra, kanal boyundan ise,		50	Ana_BF_2026
25.485.7107	845,00		387.50	Ana_BF_2026
25.490.2604	40.125,61		6175.61	Ana_BF_2026
25.490.8109	1.832,04		200.79	Ana_BF_2026
25.505.2208	1000 KW                                          7.469.979,60		47604.60	Ana_BF_2026
25.505.2210	1300 KW                                          8.518.763,98		50013.98	Ana_BF_2026
25.505.2212	1600 KW                                          9.958.120,23		51620.23	Ana_BF_2026
25.505.2214	1900 KW                                          11.573.549,88		53299.88	Ana_BF_2026
25.552.1500	10.915,00		310.00	Ana_BF_2026
25.562.1000	41.335,00		372.50	Ana_BF_2026
25.567.3201	40 ø mm                                                              39.703,75		591.25	Ana_BF_2026
25.567.3202	50 ø mm                                                             162.226,25		726.25	Ana_BF_2026
25.567.3203	65 ø mm                                                             167.111,25		861.25	Ana_BF_2026
25.567.3204	80 ø mm                                                             216.813,75		1063.75	Ana_BF_2026
25.600.3300	600 mm. eninde tezgahlar için		9153.75	Ana_BF_2026
25.600.3301	700 mm. eninde tezgahlar için		10246.25	Ana_BF_2026
25.600.3303	800 mm. eninde tezgahlar için		10816.25	Ana_BF_2026
25.600.4102	Çalışma Tezgahlarına monte edilmek üzere AISI 304 Kalite 18/8 Cr-Ni den imal edilmiş, 1.2		4980.00	Ana_BF_2026
25.600.5103	700 mm. eninde tezgahlar için		5333.75	Ana_BF_2026
25.602.1204	diğer kısımları (ayaklar, ara tablaAISI 304 Kalite 18/8 Cr-Ni malzemeden imal edilmiş,		60	Ana_BF_2026
25.607.1005	70.912,50		2037.50	Ana_BF_2026
25.632.2202	takriben 25-60 dev./dak. hızlı yıkama ve 50/110 dev.dak. dağıtma devrine haiz en az		2	Ana_BF_2026
25.635.2302	262.237,50		1862.50	Ana_BF_2026
25.650.4102	arındırılmış, medikal sistemlerde kullanılmaya uygun, 30 atmosfer basıncına denenmiş,		12	Ana_BF_2026
25.715.1302	PN 25 Basınç Sınıfı İlavesi		1526.25	Ana_BF_2026
25.715.1404	DN		80	Ana_BF_2026
25.715.2001	DN 100                                                                222.100,00		22350.00	Ana_BF_2026
25.715.2003	DN 150                                                                251.450,00		26075.00	Ana_BF_2026
25.715.2005	DN 200                                                                368.425,00		29800.00	Ana_BF_2026
25.715.3502	DN		40	Ana_BF_2026
25.715.4102	DN 65                                                                 14.805,00		4725.00	Ana_BF_2026
25.715.4104	DN 80                                                                 15.580,00		5062.50	Ana_BF_2026
25.715.4202	DN 200                                                                54.675,00		10475.00	Ana_BF_2026
25.715.4300	DN		25	Ana_BF_2026
25.715.4400	DN 32                                                                 4.076,25		405.00	Ana_BF_2026
25.720.0000	DN 40                                                                 4.592,50		506.25	Ana_BF_2026
25.720.1102	DN 80                                                                 8.226,25		1012.50	Ana_BF_2026
25.720.1104	DN 100                                                                12.722,50		1350.00	Ana_BF_2026
25.720.1106	DN 150                                                                22.637,50		1687.50	Ana_BF_2026
25.720.1108	DN 200                                                                44.162,50		2362.50	Ana_BF_2026
25.725.1102	Basınç Kaydetme Cihazı İlavesi:		4500.00	Ana_BF_2026
25.725.1200	DN		80	Ana_BF_2026
25.725.1201	DN		100	Ana_BF_2026
25.725.1203	DN		150	Ana_BF_2026
25.725.1205	DN		200	Ana_BF_2026
25.725.3109	DN		25	Ana_BF_2026
25.725.3200	DN 32                                                                 1.471,88		96.88	Ana_BF_2026
25.725.3201	DN 40                                                                 1.596,88		96.88	Ana_BF_2026
25.725.3203	DN 50                                                                 1.659,38		96.88	Ana_BF_2026
25.727.1000	DN 65                                                                 1.784,38		96.88	Ana_BF_2026
25.727.1100	DN 80                                                                 1.885,63		135.63	Ana_BF_2026
25.727.1101	DN 100                                                                1.967,50		155.00	Ana_BF_2026
25.727.1103	DN 150                                                                2.381,25		193.75	Ana_BF_2026
25.730.3205	DN		20	Ana_BF_2026
25.732.1102	DN 32                                                               19.975,00		1350.00	Ana_BF_2026
25.732.1104	DN 40                                                               22.150,00		1350.00	Ana_BF_2026
25.732.1106	DN 50                                                               26.025,00		1350.00	Ana_BF_2026
25.735.2101	9 kg                                                                  2.188,75		155.00	Ana_BF_2026
35.100.1300	78.339,68		4970.93	Ana_BF_2026
35.100.1301	89.446,24		5628.74	Ana_BF_2026
35.100.1303	29.302,49		3091.24	Ana_BF_2026
35.100.1308	46.076,55		4167.80	Ana_BF_2026
35.100.2102	3.804,63		858.50	Ana_BF_2026
35.100.2104	6.202,53		880.65	Ana_BF_2026
35.100.2106	8.556,25		913.88	Ana_BF_2026
35.100.2108	10.913,53		936.03	Ana_BF_2026
35.100.2110	13.308,18		958.18	Ana_BF_2026
35.100.2205	6.462,53		880.65	Ana_BF_2026
35.100.2207	7.692,35		891.73	Ana_BF_2026
35.100.2209	8.918,93		902.80	Ana_BF_2026
35.100.6100	10.160,13		913.88	Ana_BF_2026
35.100.6101	11.389,95		924.95	Ana_BF_2026
35.100.6200	12.652,28		936.03	Ana_BF_2026
35.100.6201	13.898,35		947.10	Ana_BF_2026
35.100.6300	15.133,05		958.18	Ana_BF_2026
35.100.6301	45.844,36		4569.36	Ana_BF_2026
35.100.6400	3.219,63		858.50	Ana_BF_2026
35.100.6401	5.162,53		880.65	Ana_BF_2026
35.105.1506	13.598,85		266.56	Ana_BF_2026
35.110.1603	58.272,63		803.13	Ana_BF_2026
35.115.1004	2 x 100 A.e kadar (30 m A)                                                        1.629,86		465.63	Ana_BF_2026
35.115.1020	4 x 40 A.e kadar (30 m A)                                                         2.314,40		465.63	Ana_BF_2026
35.115.1022	4 x 80 A.e kadar (30 m A)                                                         3.238,50		465.63	Ana_BF_2026
35.115.1024	4 x 125 A.e kadar (30 m A)                                                        1.849,89		533.13	Ana_BF_2026
35.115.1041	2 x 40 A.e kadar (300 m A)                                                        1.892,13		533.13	Ana_BF_2026
35.115.1043	2 x 80 A.e kadar (300 m A)                                                        2.084,96		533.13	Ana_BF_2026
35.115.1045	4 x 25 A.e kadar (300 m A)                                                        3.141,00		533.13	Ana_BF_2026
35.115.1061	4 x 63 A.e kadar (300 m A)                                                        4.686,78		533.13	Ana_BF_2026
35.115.1063	4 x 100 A.e kadar (300 m A)                                                       8.739,73		533.13	Ana_BF_2026
35.115.1608	1.655,86		465.63	Ana_BF_2026
35.115.1727	2 x 25 A.e kadar (30 m A)                                                         2.506,43		465.63	Ana_BF_2026
35.115.1730	2 x 40 A.e kadar (30 m A)                                                         2.804,44		465.63	Ana_BF_2026
35.115.1733	2 x 63 A.e kadar (30 m A)                                                         3.129,93		465.63	Ana_BF_2026
35.115.1812	11.319,78		533.13	Ana_BF_2026
35.115.4254	34.345,15		533.13	Ana_BF_2026
35.115.4272	35.431,04		533.13	Ana_BF_2026
35.115.4500	38.112,39		533.13	Ana_BF_2026
35.115.5100	33.753,10		533.13	Ana_BF_2026
35.115.5105	35.120,38		533.13	Ana_BF_2026
35.115.5107	37.530,41		533.13	Ana_BF_2026
35.115.5109	uzaktan erişim sağlayarak RCCB'nin durumu hakkında raporlama alınabilmesi özelliği fiyat		8056.34	Ana_BF_2026
35.120.1400	2.131,19		469.06	Ana_BF_2026
35.120.1453	422,25		266.56	Ana_BF_2026
35.120.1472	183,53		93.13	Ana_BF_2026
35.125.1302	3.557,40		465.63	Ana_BF_2026
35.125.1500	3 x 160A.e kadar                                                                   609,01		344.38	Ana_BF_2026
35.130.2300	19.883,46		5415.63	Ana_BF_2026
35.130.2301			220.00	Ana_BF_2026
35.130.2500	8.709,64		803.13	Ana_BF_2026
35.130.2600	19.479,24		803.13	Ana_BF_2026
35.135.1301	0 - 60 V.a kadar                                                                   861,96		321.25	Ana_BF_2026
35.135.1302	0 -500 V.a kadar                                                                    882,26		321.25	Ana_BF_2026
35.135.2500	9.183,75		2496.25	Ana_BF_2026
35.135.2600	1.195,00		321.25	Ana_BF_2026
35.135.3100	2.009,91		388.75	Ana_BF_2026
35.135.3101	2.264,79		388.75	Ana_BF_2026
35.135.3302	TS EN 62058-31,TS EN 62058-11, TS EN 62053-11 standartlarına uygun 0,5 endüktif		0.5	Ana_BF_2026
35.140.2161	4 x 4 mm2 P.26                                                              255,95		199.69	Ana_BF_2026
35.140.2163	4 x 10 mm2 P.37                                                             292,45		206.44	Ana_BF_2026
35.140.2165	5 x 1,5 mm2 P.18                                                             374,14		232.81	Ana_BF_2026
35.140.2191	6 x 1,5 mm2 P.18                                                            433,49		239.56	Ana_BF_2026
35.140.2304	354,39		249.88	Ana_BF_2026
35.140.2306	357,20		278.81	Ana_BF_2026
35.140.2308	415,01		292.00	Ana_BF_2026
35.140.2310	"2 x 2,5 mm2 ( 1/2"") 15 ø mm                                                  326,25"		209.88	Ana_BF_2026
35.140.2311	"2 x 4 mm2 (5/8"") 18 ø mm                                                     388,86"		235.56	Ana_BF_2026
35.140.2312	"2 x 6 mm2 (3/4"") 20 ø mm                                                     419,04"		239.44	Ana_BF_2026
35.140.2313	"2 x 10 mm2 (3/4"") 20 ø mm                                                    493,43"		252.63	Ana_BF_2026
35.140.2314	"2 x 16 mm2 (1 "") 25 ø mm                                                     665,69"		295.69	Ana_BF_2026
35.140.2315	"2 x 25 mm2 (1 1/4"") 32 ø mm                                                  942,33"		395.25	Ana_BF_2026
35.140.2316	"2 x 35 mm2 (1 1/4"") 32 ø mm                                                1.077,60"		399.13	Ana_BF_2026
35.140.2317	"2 x 50 mm2 (1 1/2"") 40 ø mm                                                1.331,06"		439.31	Ana_BF_2026
35.140.2318	"2 x 70 mm2 (1 1/2"") 40 ø mm                                                1.775,45"		490.13	Ana_BF_2026
35.140.2319	"3 x 2,5 mm2 (5/8"") 18 ø mm                                                   426,88"		275.13	Ana_BF_2026
35.140.2320	"3 x 4 mm2 (3/4"") 20 ø mm                                                     460,83"		279.00	Ana_BF_2026
35.140.2321	"3 x 6 mm2 (1"") 25 ø mm                                                       584,15"		316.63	Ana_BF_2026
35.140.2322	"3 x 10 mm2 (1"") 25 ø mm                                                      694,58"		335.25	Ana_BF_2026
35.140.2323	"3 x 16 mm2 (1 1/4"") 32 ø mm                                                  961,19"		438.69	Ana_BF_2026
35.140.2324	"3 x 25 mm2 (1 1/2"") 40 ø mm                                                1.242,74"		482.75	Ana_BF_2026
35.140.2325	"3 x 35 mm2 (1 1/2"") 40 ø mm                                                1.449,15"		492.06	Ana_BF_2026
35.140.2326	"3 x 50 mm2 (1 1/2"") 40 ø mm                                                1.746,56"		514.56	Ana_BF_2026
35.140.2327	"3 x 70 mm2 (2"") 50 ø mm                                                    2.349,11"		569.25	Ana_BF_2026
35.140.2400	"3 x 25 + 16 mm2 (1 1/2"") 40 ø mm                                           1.414,68"		540.94	Ana_BF_2026
35.140.2401	"3 x 50 + 25 mm2 (2"") 50 ø mm                                               2.108,73"		608.81	Ana_BF_2026
35.140.2404	1x 10 mm2 kesitinde                                                                 71,96		43.44	Ana_BF_2026
35.140.2406	1x 25 mm2 kesitinde                                                                 85,11		43.44	Ana_BF_2026
35.140.2408	1x 50 mm2 kesitinde                                                                 125,03		52.75	Ana_BF_2026
35.140.2410	1x 95 mm2 kesitinde                                                                 170,38		56.63	Ana_BF_2026
35.140.2420	1x 150 mm2 kesitinde                                                                248,85		65.94	Ana_BF_2026
35.140.2430	1x 240 mm2 kesitinde                                                                314,55		65.94	Ana_BF_2026
35.140.2461	NVV (NYM) tipi kurşunsuz PVC izoleli kablolar ile besleme hattı tesisi: (Ölçü: m.)  415,50		75.25	Ana_BF_2026
35.140.2502	768,55		92.31	Ana_BF_2026
35.140.2504	2 x 2,5 mm2                                                          968,15		92.31	Ana_BF_2026
35.140.2506	2 x 6 mm2                                                            1.169,61		101.63	Ana_BF_2026
35.140.2508	2 x 16 mm2                                                           1.464,85		109.38	Ana_BF_2026
35.140.2510	3 x 2,5 mm2                                                          1.909,08		118.69	Ana_BF_2026
35.140.2512	3 x 6 mm2                                                            47,04		39.56	Ana_BF_2026
35.140.2514	3 x 16 mm2                                                            93,19		62.06	Ana_BF_2026
35.140.2515	4 x 1,5 mm2                                                          112,35		65.94	Ana_BF_2026
35.140.2516	4 x 2,5 mm2                                                          139,89		69.81	Ana_BF_2026
35.140.2517	4 x 4 mm2                                                            175,35		75.25	Ana_BF_2026
35.140.2518	4 x 6 mm2                                                            267,94		92.31	Ana_BF_2026
35.140.2531	4 x 10 mm2                                                           366,46		96.19	Ana_BF_2026
35.140.2532	4 x 16 mm2                                                           107,80		65.94	Ana_BF_2026
35.140.2533	5 x 1,5 mm2                                                          135,34		69.81	Ana_BF_2026
35.140.2534	5 x 2,5 mm2                                                          175,35		75.25	Ana_BF_2026
35.140.2535	5 x 4 mm2                                                            225,64		79.13	Ana_BF_2026
35.140.2536	5 x 6 mm2                                                            344,39		92.31	Ana_BF_2026
35.140.2541	5 x 10 mm2                                                           492,01		101.63	Ana_BF_2026
35.140.2543	5 x 16 mm2                                                           122,18		65.94	Ana_BF_2026
35.140.2551	2 x 25 mm2                                                           161,51		75.25	Ana_BF_2026
35.140.2553	2 x 35 mm2                                                           169,29		35.69	Ana_BF_2026
35.140.2561	3 x 25 mm2                                                           276,65		83.00	Ana_BF_2026
35.140.2610	76,43		52.75	Ana_BF_2026
35.140.2612	71,44		52.75	Ana_BF_2026
35.140.2614	88,99		56.63	Ana_BF_2026
35.140.2616	104,23		65.94	Ana_BF_2026
35.140.2618	75,34		52.75	Ana_BF_2026
35.140.2620	102,70		62.06	Ana_BF_2026
35.140.2622	134,81		65.94	Ana_BF_2026
35.140.2624	87,14		56.63	Ana_BF_2026
35.140.2626	120,30		65.94	Ana_BF_2026
35.140.2628	168,21		75.25	Ana_BF_2026
35.140.2630	113,14		65.94	Ana_BF_2026
35.140.3102	222,61		83.00	Ana_BF_2026
35.140.3105	1 x 16  mm2                                           195,05		65.94	Ana_BF_2026
35.140.3107	1 x 25  mm2                                           274,98		75.25	Ana_BF_2026
35.140.3109	1 x 35  mm2                                           355,88		79.13	Ana_BF_2026
35.140.3111	1 x 50  mm2                                           448,70		83.00	Ana_BF_2026
35.140.3130	1 x 70  mm2                                           608,40		92.31	Ana_BF_2026
35.140.3132	1 x 95  mm2                                           815,78		101.63	Ana_BF_2026
35.140.3134	1 x 120 mm2                                           1.008,58		105.50	Ana_BF_2026
35.140.3136	1 x 150 mm2                                           1.221,44		114.81	Ana_BF_2026
35.140.3161	1 x 185 mm2                                           1.500,64		122.56	Ana_BF_2026
35.140.3163	1 x 240 mm2                                           1.977,81		135.75	Ana_BF_2026
35.140.3165	2 x 1,5 mm2                                           103,91		69.81	Ana_BF_2026
35.140.3190	2 x 2,5 mm2                                           124,95		75.25	Ana_BF_2026
35.140.3192	2x4     mm2                                           155,43		79.13	Ana_BF_2026
35.140.3194	2x6     mm2                                           190,46		83.00	Ana_BF_2026
35.140.3196	2 x 10  mm2                                           269,49		92.31	Ana_BF_2026
35.140.3198	2 x 16  mm2                                           372,31		101.63	Ana_BF_2026
35.140.3221	2 x 25  mm2                                           534,06		114.81	Ana_BF_2026
35.140.3223	3 x 1,5 mm2                                           122,19		75.25	Ana_BF_2026
35.140.3225	3 x 2,5 mm2                                           149,00		79.13	Ana_BF_2026
35.140.3227	3x4     mm2                                           190,46		83.00	Ana_BF_2026
35.140.3229	3x6     mm2                                           243,60		88.44	Ana_BF_2026
35.140.3231	3 x 10  mm2                                           346,71		96.19	Ana_BF_2026
35.140.3233	3 x 16  mm2                                           500,91		105.50	Ana_BF_2026
35.150.2113	1x240  mm2                                        1.974,11		131.88	Ana_BF_2026
35.150.2120	1x300  mm2                                        2.440,29		145.06	Ana_BF_2026
35.150.2122	1x400  mm2                                        3.138,48		158.25	Ana_BF_2026
35.150.2124	2x1.5  mm2                                        105,04		65.94	Ana_BF_2026
35.150.2126	2x2.5  mm2                                        120,64		65.94	Ana_BF_2026
35.150.2151	2x4    mm2                                        151,14		69.81	Ana_BF_2026
35.150.2153	2x6    mm2                                        190,39		79.13	Ana_BF_2026
35.150.2155	2x10   mm2                                        275,90		88.44	Ana_BF_2026
35.150.2170	2x16   mm2                                        373,40		92.31	Ana_BF_2026
35.150.2172	2x25   mm2                                        546,33		105.50	Ana_BF_2026
35.150.2174	3x1.5  mm2                                        118,45		65.94	Ana_BF_2026
35.150.2176	3x2.5  mm2                                        145,64		69.81	Ana_BF_2026
35.150.2178	3x4    mm2                                        190,19		75.25	Ana_BF_2026
35.150.2191	3x6    mm2                                        239,05		79.13	Ana_BF_2026
35.150.2193	3x10   mm2                                        358,71		92.31	Ana_BF_2026
35.150.2195	3x16   mm2                                        481,94		96.19	Ana_BF_2026
35.150.2197	3x25   mm2                                        741,14		109.38	Ana_BF_2026
35.150.2199	3x25+16 mm2                                       857,68		118.69	Ana_BF_2026
35.150.2201	3x35+16 mm2                                       1.091,19		131.88	Ana_BF_2026
35.150.2203	3x50+25 mm2                                       1.478,00		145.06	Ana_BF_2026
35.150.2210	3x70+35 mm2                                       2.034,64		158.25	Ana_BF_2026
35.150.2212	3x95+50 mm2                                       2.778,76		175.31	Ana_BF_2026
35.150.2214	3x120+70 mm2                                      3.579,73		197.81	Ana_BF_2026
35.150.3114	294,18		75.25	Ana_BF_2026
35.150.3120	466,63		83.00	Ana_BF_2026
35.150.3122	832,85		101.63	Ana_BF_2026
35.150.3124	1.274,81		114.81	Ana_BF_2026
35.150.3126	1.977,70		131.88	Ana_BF_2026
35.150.3128	3.147,48		162.13	Ana_BF_2026
35.150.3141	141,85		75.25	Ana_BF_2026
35.150.3143	214,20		88.44	Ana_BF_2026
35.150.3145	405,36		105.50	Ana_BF_2026
35.150.3147	738,94		128.00	Ana_BF_2026
35.150.3149	138,66		75.25	Ana_BF_2026
35.150.3151	211,44		83.00	Ana_BF_2026
35.153.3030	162,73		65.94	Ana_BF_2026
35.160.1108	1.293,71		1036.44	Ana_BF_2026
35.160.1152	1.349,03		1036.44	Ana_BF_2026
35.160.1232	1.868,16		1131.56	Ana_BF_2026
35.160.1234	2.840,73		1783.25	Ana_BF_2026
35.160.1241	882,38		561.31	Ana_BF_2026
35.160.1243	4.565,79		3044.56	Ana_BF_2026
35.160.1500	6.497,79		4500.63	Ana_BF_2026
35.160.1601	4.495,85		3037.00	Ana_BF_2026
35.160.1612	5.833,01		3784.50	Ana_BF_2026
35.160.3100	2.242,41		1663.44	Ana_BF_2026
35.160.3101	3.029,50		2222.94	Ana_BF_2026
35.160.3107	yapılır.		1033.88	Ana_BF_2026
35.160.3323	2.530,74		1508.56	Ana_BF_2026
35.160.6504	163,00		108.25	Ana_BF_2026
35.160.7210	6.193,75		1140.63	Ana_BF_2026
35.160.8004	863,56		401.56	Ana_BF_2026
35.160.8005	2x 25 A. kadar                                                                     863,56		401.56	Ana_BF_2026
35.160.8100	3x 25 A. kadar                                                                   1.105,56		401.56	Ana_BF_2026
35.160.8101	3x100 A. kadar                                                                   1.894,98		634.38	Ana_BF_2026
35.160.8102	3x200 A. kadar                                                                   2.037,98		634.38	Ana_BF_2026
35.160.8202	3x 4+ 4 mm2'ye kadar                                                                771,16		401.56	Ana_BF_2026
35.160.8203	771,16		401.56	Ana_BF_2026
35.160.8204	3x 16+ 10 mm2'ye kadar                                                            1.113,04		401.56	Ana_BF_2026
35.160.8205	1.336,56		401.56	Ana_BF_2026
35.160.8206	3x 35+ 16 mm2'ye kadar                                                            1.910,38		634.38	Ana_BF_2026
35.160.8207	2.163,38		634.38	Ana_BF_2026
35.170.0000	3x 70+ 35 mm2'ye kadar                                                            2.856,38		634.38	Ana_BF_2026
35.170.1100	1.958,54		263.09	Ana_BF_2026
35.170.1101	2.423,06		263.09	Ana_BF_2026
35.170.1102	3x240+120 mm2'ye kadar                                                            3.280,01		263.09	Ana_BF_2026
35.170.1103	2.441,51		263.09	Ana_BF_2026
35.170.1105	3.330,33		263.09	Ana_BF_2026
35.170.1107	3.816,65		263.09	Ana_BF_2026
35.170.1304	Sıva üstü, min. 30x120 ebatlarında LED li steril ortam tavan armatürü (ışık akısı en az		3300	Ana_BF_2026
35.170.1503	1.415,19		263.09	Ana_BF_2026
35.170.1955	4.096,71		263.09	Ana_BF_2026
35.170.2110	1.479,91		194.38	Ana_BF_2026
35.170.2118	6.290,48		240.94	Ana_BF_2026
35.170.2400	412,51		194.38	Ana_BF_2026
35.170.2410	456,15		194.38	Ana_BF_2026
35.170.2500	699,35		263.09	Ana_BF_2026
35.170.2712	1.295,09		263.09	Ana_BF_2026
35.170.2714	E27 duylu glop armatür, en az IP		65	Ana_BF_2026
35.170.2730	206,06		101.25	Ana_BF_2026
35.170.2732	367,31		101.25	Ana_BF_2026
35.170.2734	E27 duylu, -20…+50 ºC çalışma sıcaklık aralığı olan, dahili sürücülü, kullanım ömrü en az		2079.48	Ana_BF_2026
35.170.3000	halde teslimi.		1827.93	Ana_BF_2026
35.170.3140			923.48	Ana_BF_2026
35.170.4002			989.43	Ana_BF_2026
35.170.4004	6.031,79		474.21	Ana_BF_2026
35.170.5320	2.681,84		263.09	Ana_BF_2026
35.170.5335	3.729,96		263.09	Ana_BF_2026
35.170.5345	4.294,34		263.09	Ana_BF_2026
35.170.8100	5.045,28		369.03	Ana_BF_2026
35.170.8105	6.601,71		474.21	Ana_BF_2026
35.170.8115	8.536,71		474.21	Ana_BF_2026
35.170.8200	10.794,21		474.21	Ana_BF_2026
35.172.1106	24.948,41		948.41	Ana_BF_2026
35.172.1110	28.948,41		948.41	Ana_BF_2026
35.172.1206	6.411,71		474.21	Ana_BF_2026
35.172.1210	7.974,21		474.21	Ana_BF_2026
35.172.1214	8.599,21		474.21	Ana_BF_2026
35.172.1318	4.013,09		263.09	Ana_BF_2026
35.172.1332	7.163,09		263.09	Ana_BF_2026
35.172.1336	4.613,09		263.09	Ana_BF_2026
35.172.1340	6.863,09		263.09	Ana_BF_2026
35.172.1344	6.113,09		263.09	Ana_BF_2026
35.172.1415	5.138,09		263.09	Ana_BF_2026
35.172.1500	2.700,59		263.09	Ana_BF_2026
35.172.1600	2.438,09		263.09	Ana_BF_2026
35.172.1602	3.038,09		263.09	Ana_BF_2026
35.172.1606	4.238,09		263.09	Ana_BF_2026
35.172.1712	8.135,91		948.41	Ana_BF_2026
35.172.1716	8.760,91		948.41	Ana_BF_2026
35.172.1720	9.385,91		948.41	Ana_BF_2026
35.172.1724	10.948,41		948.41	Ana_BF_2026
35.172.1804	12.198,41		948.41	Ana_BF_2026
35.172.1808	15.323,41		948.41	Ana_BF_2026
35.172.1812	19.073,41		948.41	Ana_BF_2026
35.180.0000	3.286,71		474.21	Ana_BF_2026
35.180.1101	6 kVA en az 20 dakika akü besleme süreli                                      81.794,86		2793.08	Ana_BF_2026
35.180.1102	10 kVA en az 10 dakika akü besleme süreli                                    101.939,10		4499.85	Ana_BF_2026
35.180.1103	10 kVA en az 20 dakika akü besleme süreli                                    149.411,35		4577.38	Ana_BF_2026
35.180.1104	15 kVA en az 10 dakika akü besleme süreli                                    188.875,88		4533.08	Ana_BF_2026
35.180.1105	15 kVA en az 20 dakika akü besleme süreli                                    265.699,68		4877.93	Ana_BF_2026
35.180.1106	1 kVA en az 5 dakika akü besleme süreli		13551.54	Ana_BF_2026
35.180.1151	2 kVA en az 5 dakika akü besleme süreli                                       23.441,10		836.35	Ana_BF_2026
35.180.1155	3 kVA en az 5 dakika akü besleme süreli                                       26.973,11		836.35	Ana_BF_2026
35.180.1158	Üç faz giriş bir faz çıkışlı Kesintisiz Güç Kaynağı : (Ölçü :Ad.)		836.35	Ana_BF_2026
35.180.1201	10 kVA en az 20 dakika akü besleme süreli                                    168.798,14		5447.38	Ana_BF_2026
35.180.1202	15 kVA en az 10 dakika akü besleme süreli                                    180.803,41		5869.74	Ana_BF_2026
35.180.1203	15 kVA en az 20 dakika akü besleme süreli                                    191.832,80		5792.23	Ana_BF_2026
35.180.1204	20 kVA en az 10 dakika akü besleme süreli                                    252.232,43		6214.59	Ana_BF_2026
35.180.1205	20 kVA en az 20 dakika akü besleme süreli                                    230.784,46		5869.74	Ana_BF_2026
35.180.1206	40 kVA en az 10 dakika akü besleme süreli                                    330.561,76		6636.96	Ana_BF_2026
35.180.1207	40 kVA en az 20 dakika akü besleme süreli                                    391.755,30		9820.74	Ana_BF_2026
35.180.1208	Üç faz giriş üç faz çıkışlı Kesintisiz Güç Kaynağı : (Ölçü :Ad.)             572.541,65		11087.85	Ana_BF_2026
35.180.1301	10 kVA en az 20 dakika akü besleme süreli                                      184.601,68		5447.38	Ana_BF_2026
35.180.1302	15 kVA en az 10 dakika akü besleme süreli                                      196.924,29		5869.74	Ana_BF_2026
35.180.1303	15 kVA en az 20 dakika akü besleme süreli                                      200.654,85		5792.23	Ana_BF_2026
35.180.1304	20 kVA en az 10 dakika akü besleme süreli                                      258.039,75		6214.59	Ana_BF_2026
35.180.1305	20 kVA en az 20 dakika akü besleme süreli                                      230.244,99		5869.74	Ana_BF_2026
35.180.1306	30 kVA en az 10 dakika akü besleme süreli                                      266.983,93		8811.96	Ana_BF_2026
35.180.1307	30 kVA en az 20 dakika akü besleme süreli                                      309.967,46		8723.36	Ana_BF_2026
35.180.1308	40 kVA en az 10 dakika akü besleme süreli                                      346.423,95		9234.34	Ana_BF_2026
35.180.1309	40 kVA en az 20 dakika akü besleme süreli                                      365.892,09		9820.74	Ana_BF_2026
35.180.1310	60 kVA en az 10 dakika akü besleme süreli                                      550.059,33		13262.85	Ana_BF_2026
35.180.1311	60 kVA en az 20 dakika akü besleme süreli                                      584.306,35		12840.48	Ana_BF_2026
35.180.1312	80 kVA en az 10 dakika akü besleme süreli                                      649.039,03		16961.21	Ana_BF_2026
35.180.1313	80 kVA en az 20 dakika akü besleme süreli                                      758.787,28		16116.48	Ana_BF_2026
35.180.1314	100 kVA en az 10 dakika akü besleme süreli                                     894.860,55		18906.95	Ana_BF_2026
35.180.1315	100 kVA en az 20 dakika akü besleme süreli                                     897.120,79		19136.21	Ana_BF_2026
35.180.1316	120 kVA en az 10 dakika akü besleme süreli                                   1.113.586,13		22349.06	Ana_BF_2026
35.180.1317	120 kVA en az 20 dakika akü besleme süreli                                   1.044.094,54		22830.95	Ana_BF_2026
35.180.1318	160 kVA en az 5 dakika akü besleme süreli                                    1.407.392,95		27067.28	Ana_BF_2026
35.180.1319	160 kVA en az 10 dakika akü besleme süreli                                   1.141.400,95		24776.69	Ana_BF_2026
35.180.1320	160 kVA en az 15 dakika akü besleme süreli                                   1.442.051,86		27445.35	Ana_BF_2026
35.180.1321	160 kVA en az 20 dakika akü besleme süreli                                   1.620.385,00		29813.45	Ana_BF_2026
35.180.1322	200 kVA en az 5 dakika akü besleme süreli                                    1.733.346,10		32181.56	Ana_BF_2026
35.180.1323	200 kVA en az 10 dakika akü besleme süreli                                   1.546.362,43		29572.43	Ana_BF_2026
35.180.1324	200 kVA en az 15 dakika akü besleme süreli                                   1.733.827,99		32663.45	Ana_BF_2026
35.180.1325	200 kVA en az 20 dakika akü besleme süreli                                   1.852.491,86		35498.23	Ana_BF_2026
35.180.1326	250 kVA en az 5 dakika akü besleme süreli                                    2.198.289,68		39044.85	Ana_BF_2026
35.180.1327	1.916.434,84		36290.54	Ana_BF_2026
35.185.1701	909,00		207.19	Ana_BF_2026
35.185.1750	394,34		207.19	Ana_BF_2026
35.185.1751	711,15		321.25	Ana_BF_2026
35.185.2115	5.375,35		321.25	Ana_BF_2026
35.185.2125	5.746,98		321.25	Ana_BF_2026
35.185.5400			382.29	Ana_BF_2026
35.185.5409			1346.88	Ana_BF_2026
35.185.5421	337,50		41.44	Ana_BF_2026
35.185.5427	TS EN IEC 60309-1/2 standartlarına uygun, en az IP66 koruma sınıfında kombinasyon		404.16	Ana_BF_2026
35.185.5430	kutusuna monte edilebilecek prizin fiyat farkı		431.25	Ana_BF_2026
35.185.5433	2P+E, 16-25 A, 220 V		437.50	Ana_BF_2026
35.185.5436			471.88	Ana_BF_2026
35.190.0000	3P+E, 16-25 A, 380 V		1230.20	Ana_BF_2026
35.190.1100			510.41	Ana_BF_2026
35.190.1102	2P+E, 32 A, 220-380 V		256.56	Ana_BF_2026
35.190.1201	263,99		41.44	Ana_BF_2026
35.190.1305	230,56		80.31	Ana_BF_2026
35.195.1115	298,51		160.63	Ana_BF_2026
35.195.1117	373,95		160.63	Ana_BF_2026
35.195.1202	0,25 kw.a kadar                                                                   3.755,33		814.20	Ana_BF_2026
35.195.1203	0,37 kw.a kadar                                                                   3.948,40		825.28	Ana_BF_2026
35.195.1204	0,55 kw.a kadar                                                                   4.276,00		825.28	Ana_BF_2026
35.195.1205	0,75 kw.a kadar                                                                   4.951,38		836.35	Ana_BF_2026
35.195.1206	1,1 kw.a kadar                                                                   5.570,18		836.35	Ana_BF_2026
35.195.1207	1,5 kw.a kadar                                                                   6.269,20		847.43	Ana_BF_2026
35.195.1208	2,2 kw.a kadar                                                                   8.012,05		1207.08	Ana_BF_2026
35.195.1209	3 kw.a kadar                                                                   9.346,28		1218.15	Ana_BF_2026
35.195.1210	4 kw.a kadar                                                                 11.632,35		1229.23	Ana_BF_2026
35.195.1211	5,5 kw.a kadar                                                                 15.269,74		1379.50	Ana_BF_2026
35.195.1212	7,5 kw.a kadar                                                                 18.643,46		1750.23	Ana_BF_2026
35.195.1213	11 kw.a kadar                                                                 25.761,95		1783.45	Ana_BF_2026
35.195.1214	15 kw.a kadar                                                                 30.956,85		1827.75	Ana_BF_2026
35.195.1215	18,5 kw.a kadar                                                                 35.556,76		1883.13	Ana_BF_2026
35.195.1216	22 kw.a kadar                                                                 42.954,44		2532.24	Ana_BF_2026
35.195.1217	30 kw.a kadar                                                                 58.080,19		2642.99	Ana_BF_2026
35.195.1218	37 kw.a kadar                                                                 71.549,74		2753.74	Ana_BF_2026
35.195.1219	45 kw.a kadar                                                                 79.977,89		2864.49	Ana_BF_2026
35.195.1220	55 kw.a kadar                                                                 90.026,61		3030.61	Ana_BF_2026
35.195.1221	75 kw.a kadar                                                                120.633,03		3534.23	Ana_BF_2026
35.195.1222	100 kw.a kadar                                                                187.266,33		3755.73	Ana_BF_2026
35.195.1303	6.116,18		836.35	Ana_BF_2026
35.195.1304	0,18 kw.a kadar                                                                  7.128,25		847.43	Ana_BF_2026
35.195.1305	0,25 kw.a kadar                                                                  8.973,88		858.50	Ana_BF_2026
35.195.1306	0,37 kw.a kadar                                                                11.761,25		1207.08	Ana_BF_2026
35.195.1307	0,55 kw.a kadar                                                                14.944,75		1229.23	Ana_BF_2026
35.195.1308	0,75 kw.a kadar                                                                16.375,43		1240.30	Ana_BF_2026
35.195.1309	1,1 kw.a kadar                                                                18.621,31		1728.08	Ana_BF_2026
35.195.1310	1,5 kw.a kadar                                                                25.581,61		1772.38	Ana_BF_2026
35.195.1311	2,2 kw.a kadar                                                                30.501,85		1827.75	Ana_BF_2026
35.195.1312	42.441,83		1883.13	Ana_BF_2026
35.195.1313	3 kw.a kadar                                                                53.150,08		2532.24	Ana_BF_2026
35.195.1314	4 kw.a kadar                                                                63.357,41		2587.61	Ana_BF_2026
35.195.1315	5,5 kw.a kadar                                                                79.885,34		2753.74	Ana_BF_2026
35.195.1316	7,5 kw.a kadar                                                                98.697,39		3201.99	Ana_BF_2026
35.195.1317	11 kw.a kadar                                                                126.690,54		3312.74	Ana_BF_2026
35.195.1318	15 kw.a kadar                                                                153.756,25		3478.85	Ana_BF_2026
35.200.1113	En az 335 Wp çıkış gücüne sahip fotovoltaik panel.                           4.227,03		434.79	Ana_BF_2026
35.200.1200	En az 320 Wp çıkış gücüne sahip fotovoltaik panel.                           4.328,23		434.79	Ana_BF_2026
35.200.1202	En az 330 Wp çıkış gücüne sahip fotovoltaik panel.                           4.411,03		434.79	Ana_BF_2026
35.200.1204	En az 340 Wp çıkış gücüne sahip fotovoltaik panel.                           3.726,55		434.79	Ana_BF_2026
35.200.1205	En az 345 Wp çıkış gücüne sahip fotovoltaik panel.                           3.818,55		434.79	Ana_BF_2026
35.200.1206	En az 350 Wp çıkış gücüne sahip fotovoltaik panel.                           3.836,95		434.79	Ana_BF_2026
35.200.1207	En az 355 Wp çıkış gücüne sahip fotovoltaik panel.                           3.892,15		434.79	Ana_BF_2026
35.200.1208	En az 360 Wp çıkış gücüne sahip fotovoltaik panel.                           3.956,55		434.79	Ana_BF_2026
35.200.1209	En az 365 Wp çıkış gücüne sahip fotovoltaik panel.                           4.020,95		434.79	Ana_BF_2026
35.200.1210	En az 370 Wp çıkış gücüne sahip fotovoltaik panel.                           4.112,95		434.79	Ana_BF_2026
35.200.1211	En az 375 Wp çıkış gücüne sahip fotovoltaik panel.                           4.168,15		434.79	Ana_BF_2026
35.200.1212	En az 380 Wp çıkış gücüne sahip fotovoltaik panel.                           4.232,55		434.79	Ana_BF_2026
35.200.1213	En az 385 Wp çıkış gücüne sahip fotovoltaik panel.                           4.306,15		434.79	Ana_BF_2026
35.200.1214	En az 390Wp çıkış gücüne sahip fotovoltaik panel.                            4.379,75		434.79	Ana_BF_2026
35.200.1215	En az 395 Wp çıkış gücüne sahip fotovoltaik panel.                           4.471,75		434.79	Ana_BF_2026
35.200.1216	En az 400 Wp çıkış gücüne sahip fotovoltaik panel.                           4.517,75		434.79	Ana_BF_2026
35.200.1217	En az 410 Wp çıkış gücüne sahip fotovoltaik panel.                           4.646,55		434.79	Ana_BF_2026
35.200.1219	En az 420 Wp çıkış gücüne sahip fotovoltaik panel.                           4.710,95		434.79	Ana_BF_2026
35.200.1221	En az 430 Wp çıkış gücüne sahip fotovoltaik panel.                           4.793,75		434.79	Ana_BF_2026
35.200.1223	En az 440 Wp çıkış gücüne sahip fotovoltaik panel.                           4.971,65		502.29	Ana_BF_2026
35.200.1225	En az 450 Wp çıkış gücüne sahip fotovoltaik panel.                           5.146,45		502.29	Ana_BF_2026
35.200.1227	En az 460 Wp çıkış gücüne sahip fotovoltaik panel.                           5.330,45		502.29	Ana_BF_2026
35.200.1229	En az 108 Hücreli Fotovoltaik Paneller:                                      5.523,65		502.29	Ana_BF_2026
35.200.1400	En az 440 Wp çıkış gücüne sahip fotovoltaik panel.                           5.707,65		502.29	Ana_BF_2026
35.200.1420	En az 450 Wp çıkış gücüne sahip fotovoltaik panel.                           5.919,25		502.29	Ana_BF_2026
35.200.1422	En az 460 Wp çıkış gücüne sahip fotovoltaik panel.                           6.121,65		502.29	Ana_BF_2026
35.200.1426	En az 480 Wp çıkış gücüne sahip fotovoltaik panel.                           5.496,05		502.29	Ana_BF_2026
35.200.1428	En az 490 Wp çıkış gücüne sahip fotovoltaik panel.                           5.615,65		502.29	Ana_BF_2026
35.200.1430	En az 500 Wp çıkış gücüne sahip fotovoltaik panel.                           5.873,25		502.29	Ana_BF_2026
35.200.1432	En az 510 Wp çıkış gücüne sahip fotovoltaik panel.                           5.992,85		502.29	Ana_BF_2026
35.200.1434	En az 520 Wp çıkış gücüne sahip fotovoltaik panel.                           6.112,45		502.29	Ana_BF_2026
35.200.1436	En az 530 Wp çıkış gücüne sahip fotovoltaik panel.                           6.241,25		502.29	Ana_BF_2026
35.200.1438	En az 540 Wp çıkış gücüne sahip fotovoltaik panel.                           6.360,90		603.54	Ana_BF_2026
35.200.1440	En az 550 Wp çıkış gücüne sahip fotovoltaik panel.                           6.471,30		603.54	Ana_BF_2026
35.200.1442	En az 560 Wp çıkış gücüne sahip fotovoltaik panel.                           6.590,90		603.54	Ana_BF_2026
35.200.1444	En az 570 Wp çıkış gücüne sahip fotovoltaik panel.                           6.710,50		603.54	Ana_BF_2026
35.200.1446	En az 580 Wp çıkış gücüne sahip fotovoltaik panel.                           6.747,30		603.54	Ana_BF_2026
35.200.1448	En az 590 Wp çıkış gücüne sahip fotovoltaik panel.                           7.004,90		603.54	Ana_BF_2026
35.200.1450	En az 600 Wp çıkış gücüne sahip fotovoltaik panel.                           7.124,50		603.54	Ana_BF_2026
35.200.1452	En az 620 Wp çıkış gücüne sahip fotovoltaik panel.                           7.262,50		603.54	Ana_BF_2026
35.200.1456	7.391,30		603.54	Ana_BF_2026
35.200.4200	4.052,23		434.79	Ana_BF_2026
35.200.7013	1.209,55		105.50	Ana_BF_2026
35.200.7015	1.529,55		114.81	Ana_BF_2026
35.210.1000	1.905,70		122.56	Ana_BF_2026
35.210.1010	2.245,10		135.75	Ana_BF_2026
35.300.1606	12.284,40		1325.49	Ana_BF_2026
35.300.1800	9.579,93		1100.49	Ana_BF_2026
35.300.1805	10.134,01		1275.61	Ana_BF_2026
35.300.1807	12.108,74		1275.61	Ana_BF_2026
35.300.1809	13.210,24		1508.24	Ana_BF_2026
35.300.1811	16.281,41		1898.36	Ana_BF_2026
35.300.1813	18.760,60		2193.36	Ana_BF_2026
35.300.1815	24.293,38		2759.73	Ana_BF_2026
35.300.1900	24.980,53		2618.73	Ana_BF_2026
35.300.1905	28.291,13		3091.98	Ana_BF_2026
35.300.1907	32.892,98		3767.10	Ana_BF_2026
35.300.1909	42.616,88		4736.09	Ana_BF_2026
35.300.1911	50.391,88		5543.09	Ana_BF_2026
35.300.1913	63.389,35		6404.46	Ana_BF_2026
35.300.1915	82.400,21		8267.09	Ana_BF_2026
35.300.1917	96.692,74		9664.08	Ana_BF_2026
35.300.1919	121.253,03		10137.33	Ana_BF_2026
35.300.1950	162.008,58		14155.58	Ana_BF_2026
35.300.2100	36.245,98		3775.10	Ana_BF_2026
35.300.2410	3.017,79		351.38	Ana_BF_2026
35.300.2606	11.666,36		943.38	Ana_BF_2026
35.300.2608	13.351,29		1305.88	Ana_BF_2026
35.300.3100	17.193,68		1525.36	Ana_BF_2026
35.300.3105	20.284,03		1729.24	Ana_BF_2026
35.300.3107	25.457,99		1878.74	Ana_BF_2026
35.300.3109	35.674,65		2191.36	Ana_BF_2026
35.300.3607	Busbar sistemine, cıvatalı (bolt-on) bağlantı yöntemi ile monte edilen, EN		61439	Ana_BF_2026
35.300.4654	Cu / 1250 A / 5 W Busbar                                                        27.633,64		3313.46	Ana_BF_2026
35.300.4656	Cu / 2000 A / 5 W Busbar                                                        31.079,80		3959.84	Ana_BF_2026
35.300.4658	Cu / 3200 A / 5 W Busbar                                                        34.800,09		4619.34	Ana_BF_2026
35.300.4660	Cu / 5000 A / 5 W Busbar                                                        51.983,00		5857.71	Ana_BF_2026
35.300.4662	YATAY / DİKEY ASKI ELEMANLARI (Ölçü: Ad):                                       98.581,31		6757.83	Ana_BF_2026
35.300.6105	160 - 315A 4W/5W Yatay Tespit                                                   104.741,15		7970.58	Ana_BF_2026
35.300.6111	DİKEY ASKI SET. 160A-315A (her katta en az 1 set)                               126.236,35		10211.33	Ana_BF_2026
35.300.6117	Sarf Dübel M12 - Konsol/Tavan/Duvar Sabitleme                                   195.557,43		12052.81	Ana_BF_2026
35.300.6123	Sarf Tij M10 - Konsol/Tavan/Duvar Sabitleme 1 metre adet fiyatı                 212.359,91		12590.44	Ana_BF_2026
35.300.6129	263.850,61		17599.94	Ana_BF_2026
35.400.1001	25.710,18		2565.63	Ana_BF_2026
35.400.1007	250.055,13		3653.13	Ana_BF_2026
35.400.1008			17305.60	Ana_BF_2026
35.400.2002	edilebilen) ile çalışabilen, cepte taşınabilecek kadar küçük olan, kapsama alanı dışına		363.13	Ana_BF_2026
35.405.2240	91.868,35		1346.88	Ana_BF_2026
35.405.2260	64.267,60		1346.88	Ana_BF_2026
35.405.2270	74.610,40		1346.88	Ana_BF_2026
35.405.2280	109.958,45		1346.88	Ana_BF_2026
35.410.1115	Not: Tanımda belirtilen modül özellikleri BFT'de yer alan ilgili poz tanımlarına uygun		11893.56	Ana_BF_2026
35.410.1117	1 çevrimli adresli yangın alarm santrali, en az 120 adres kapasiteli.		10705.49	Ana_BF_2026
35.410.1118			401.56	Ana_BF_2026
35.410.1502	26.551,76		1489.06	Ana_BF_2026
35.410.2013	160.446,60		11912.50	Ana_BF_2026
35.410.3110	93.013,85		10981.25	Ana_BF_2026
35.410.5004	engellenerek programın işletim sistemiyle açılıp bir daha kapatılmaması sağlanan, en az		10	Ana_BF_2026
35.410.6003	9.950,06		401.56	Ana_BF_2026
35.410.7060	10.308,34		401.56	Ana_BF_2026
35.415.2003	şartnamesinde yazılı özellikte yangın ihbar santrali temini, yerine montajı, her nevi ufak		1415.56	Ana_BF_2026
35.415.2004	malzeme ve işçilik dahil, çalışır halde teslimi.		401.56	Ana_BF_2026
35.417.0000	1.110.818,55		13493.75	Ana_BF_2026
35.417.1002	1.303.863,55		14918.75	Ana_BF_2026
35.417.1004	1.662.971,55		15668.75	Ana_BF_2026
35.417.1012	2.000.885,55		14243.75	Ana_BF_2026
35.417.1014	2.219.757,05		16756.25	Ana_BF_2026
35.417.1016	2.437.168,55		17093.75	Ana_BF_2026
35.417.1018	2.329.586,05		15331.25	Ana_BF_2026
35.420.1150	6.146,13		803.13	Ana_BF_2026
35.430.0000	152.637,80		12587.50	Ana_BF_2026
35.430.1000	249.725,55		22893.75	Ana_BF_2026
35.430.1200	44.725,23		1478.13	Ana_BF_2026
35.430.1201	49.575,53		1478.13	Ana_BF_2026
35.430.1203	61.387,63		2153.13	Ana_BF_2026
35.430.1205	127.042,44		2153.13	Ana_BF_2026
35.430.1207	154.795,61		2153.13	Ana_BF_2026
35.440.2102	2.093,65		401.56	Ana_BF_2026
35.440.2202	Elektrikli ve Elektronik Eşyaların Kontrolü Yönetmeliği'ne, Binaların Yangından Korunması		6321.00	Ana_BF_2026
35.445.1100	Ekipman ile ilgili Yönetmeliğe uygun olarak üretilmiş ve TS ISO 3864-1 /2, TS ISO 7010, TS		21116.43	Ana_BF_2026
35.445.1610	48 Port Yönetilebilir PoE Ağ Anahtarı, en az 48 adet 10/100/1000 Ethernet PoE portu, en az		4	Ana_BF_2026
35.445.1800	30.821,09		1271.56	Ana_BF_2026
35.445.1840	20.458,13		458.13	Ana_BF_2026
35.446.3120	48 Port Yönetilebilir Ağ Anahtarı, en az 48 adet 10/100/1000 Mbps Ethernet portu, en az		4	Ana_BF_2026
35.446.6100	4.460,63		460.63	Ana_BF_2026
35.446.7106	4.259,44		852.19	Ana_BF_2026
35.460.1110	34.746,93		5153.13	Ana_BF_2026
35.460.1200	42.857,18		7328.13	Ana_BF_2026
35.460.1210	15.374,94		5153.13	Ana_BF_2026
35.470.1002	32.505,43		3368.75	Ana_BF_2026
35.470.1004	47.360,40		3368.75	Ana_BF_2026
35.470.1006	61.878,15		3368.75	Ana_BF_2026
35.470.1008	77.609,94		3368.75	Ana_BF_2026
35.470.3002	11.829,41		2514.38	Ana_BF_2026
35.470.3004	16.128,23		2980.00	Ana_BF_2026
35.470.3006	22.742,83		3631.88	Ana_BF_2026
35.470.3008	31.856,46		5587.50	Ana_BF_2026
35.481.2206	186.157,81		4751.56	Ana_BF_2026
35.491.0000	3.652,49		945.31	Ana_BF_2026
35.491.2310	139,38		32.13	Ana_BF_2026
35.500.1000	198,63		75.25	Ana_BF_2026
35.500.1003	Ölçü: Sorti hattı uzunluğu 10 m.'yi geçmedikçe ayrıca bir bedel ödenmez. Sorti hattının		10	Ana_BF_2026
35.500.2117	14X0.25 mm2                                  60,00		43.44	Ana_BF_2026
35.500.2119	18X0.25 mm2                                  113,81		56.63	Ana_BF_2026
35.500.2121	25X0.25 mm2                                  127,38		62.06	Ana_BF_2026
35.500.2123	4X0.25 mm2                                   133,00		62.06	Ana_BF_2026
35.500.2125	6X0.25 mm2                                   138,48		62.06	Ana_BF_2026
35.500.2127	8X0.25 mm2                                   158,79		62.06	Ana_BF_2026
35.500.2129	12X0.25 mm2                                  62,81		43.44	Ana_BF_2026
35.500.2131	14X0.34 mm2                                  70,90		48.88	Ana_BF_2026
35.500.2133	18X0.34 mm2                                  76,21		48.88	Ana_BF_2026
35.500.2135	25X0.34 mm2                                  83,23		52.75	Ana_BF_2026
35.500.2137	4X0.34 mm2                                   85,25		52.75	Ana_BF_2026
35.500.2139	6X0.34 mm2                                   90,73		52.75	Ana_BF_2026
35.500.2141	8X0.34 mm2                                   99,31		52.75	Ana_BF_2026
35.500.2143	12X0.34 mm2                                  108,50		56.63	Ana_BF_2026
35.500.2145	3X0.50 mm2                                   70,59		48.88	Ana_BF_2026
35.500.2147	5X0.50 mm2                                   140,50		62.06	Ana_BF_2026
35.500.2149	7X0.50 mm2                                   155,31		65.94	Ana_BF_2026
35.500.2151	9X0.50 mm2                                   167,03		65.94	Ana_BF_2026
35.500.2153	12X0.50 mm2                                  174,84		65.94	Ana_BF_2026
35.500.2155	16X0.50 mm2                                  199,84		65.94	Ana_BF_2026
35.500.2157	20X0.50 mm2                                  74,50		48.88	Ana_BF_2026
35.500.2159	2X0.75 mm2                                   77,94		48.88	Ana_BF_2026
35.500.2161	4X0.75 mm2                                   88,06		52.75	Ana_BF_2026
35.500.2164	7X0.75 mm2                                   123,94		62.06	Ana_BF_2026
35.500.2166	9X0.75 mm2                                   130,35		62.06	Ana_BF_2026
35.500.2168	12X0.75 mm2                                  137,38		62.06	Ana_BF_2026
35.500.2170	16X0.75 mm2                                  150,63		65.94	Ana_BF_2026
35.500.2172	20X0.75 mm2                                  161,54		69.81	Ana_BF_2026
35.500.2174	2X1.0 mm2                                    177,16		69.81	Ana_BF_2026
35.500.2176	4X1.0 mm2                                    197,44		75.25	Ana_BF_2026
35.500.2178	6X1.0 mm2                                    215,40		75.25	Ana_BF_2026
35.500.2180	8X1.0 mm2                                    233,35		79.13	Ana_BF_2026
35.500.2182	10X1.0 mm2                                   252,10		79.13	Ana_BF_2026
35.500.2184	14X1.0 mm2                                   294,29		79.13	Ana_BF_2026
35.500.2186	18X1.0 mm2                                   87,13		52.75	Ana_BF_2026
35.500.2188	25X1.0 mm2                                   98,23		52.75	Ana_BF_2026
35.500.2190	3X1.5 mm2                                    111,00		56.63	Ana_BF_2026
35.500.2192	5X1.5 mm2                                    128,16		62.06	Ana_BF_2026
35.500.2194	7X1.5 mm2                                    144,53		65.94	Ana_BF_2026
35.500.2196	9X1.5 mm2                                    153,90		65.94	Ana_BF_2026
35.500.2198	12X1.5 mm2                                   161,71		65.94	Ana_BF_2026
35.500.2200	16X1.5 mm2                                   178,10		69.81	Ana_BF_2026
35.500.2202	20X1.5 mm2                                   191,34		75.25	Ana_BF_2026
35.500.2204	2X2.5 mm2                                    215,56		75.25	Ana_BF_2026
35.500.2206	4X2.5 mm2                                    235,06		79.13	Ana_BF_2026
35.500.2208	6X2.5 mm2                                    260,06		79.13	Ana_BF_2026
35.500.2211	7X2.5 mm2                                                    244,44		79.13	Ana_BF_2026
35.500.2213	9X2.5 mm2                                                    267,88		79.13	Ana_BF_2026
35.500.2215	12X2.5 mm2                                                   293,63		83.00	Ana_BF_2026
35.500.2217	16X2.5 mm2                                                   326,38		92.31	Ana_BF_2026
35.500.2402	LIY(St)CY-TP sinyal kablosu                                  420,13		92.31	Ana_BF_2026
35.500.2404	3x2x0.22 mm2                                                 476,31		101.63	Ana_BF_2026
35.500.2406	5x2x0.22 mm2                                                 519,25		105.50	Ana_BF_2026
35.500.2408	7x2x0.22 mm2                                                 564,56		105.50	Ana_BF_2026
35.500.2410	10x2x0.22 mm2                                                673,94		105.50	Ana_BF_2026
35.500.2412	15x2x0.22 mm2                                                 71,00		52.75	Ana_BF_2026
35.500.2413	18x2x0.22 mm2                                                 77,88		52.75	Ana_BF_2026
35.500.2414	20x2x0.22 mm2                                                 84,25		52.75	Ana_BF_2026
35.500.2415	25x2x0.22 mm2                                                 92,00		56.63	Ana_BF_2026
35.500.2416	2x2x0.34 mm2                                                 104,81		62.06	Ana_BF_2026
35.500.2417	3x2x0.34 mm2                                                 112,56		65.94	Ana_BF_2026
35.500.2418	4x2x0.34 mm2                                                 119,44		65.94	Ana_BF_2026
35.500.2419	5x2x0.34 mm2                                                 134,69		69.81	Ana_BF_2026
35.500.2420	6x2x0.34 mm2                                                 144,69		69.81	Ana_BF_2026
35.500.2421	7x2x0.34 mm2                                                 180,75		75.25	Ana_BF_2026
35.500.2422	8x2x0.34 mm2                                                 215,88		79.13	Ana_BF_2026
35.500.2423	10x2x0.34 mm2                                                241,00		83.00	Ana_BF_2026
35.500.2424	12x2x0.34 mm2                                                256,00		83.00	Ana_BF_2026
35.500.2425	15x2x0.34 mm2                                                 79,75		52.75	Ana_BF_2026
35.500.2426	2x2x0.50 mm2                                                  93,25		56.63	Ana_BF_2026
35.500.2427	3x2x0.50 mm2                                                 102,63		56.63	Ana_BF_2026
35.500.2428	4x2x0.50 mm2                                                 121,31		65.94	Ana_BF_2026
35.500.2429	5x2x0.50 mm2                                                 128,81		65.94	Ana_BF_2026
35.500.2430	6x2x0.50 mm2                                                 138,81		65.94	Ana_BF_2026
35.500.2431	7x2x0.50 mm2                                                 150,19		69.81	Ana_BF_2026
35.500.2432	8x2x0.50 mm2                                                 173,25		75.25	Ana_BF_2026
35.500.2433	9x2x0.50 mm2                                                 194,50		75.25	Ana_BF_2026
35.500.2434	10x2x0.50 mm2                                                237,13		79.13	Ana_BF_2026
35.500.2435	12x2x0.50 mm2                                                 93,44		62.06	Ana_BF_2026
35.500.2436	2x2x0.75 mm2                                                 108,06		65.94	Ana_BF_2026
35.500.2439	7x2x0.75 mm2                                   172,63		79.13	Ana_BF_2026
35.500.2441	10x2x0.75 mm2                                  187,13		83.00	Ana_BF_2026
35.500.2443	14x2x0.75 mm2                                  203,38		83.00	Ana_BF_2026
35.500.2445	18x2x0.75 mm2                                  236,56		92.31	Ana_BF_2026
35.500.2447	25x2x0.75 mm2                                  270,31		92.31	Ana_BF_2026
35.500.2449	3x2x1.00 mm2                                   280,44		96.19	Ana_BF_2026
35.500.2451	5x2x1.00 mm2                                   303,50		105.50	Ana_BF_2026
35.500.2453	7x2x1.00 mm2                                   336,00		105.50	Ana_BF_2026
35.500.2455	10x2x1.00 mm2                                  380,31		114.81	Ana_BF_2026
35.500.2457	14x2x1.00 mm2                                  464,06		114.81	Ana_BF_2026
35.500.2459	18x2x1.00 mm2                                  111,31		65.94	Ana_BF_2026
35.500.2461	25x2x1.00 mm2                                  135,19		69.81	Ana_BF_2026
35.500.2463	3x2x1.50 mm2                                   155,63		75.25	Ana_BF_2026
35.500.2465	5x2x1.50 mm2                                   176,38		79.13	Ana_BF_2026
35.500.2467	7x2x1.50 mm2                                   199,63		83.00	Ana_BF_2026
35.500.2469	10x2x1.50 mm2                                  218,81		88.44	Ana_BF_2026
35.500.2471	14x2x1.50 mm2                                  240,19		92.31	Ana_BF_2026
35.500.2473	18x2x1.50 mm2                                  264,19		96.19	Ana_BF_2026
35.500.2475	25x2x1.50 mm2                                  323,38		101.63	Ana_BF_2026
35.500.2477	3x2x2.50 mm2                                   347,25		105.50	Ana_BF_2026
35.500.2479	5x2x2.50 mm2                                   368,63		109.38	Ana_BF_2026
35.500.2481	7x2x2.50 mm2                                   407,81		114.81	Ana_BF_2026
35.500.2483	10x2x2.50 mm2                                  487,94		118.69	Ana_BF_2026
35.505.1025	118,08		65.94	Ana_BF_2026
35.505.1027	114,48		39.56	Ana_BF_2026
35.505.1029	114,48		39.56	Ana_BF_2026
35.505.1031	64,40		48.88	Ana_BF_2026
35.505.1033	69,96		48.88	Ana_BF_2026
35.505.2100	tavasından geçiriliyor ise kanal bedelinin ilgili pozdan ödenmesi)		180.00	Ana_BF_2026
35.505.6140	542,35		274.69	Ana_BF_2026
35.505.6180	542,35		274.69	Ana_BF_2026
35.505.7101	6.154,61		1489.06	Ana_BF_2026
35.505.7200	5.837,14		1489.06	Ana_BF_2026
35.510.1202	222,99		88.44	Ana_BF_2026
35.510.1703	5.899,09		1879.69	Ana_BF_2026
35.510.1800	3.015,93		1140.63	Ana_BF_2026
35.510.1801	5.222,66		1815.63	Ana_BF_2026
35.510.1803	8.416,39		2217.19	Ana_BF_2026
35.510.1805	282,34		1361.69	Ana_BF_2026
35.510.1806	200 Çifte kadar		1295.81	Ana_BF_2026
35.510.1900			1793.44	Ana_BF_2026
35.510.1901	1.252,31		939.31	Ana_BF_2026
35.510.2200	1.846,91		1352.38	Ana_BF_2026
35.510.4105	Ölçü: Sorti hattı uzunluğu 20 m.yi geçmedikçe ayrıca bir bedel ödenmez. Sorti hattının		20	Ana_BF_2026
35.510.4140	Ölçü: Sorti hattı uzunluğu 20 m.yi geçmedikçe ayrıca bir bedel ödenmez. Sorti hattının		20	Ana_BF_2026
35.515.1017	192,23		79.13	Ana_BF_2026
35.515.1019	147,98		65.94	Ana_BF_2026
35.515.1025	277,16		92.31	Ana_BF_2026
35.515.2000	76,96		52.75	Ana_BF_2026
35.515.2044	89,48		52.75	Ana_BF_2026
35.515.2046	102,16		52.75	Ana_BF_2026
35.515.2048	124,10		62.06	Ana_BF_2026
35.515.2050	145,38		65.94	Ana_BF_2026
35.515.2057	20X0.50 mm2                                  186,38		69.81	Ana_BF_2026
35.515.2059	2X0.75 mm2                                   199,80		69.81	Ana_BF_2026
35.515.2061	4X0.75 mm2                                   239,99		75.25	Ana_BF_2026
35.515.2063	6X0.75 mm2                                   79,58		52.75	Ana_BF_2026
35.515.2065	8X0.75 mm2                                   88,34		52.75	Ana_BF_2026
35.515.2067	10X0.75 mm2                                  97,20		52.75	Ana_BF_2026
35.515.2069	14X0.75 mm2                                  107,71		52.75	Ana_BF_2026
35.515.2071	18X0.75 mm2                                  121,38		56.63	Ana_BF_2026
35.515.2073	25X0.75 mm2                                  128,21		56.63	Ana_BF_2026
35.515.2075	3X1.0 mm2                                    146,56		65.94	Ana_BF_2026
35.515.2077	5X1.0 mm2                                    156,65		65.94	Ana_BF_2026
35.515.2079	7X1.0 mm2                                    167,78		65.94	Ana_BF_2026
35.515.2081	9X1.0 mm2                                    184,96		65.94	Ana_BF_2026
35.515.2083	12X1.0 mm2                                   211,11		69.81	Ana_BF_2026
35.515.2085	16X1.0 mm2                                   236,16		75.25	Ana_BF_2026
35.515.2087	20X1.0 mm2                                   259,64		79.13	Ana_BF_2026
35.515.2089	2X1.5 mm2                                    279,24		79.13	Ana_BF_2026
35.515.2091	4X1.5 mm2                                    329,14		79.13	Ana_BF_2026
35.515.2093	6X1.5 mm2                                    85,90		52.75	Ana_BF_2026
35.515.2095	8X1.5 mm2                                    97,05		52.75	Ana_BF_2026
35.515.2097	10X1.5 mm2                                   109,49		52.75	Ana_BF_2026
35.515.2099	14X1.5 mm2                                   125,91		56.63	Ana_BF_2026
35.515.2101	18X1.5 mm2                                   143,56		62.06	Ana_BF_2026
35.515.3011	18x2x0.22 mm2                                  198,94		75.25	Ana_BF_2026
35.515.3013	25x2x0.22 mm2                                  236,56		79.13	Ana_BF_2026
35.515.3025	3x2x0.50 mm2                                   260,19		79.13	Ana_BF_2026
35.515.3027	5x2x0.50 mm2                                   315,06		88.44	Ana_BF_2026
35.515.3029	7x2x0.50 mm2                                   91,04		56.63	Ana_BF_2026
35.515.3031	9x2x0.50 mm2                                   112,51		62.06	Ana_BF_2026
35.515.3033	12x2x0.50 mm2                                  130,56		65.94	Ana_BF_2026
35.515.3035	3x2x0.75 mm2                                   148,79		69.81	Ana_BF_2026
35.515.3037	5x2x0.75 mm2                                   169,40		75.25	Ana_BF_2026
35.515.3039	7x2x0.75 mm2                                   188,48		79.13	Ana_BF_2026
35.515.3041	10x2x0.75 mm2                                  202,14		79.13	Ana_BF_2026
35.515.3043	14x2x0.75 mm2                                  219,86		79.13	Ana_BF_2026
35.515.3045	18x2x0.75 mm2                                  238,91		83.00	Ana_BF_2026
35.515.3047	25x2x0.75 mm2                                  283,18		88.44	Ana_BF_2026
35.515.3049	3x2x1.00 mm2                                   104,60		62.06	Ana_BF_2026
35.515.3051	5x2x1.00 mm2                                   128,03		65.94	Ana_BF_2026
35.515.3053	7x2x1.00 mm2                                   150,48		69.81	Ana_BF_2026
35.515.3055	10x2x1.00 mm2                                  175,31		75.25	Ana_BF_2026
35.515.3057	14x2x1.00 mm2                                  196,06		79.13	Ana_BF_2026
35.515.3059	18x2x1.00 mm2                                  218,00		79.13	Ana_BF_2026
35.515.3061	25x2x1.00 mm2                                  240,44		83.00	Ana_BF_2026
35.515.3063	3x2x1.50 mm2                                   295,48		92.31	Ana_BF_2026
35.515.3065	5x2x1.50 mm2                                   346,10		92.31	Ana_BF_2026
35.515.5130	67,88		48.88	Ana_BF_2026
35.515.5140	78,80		52.75	Ana_BF_2026
35.515.5150	98,00		56.63	Ana_BF_2026
35.515.5160	147,13		65.94	Ana_BF_2026
35.515.5221	277,94		79.13	Ana_BF_2026
35.515.5223	477,66		105.50	Ana_BF_2026
35.515.5230	675,56		131.88	Ana_BF_2026
35.515.5240	869,44		154.38	Ana_BF_2026
35.515.5250	49,46		39.56	Ana_BF_2026
35.515.8014	79,15		52.75	Ana_BF_2026
35.515.8020	85,85		56.63	Ana_BF_2026
35.515.8022	115,75		69.81	Ana_BF_2026
35.515.8024	143,93		69.81	Ana_BF_2026
35.515.8031	138,44		69.81	Ana_BF_2026
35.520.5000	205,78		69.81	Ana_BF_2026
35.520.6016	229,59		79.13	Ana_BF_2026
35.520.6018	132,84		65.94	Ana_BF_2026
35.520.6020	172,58		69.81	Ana_BF_2026
35.520.6022	219,78		79.13	Ana_BF_2026
35.520.6024	286,56		92.31	Ana_BF_2026
35.530.1110	88,14		52.75	Ana_BF_2026
35.545.6008	36 Fiber Kapasiteli ST / MM                                    6.179,36		1751.56	Ana_BF_2026
35.545.6010	4 Fiber Kapasiteli SC / MM                                     7.632,26		2089.06	Ana_BF_2026
35.545.6012	8 Fiber Kapasiteli SC / MM                                     2.648,76		739.06	Ana_BF_2026
35.545.6014	24 Fiber Kapasiteli SC / MM                                    2.863,09		941.56	Ana_BF_2026
35.545.6016	48 Fiber Kapasiteli SC / MM                                    3.067,59		941.56	Ana_BF_2026
35.545.6018	6 Fiber Kapasiteli FC / MM                                     3.464,54		1076.56	Ana_BF_2026
35.545.6020	12 Fiber Kapasiteli FC / MM                                    5.025,59		1414.06	Ana_BF_2026
35.545.6022	36 Fiber Kapasiteli FC / MM                                    6.407,51		1751.56	Ana_BF_2026
35.545.6024	4 Fiber Kapasiteli MTRJ / MM                                   7.936,46		2089.06	Ana_BF_2026
35.545.6026	8 Fiber Kapasiteli MTRJ / MM                                   2.827,90		739.06	Ana_BF_2026
35.545.6028	24 Fiber Kapasiteli MTRJ / MM                                  3.135,19		941.56	Ana_BF_2026
35.545.6030	48 Fiber Kapasiteli MTRJ / MM                                  3.299,11		941.56	Ana_BF_2026
35.545.6032	6 Fiber Kapasiteli LC / MM                                     3.736,63		1076.56	Ana_BF_2026
35.545.6034	12 Fiber Kapasiteli LC / MM                                    5.529,21		1414.06	Ana_BF_2026
35.545.6036	36 Fiber Kapasiteli LC / MM                                    7.328,56		1751.56	Ana_BF_2026
35.545.6038	4 Fiber Kapasiteli ST / SM                                     9.018,06		2089.06	Ana_BF_2026
35.545.6040	8 Fiber Kapasiteli ST / SM                                     2.636,94		739.06	Ana_BF_2026
35.545.6042	24 Fiber Kapasiteli ST / SM                                    2.885,06		941.56	Ana_BF_2026
35.545.6044	48 Fiber Kapasiteli ST / SM                                    3.035,48		941.56	Ana_BF_2026
35.545.6046	6 Fiber Kapasiteli SC / SM                                     3.430,74		1076.56	Ana_BF_2026
35.545.6048	12 Fiber Kapasiteli SC / SM                                    4.963,06		1414.06	Ana_BF_2026
35.545.6050	36 Fiber Kapasiteli SC / SM                                    6.211,48		1751.56	Ana_BF_2026
35.545.6052	4 Fiber Kapasiteli FC / SM                                     7.628,89		2089.06	Ana_BF_2026
35.550.3124	"12U 600 mm x 600 mm 19"" dış ortam rack kabin                                19.500,63"		913.88	Ana_BF_2026
35.550.3130	"20U 600 mm x 600 mm 19"" dış ortam rack kabin                                21.457,13"		913.88	Ana_BF_2026
35.550.3150	"9U 600 mm x 450 mm 19"" dış ortam rack kabin, en az 100 mm bazalı            24.391,88"		913.88	Ana_BF_2026
35.550.3156	"16U 600 mm x 450 mm 19"" dış ortam rack kabin, en az 100 mm bazalı           28.304,88"		913.88	Ana_BF_2026
35.550.3162	"7U 600 mm x 600 mm 19"" dış ortam rack kabin, en az 100 mm bazalı            32.496,89"		913.88	Ana_BF_2026
35.550.3168	"12U 600 mm x 600 mm 19"" dış ortam rack kabin, en az 100 mm bazalı           20.451,98"		1082.63	Ana_BF_2026
35.550.3174	"20U 600 mm x 600 mm 19"" dış ortam rack kabin, en az 100 mm bazalı           21.919,35"		1082.63	Ana_BF_2026
35.550.4000	Sabit raf 450 mm derinlik için                                              24.364,98		1082.63	Ana_BF_2026
35.550.4002	Sabit raf 800 mm derinlik için                                              27.299,73		1082.63	Ana_BF_2026
35.550.4004	Hareketli raf 600 mm derinlik için                                          30.943,80		1082.63	Ana_BF_2026
35.550.4006	Hareketli raf 1000 mm derinlik için                                         21.765,63		1082.63	Ana_BF_2026
35.550.4008	Termostatlı fan modülü (1 fanlı)                                            23.722,13		1082.63	Ana_BF_2026
35.550.4055	Termostatlı fan modülü (2 fanlı)                                            26.656,88		1082.63	Ana_BF_2026
35.550.4065	Termostatlı fan modülü (2 fanlı), dijital termostatlı                       30.569,88		1082.63	Ana_BF_2026
35.550.4080	Termostatlı fan modülü (4 fanlı), analog termostatlı                        35.082,71		1082.63	Ana_BF_2026
35.550.4090	"19"" rack tipi 3 lü grup priz anahtarlı                                         821,55"		401.56	Ana_BF_2026
35.550.4110	"19"" rack tipi 4 lü grup priz anahtarlı                                         883,51"		401.56	Ana_BF_2026
35.550.4115	"19 "" rack tipi 6 lı grup priz anahtarlı                                      1.063,88"		401.56	Ana_BF_2026
35.550.4120	"19"" rack tipi 8 li grup priz anahtarlı                                       1.535,69"		401.56	Ana_BF_2026
35.550.4125	"19"" rack tipi 4 lü grup priz sigortalı                                       2.101,81"		401.56	Ana_BF_2026
35.550.4160	"19"" rack tipi 6 lı grup priz sigortalı                                       2.461,56"		401.56	Ana_BF_2026
35.550.4165	"19"" rack tipi 8 li grup priz sigortalı                                       3.805,59"		401.56	Ana_BF_2026
35.550.4170	"19"" 1U yatay kablo düzenleyici                                               2.475,25"		401.56	Ana_BF_2026
35.550.4210	"19"" 2U yatay kablo düzenleyici                                               3.781,84"		401.56	Ana_BF_2026
35.550.4220	7U dikey kablo düzenleyici (tek taraf)                                       4.272,35		401.56	Ana_BF_2026
35.550.4310	9U dikey kablo düzenleyici (tek taraf)                                       5.132,83		401.56	Ana_BF_2026
35.550.4315	12U dikey kablo düzenleyici (tek taraf)                                      5.632,83		401.56	Ana_BF_2026
35.550.4320	16U dikey kablo düzenleyici (tek taraf)                                      9.069,70		401.56	Ana_BF_2026
35.550.4325	20U dikey kablo düzenleyici (tek taraf)                                      7.125,29		401.56	Ana_BF_2026
35.550.4330	7.375,29		401.56	Ana_BF_2026
35.550.4350	1.558,44		401.56	Ana_BF_2026
35.550.4360	1.685,74		401.56	Ana_BF_2026
35.550.4370	1.749,79		401.56	Ana_BF_2026
35.550.7000	1.829,10		401.56	Ana_BF_2026
35.550.7100	1.927,15		401.56	Ana_BF_2026
35.550.7101	2.017,04		401.56	Ana_BF_2026
35.550.7103	2.114,99		401.56	Ana_BF_2026
35.550.7201	1.626.062,43		48909.93	Ana_BF_2026
35.550.7304	en az aşağıdaki modülleri içermelidir; 1 adet web yönetimi destekli ana yönetim modülü,		1	Ana_BF_2026
35.701.1200	4 / 22 / 2 / _ / 4 /		20	Ana_BF_2026
35.701.1202	4 / 22 / 2 /_ / 10 /		50	Ana_BF_2026
35.701.1203	4 / 22 / 2 /_ / 16 / 80                                                         65.743,20		10775.00	Ana_BF_2026
35.701.1204	4 / 22 / 2 /_ / 20 /		100	Ana_BF_2026
35.701.1205	4 / 22 / 2 /_ / 24 / 120                                                        80.974,04		12121.88	Ana_BF_2026
35.701.1206	4 / 22 / 2 /_ / 24 /		150	Ana_BF_2026
35.701.1208	4 / 22 / 2 /_ / 36 / 180                                                        93.894,20		12121.88	Ana_BF_2026
35.701.1209	4 / 22 / 2 /_ / 36 /		200	Ana_BF_2026
35.701.1210	4 / 22 / 2 /_ / 40 / 220                                                        102.350,86		13468.75	Ana_BF_2026
35.701.1211	8 / 32 / 4 / _ / 6 /		30	Ana_BF_2026
35.701.1212	8 / 32 / 4 / _ / 10 / 50                                                        174.778,18		16162.50	Ana_BF_2026
35.701.1213	8 / 32 / 4 / _ / 16 /		80	Ana_BF_2026
35.701.1214	8 / 32 / 4 / _ / 20 / 100                                                       187.745,76		17509.38	Ana_BF_2026
35.701.1215	8 / 32 / 4 / _ / 24 /		120	Ana_BF_2026
35.701.1216	8 / 32 / 4 / _ / 30 / 150                                                       195.959,70		17509.38	Ana_BF_2026
35.701.1217	8 / 32 / 4 / _ / 36 /		180	Ana_BF_2026
35.701.1218	8 / 32 / 4 / _ / 40 / 200                                                       209.548,15		17509.38	Ana_BF_2026
35.701.1219	12 / 48 / 4 /_ / 6 /		50	Ana_BF_2026
35.701.1220	12 / 48 / 4 /_ / 16 / 80                                                        237.347,93		18856.25	Ana_BF_2026
35.701.1221	12 / 48 / 4 /_ / 20 /		100	Ana_BF_2026
35.701.1222	12 / 48 / 4 /_ / 24 / 120                                                       249.424,46		20203.13	Ana_BF_2026
35.701.1223	12 / 48 / 4 /_ / 30 /		150	Ana_BF_2026
35.701.1224	12 / 48 / 4 /_ / 36 / 180                                                       260.896,66		20203.13	Ana_BF_2026
35.701.1225	16 / 64 / 8 / _ / 6 /		50	Ana_BF_2026
35.701.1226	16 / 64 / 8 / _ / 10 / 80                                                       160.183,23		16162.50	Ana_BF_2026
35.701.1227	16 / 64 / 8 / _ / 10 /		100	Ana_BF_2026
35.701.1228	16 / 64 / 8 / _ / 12 / 120                                                      196.670,70		17509.38	Ana_BF_2026
35.701.1229	16 / 64 / 8 / _ / 15 /		150	Ana_BF_2026
35.701.1230	16 / 80 / 8 / _ / 10 / 80                                                       207.511,74		17509.38	Ana_BF_2026
35.701.1231	20 / 112 / 8 / _ / 10 /		100	Ana_BF_2026
35.701.1232	20 / 128 / 8 / _ / 10 / 120                                                     221.615,41		18856.25	Ana_BF_2026
35.701.1233	16 / 80 / 8 / 1 / 10 /		80	Ana_BF_2026
35.701.1234	16 / 112 / 8 / 1 / 10 / 100                                                     234.368,50		18856.25	Ana_BF_2026
35.701.1235	20 / 128 / 8 / 1 / 10 /		120	Ana_BF_2026
35.701.1236	32 / 192 / 8 / _ / 10 / 200 / En az 2 Adet İşlemcili ve %50 genişleyebilen.     252.181,14		20203.13	Ana_BF_2026
35.701.1238	24 / 288 / 15 / _ / 14 / 280 / En az 2 Adet İşlemcili ve %50 genişleyebilen.    265.843,84		20203.13	Ana_BF_2026
35.701.1240	48 / 352 / 15 / _ / 22 / 350 / En az 2 Adet İşlemcili ve %50 genişleyebilen.    286.830,84		21550.00	Ana_BF_2026
35.701.1242	24 / 464 / 15 / 1 / 26 / 460 / En az 2 Adet İşlemcili ve %50 genişleyebilen.    184.603,81		16162.50	Ana_BF_2026
35.701.1244	229.380,88		18856.25	Ana_BF_2026
35.701.1720	1.440.429,49		81815.63	Ana_BF_2026
35.701.3100			2050614.04	Ana_BF_2026
35.701.3140	097 Bağlanılanın Görülmemesi (COLR) ETS 300 098 Doğrudan Arama (DDI) ETS 300		064	Ana_BF_2026
35.705.1550	4 Kanal Multicore		625.00	Ana_BF_2026
35.705.1551	12 Kanal Multicore		6259.38	Ana_BF_2026
35.705.1552	16 Kanal Multicore		7496.88	Ana_BF_2026
35.705.1553	Stage Box: (Ölçü:Ad.)		8887.50	Ana_BF_2026
35.705.1554	Sahnede ses bağlantısı için profesyonel metal statik siyah DKP saçtan imal edilmiş, ses		9425.00	Ana_BF_2026
35.705.1630	cardioid, mikrofon nominal empedansı 600 ohm olan, dinamik vokal mikrofonun her nevi ufak		4218.75	Ana_BF_2026
35.705.1640	Dinamik Enstruman Mikrofon : (Ölçü:Ad.)		1356.25	Ana_BF_2026
35.705.1650	Mikrofon tipi dinamik, mikrofon frekans aralığı 50-16000 Hz , cihazın kutupsal taraması		2125.00	Ana_BF_2026
35.705.1700	44.856,25		1140.63	Ana_BF_2026
35.705.1707	28.714,38		1140.63	Ana_BF_2026
35.705.1708	Sahne kullanımlarına uygun, tripod (3 ayak) yapıda metal gövde ve taşıma ayaklı olan nota		16878.13	Ana_BF_2026
35.705.1709	sehpasının her nevi ufak malzeme ve işçilik dahil, işler halde teslimi		803.13	Ana_BF_2026
35.705.1711	29.159,94		3653.13	Ana_BF_2026
35.705.4206	4.549,29		401.56	Ana_BF_2026
35.705.4630	29.999,71		2978.13	Ana_BF_2026
35.705.4640	40.569,31		5387.50	Ana_BF_2026
35.705.5100	40.178,13		1478.13	Ana_BF_2026
35.705.5110	50.909,94		1478.13	Ana_BF_2026
35.710.1164	1.203.456,63		90542.88	Ana_BF_2026
35.710.1202	1.468.182,18		182352.18	Ana_BF_2026
35.710.1204	1.615.844,33		228256.83	Ana_BF_2026
35.710.1206	1.790.773,98		274161.48	Ana_BF_2026
35.710.1208	1.944.253,63		320066.13	Ana_BF_2026
35.710.1210	2.165.495,78		365970.78	Ana_BF_2026
35.715.1155	durumlarda kabin alanı TS EN 81-20'ye göre: 1,45 – 1,66 m² olacaktır. Giriş genişliği:		900	Ana_BF_2026
35.715.1353	durumlarda kabin alanı TS EN 81-20'ye göre : 2,15 – 2,40 m² olacaktır. Giriş genişliği:		1300	Ana_BF_2026
35.715.2000	durumlarda kabin alanı TS EN 81-20'ye göre : 3,245– 3,56 m² olacaktır. Giriş genişliği:		1300	Ana_BF_2026
35.715.2153	durumlarda kabin alanı TS EN 81-20'ye göre : 2,15 – 2,40 m² olacaktır. Giriş genişliği:		1400	Ana_BF_2026
35.725.2200	19.378,75		4818.75	Ana_BF_2026
35.730.1121	H: 10000mm                                                                5.017.607,34		324444.84	Ana_BF_2026
35.730.1150	H:3000mm                                                                  5.161.144,84		330344.84	Ana_BF_2026
35.730.1152	H:3500mm                                                                  5.304.844,84		336244.84	Ana_BF_2026
35.730.1154	H:4000mm                                                                  3.222.057,34		218244.84	Ana_BF_2026
35.730.1155	H:4250mm                                                                  3.322.369,84		224144.84	Ana_BF_2026
35.730.1156	H:4500mm                                                                  3.387.094,84		230044.84	Ana_BF_2026
35.730.1157	H:4750mm                                                                  3.472.619,84		235944.84	Ana_BF_2026
35.730.1158	H:5000mm                                                                  3.764.844,84		241844.84	Ana_BF_2026
35.730.1159	H:5250mm                                                                  3.856.219,84		247744.84	Ana_BF_2026
35.730.1160	H:5500mm                                                                  3.920.457,34		253644.84	Ana_BF_2026
35.730.1161	H:5750mm                                                                  4.048.069,84		259544.84	Ana_BF_2026
35.730.1162	H:6000mm                                                                  4.113.444,84		265444.84	Ana_BF_2026
35.730.1163	H:6500mm                                                                  4.130.232,34		271344.84	Ana_BF_2026
35.730.1164	H:7000mm                                                                  4.199.019,84		277244.84	Ana_BF_2026
35.730.1165	H:7500mm                                                                  4.283.569,84		283144.84	Ana_BF_2026
35.730.1166	H:8000mm                                                                  4.351.544,84		289044.84	Ana_BF_2026
35.730.1167	H:8500mm                                                                  4.495.244,84		294944.84	Ana_BF_2026
35.730.1168	H:9000mm                                                                  4.637.157,34		300844.84	Ana_BF_2026
35.730.1169	H:9500mm                                                                  4.781.344,84		306744.84	Ana_BF_2026
35.730.1170	H:10000mm                                                                 4.924.232,34		312644.84	Ana_BF_2026
35.730.1171	Basamak genişliği 1000mm, 9000 kişi/ saat taşıma kapasiteli.              5.068.094,84		318544.84	Ana_BF_2026
35.730.1200	H:3000mm                                                                  5.211.144,84		324444.84	Ana_BF_2026
35.730.1201	H:3250mm                                                                  5.355.332,34		330344.84	Ana_BF_2026
35.730.1202	H:3500mm                                                                  5.499.194,84		336244.84	Ana_BF_2026
35.730.1204	H:4000mm                                                                  3.424.532,34		218244.84	Ana_BF_2026
35.730.1205	H:4250mm                                                                  3.514.769,84		224144.84	Ana_BF_2026
35.730.1206	H:4500mm                                                                  3.580.794,84		230044.84	Ana_BF_2026
35.730.1207	H:4750mm                                                                  3.669.732,34		235944.84	Ana_BF_2026
35.730.1208	H:5000mm                                                                  3.834.232,34		241844.84	Ana_BF_2026
35.730.1209	H:5250mm                                                                  3.929.994,84		247744.84	Ana_BF_2026
35.730.1210	H:5500mm                                                                  3.992.119,84		253644.84	Ana_BF_2026
35.730.1211	H:5750mm                                                                  4.119.569,84		259544.84	Ana_BF_2026
35.730.1212	H:6000mm                                                                  4.178.444,84		265444.84	Ana_BF_2026
35.730.1213	H:6500mm                                                                  4.282.657,34		271344.84	Ana_BF_2026
35.730.1214	H:7000mm                                                                  4.341.532,34		277244.84	Ana_BF_2026
35.730.1215	H:7500mm                                                                  4.398.944,84		283144.84	Ana_BF_2026
35.730.1216	H:8000mm                                                                  4.458.144,84		289044.84	Ana_BF_2026
35.730.1217	H:8500mm                                                                  4.600.869,84		294944.84	Ana_BF_2026
35.730.1218	H:9000mm                                                                  4.745.057,34		300844.84	Ana_BF_2026
35.730.1219	H:9500mm                                                                  4.888.594,84		306744.84	Ana_BF_2026
35.730.1220	5.031.969,84		312644.84	Ana_BF_2026
35.730.1470	H: 5500mm                                                                 5.502.819,84		265444.84	Ana_BF_2026
35.730.1472	H: 6000mm                                                                 5.540.407,34		271344.84	Ana_BF_2026
35.730.1474	H: 7000mm                                                                 5.629.344,84		277244.84	Ana_BF_2026
35.730.1476	H: 8000mm                                                                 5.701.544,84		283144.84	Ana_BF_2026
35.730.1478	H: 9000mm                                                                 5.726.944,84		289044.84	Ana_BF_2026
35.730.1480	H: 10000mm                                                                5.869.019,84		294944.84	Ana_BF_2026
35.730.1500	H: 3000mm                                                                 6.012.719,84		300844.84	Ana_BF_2026
35.730.1502	H: 3500mm                                                                 6.157.232,34		306744.84	Ana_BF_2026
35.730.1504	H: 4000mm                                                                 6.300.444,84		312644.84	Ana_BF_2026
35.730.1506	H: 4500mm                                                                 6.444.144,84		318544.84	Ana_BF_2026
35.730.1508	H: 5000mm                                                                 6.587.519,84		324444.84	Ana_BF_2026
35.730.1510	H: 5500mm                                                                 6.730.894,84		330344.84	Ana_BF_2026
35.730.1512	H: 6000mm                                                                 6.874.757,34		336244.84	Ana_BF_2026
35.730.1514	H: 7000mm                                                                 4.794.082,34		218244.84	Ana_BF_2026
35.730.1515	H: 7500mm                                                                 4.877.007,34		224144.84	Ana_BF_2026
35.730.1516	H: 8000mm                                                                 4.920.769,84		230044.84	Ana_BF_2026
35.730.1517	H: 8500mm                                                                 5.007.594,84		235944.84	Ana_BF_2026
35.730.1518	H: 9000mm                                                                 5.325.982,34		241844.84	Ana_BF_2026
35.730.1519	H: 9500mm                                                                 5.358.044,84		247744.84	Ana_BF_2026
35.730.1520	H: 10000mm                                                                5.445.357,34		253644.84	Ana_BF_2026
35.730.1521	Basamak genişliği 1000mm, 9000 kişi/ saat taşıma kapasiteli               5.518.044,84		259544.84	Ana_BF_2026
35.730.1550	H: 3000mm                                                                 5.602.919,84		265444.84	Ana_BF_2026
35.730.1551	H:3250mm                                                                  5.730.369,84		271344.84	Ana_BF_2026
35.730.1552	H: 3500mm                                                                 5.817.032,34		277244.84	Ana_BF_2026
35.730.1553	H: 3750mm                                                                 5.945.944,84		283144.84	Ana_BF_2026
35.730.1554	H: 4000mm                                                                 5.978.494,84		289044.84	Ana_BF_2026
35.730.1555	H: 4250mm                                                                 6.122.519,84		294944.84	Ana_BF_2026
35.730.1556	H: 4500mm                                                                 6.266.382,34		300844.84	Ana_BF_2026
35.730.1557	H: 4750mm                                                                 6.409.919,84		306744.84	Ana_BF_2026
35.730.1558	H: 5000mm                                                                 6.553.132,34		312644.84	Ana_BF_2026
35.730.1559	H: 5250mm                                                                 6.696.832,34		318544.84	Ana_BF_2026
35.730.1560	6.838.744,84		324444.84	Ana_BF_2026
35.735.1203	olmayacaktır.), 900 x 2000 mm (genişlik x yükseklik) ölçülerinde otomatik (en az IP		65	Ana_BF_2026
35.740.5418	1000 KVA                                                  451.988,75		11613.75	Ana_BF_2026
35.740.5420	1500 KVA                                                  458.504,81		13043.56	Ana_BF_2026
35.800.6130	Mekanizma gövdesi alüminyum malzemeden imal edilmeli karkasa bağlanan kenar en az		5	Ana_BF_2026
48.125.1002	63 mm'ye kadar kırmataş temin edilerek, el ile serme yapılması	M³	685.00	MSB_2026
48.150.1001	Saha, tretuvar, yol, otopark, hangar ve atölye içi beton kaplama yapılması	M³	4092.94	MSB_2026
48.150.1002	Beton kaplama yapılması (C30/37 hazır beton kullanılarak)	M³	4561.69	MSB_2026
48.150.2005	Saha betonu ve beton yollarda demirli genleşme derzi yapılması	M	495.29	MSB_2026
48.150.2006	Saha betonu ve beton yollarda büzülme derzi yapılması	M	183.55	MSB_2026
48.150.2007	Saha betonu ve beton yollarda inşaat derzi yapılması	M	253.26	MSB_2026
48.150.2008	Saha betonu ve beton yollarda genleşme derzi yapılması	M	404.41	MSB_2026
48.220.1008	Yer altı kablo kanalı için (tek kablolu) kum ve harman tuğlası serilmesi (Tip-	M	204.31	MSB_2026
48.220.1009	Yer altı kablo kanalı için (bir adet alçak gerilim kablolu ve bir adet yüksek gerilim kablolu) kum ve harman tuğlası serilmesi (Tip-B)	M	532.44	MSB_2026
48.220.1010	Yer altı kablo kanalı için (üç adet alçak gerilim kablolu) kum ve harman	M	374.63	MSB_2026
48.220.1011	Yer altı kablo kanalı için (iki adet alçak gerilim kablosu ve iki adet yüksek	M	453.80	MSB_2026
48.220.1012	Yer altı kablo kanalı için (iki adet alçak gerilim kablosu ve iki adet yüksek	M	483.98	MSB_2026
48.220.1013	Yer altı kablo kanalı için (çok sayıda alçak gerilim kablosu ve yüksek gerilim kablosu için) kum ve harman tuğlası serilmesi (Tip-F)	M	1111.98	MSB_2026
48.220.1014	Yer altı kablo kanalı için (çok sayıda alçak gerilim kablolu) kum ve harman	M	552.59	MSB_2026
48.220.2001	Isı merkezi bacalarında harman tuğlası ile baca içi kaplama yapılması	M³	11661.99	MSB_2026
48.250.1001	Harç içine karışan maddelerle yalıtım şapı yapılması (normal priz alan su	M²	838.34	MSB_2026
48.250.1002	Harç içine karışan maddelerle yalıtım şapı yapılması (hızlı priz alan su	M²	843.59	MSB_2026
48.310.1001	Düşey sac yağmur borusu yapılması	M	1057.69	MSB_2026
48.325.2003	Mevcut ahşap, betonarme yada çelik aşıklar üzerine 0,65 mm kalınlıkta sıcak	M²		MSB_2026
48.325.2004	Mevcut ahşap, betonarme yada çelik aşıklar üzerine 0,65 mm kalınlıkta sıcak	M²	940.38	MSB_2026
48.325.2005		M²	679.81	MSB_2026
48.325.2006	Betonarme veya techizatlı hazır (hafif veya normal agrega ile) beton plaklarla	M²	722.31	MSB_2026
48.325.2007		M²	683.56	MSB_2026
48.340.1004	yalıtımı yapılması (Ses yutma katsayısı (ortalama) >= 1,00 olan)	M²	370.06	MSB_2026
48.340.1005	Klima dairesi ve benzeri yerlerin döşemesi üzerine 5 cm kalınlığında taşyünü ile ses yalıtımı yapılması (Ses yutma katsayısı (ortalama) >= 1,00 olan)	M²	272.81	MSB_2026
48.340.1006	Klima dairesi ve benzeri yerlerin duvarlarına 2,5 cm kalınlığında taşyünü ile ses yalıtımı yapılması (Ses yutma katsayısı (ortalama) >= 1,00 olan)	M²	255.23	MSB_2026
48.410.1101	3 cm kalınlığındaki beyaz mermer ile limonluk yapılması	M	265.35	MSB_2026
48.410.1151	3 cm kalınlığındaki renkli mermer ile limonluk yapılması	M	283.93	MSB_2026
48.410.2002	3 cm kalınlığındaki bulancak füme granit ile döşeme kaplaması yapılması	M²		MSB_2026
48.410.2101	Bulancak füme granit ile süpürgelik yapılması	M	525.44	MSB_2026
48.410.2201	Bulancak füme granit ile merdiven basamağı kaplaması yapılması (B:3 cm,	M		MSB_2026
48.410.3002	4 cm kalınlığındaki bazalt plaklarla döşeme kaplaması yapılması	M²	2406.00	MSB_2026
48.410.3102	2 cm kalınlığındaki bazalt plaklarla duvar kaplaması yapılması			MSB_2026
48.410.3202	Bazalt plaklarla merdiven basamağı kaplaması yapılması (B:4 cm, R:3 cm)	M	1612.99	MSB_2026
48.410.3301	Bazalt plaklarla süpürgelik yapılması	M	270.95	MSB_2026
48.410.3402	3 cm kalınlığındaki bazalt plaklarla parapet yapılması	M²	3815.59	MSB_2026
48.410.3502	3 cm kalınlığındaki bazalt plaklar ile dış denizlik yapılması	M²	3621.84	MSB_2026
48.410.3602	3 cm kalınlığındaki bazalt plaklarla harpuşta yapılması	M²	4152.53	MSB_2026
48.410.3801	Bazalt plaklarla limonluk yapılması	M	254.60	MSB_2026
48.410.3902	2 cm kalınlıkta bazalt plaklarla asansör sövesi yapılması	M²	3406.03	MSB_2026
48.410.9002	Mermer kenarlarının pahlanması	M	257.81	MSB_2026
48.410.9003	Mermer döşeme kaplamasına pirinç derz yapılması	M	660.03	MSB_2026
48.420.1002	Andezit plaklar ile merdiven basamağı kaplaması yapılması (B:4 cm, R:3 cm)	M	1605.66	MSB_2026
48.420.1102	3 cm kalınlığında andezit plaklar ile parapet yapılması	M²	3840.53	MSB_2026
48.420.1202	3 cm kalınlığında andezit plaklar ile dış denizlik yapılması	M²	3646.78	MSB_2026
48.420.1302	3 cm kalınlığında andezit plaklar ile harpuşta yapılması	M²	4201.09	MSB_2026
48.435.1002	10x25x50 cm boyutlarında bazalt bordür temini ve yerine döşenmesi	M	995.79	MSB_2026
48.440.1102	Dilatasyon derzlerinin polietilen fitil ve poliüretan derz mastiği ile	M	297.69	MSB_2026
48.450.1003	Fugalı, yüzeyi pürüzlü mermer pirinçli suni taş sıva (taraklı mozaik) yapılması	M²	2923.63	MSB_2026
48.450.1004	Fugalı, yüzeyi pürüzlü mermer pirinçli suni taş sıva (taraklı mozaik) yapılması	M²		MSB_2026
48.510.1001	Kompakt lamine levha kaplamalı kapı kanadı yapılması (hasta odaları için)	M²	4736.20	MSB_2026
48.510.1003	13 mm kalınlığında kompakt lamine levha ile pano ve kapı yapılması	M²	5069.89	MSB_2026
48.535.1001	60x60 cm ebadında 15 mm kalınlığında taşyünü plakadan asma tavan	M²	711.55	MSB_2026
48.535.1002	60x60 cm ebadında 8 mm kalınlığında alçı tavan karosundan (pvc lamineli)	M²		MSB_2026
48.535.1003	60x60 cm ebadında 9,5 mm kalınlığında delikli alçı tavan karosundan	M²		MSB_2026
48.535.1004	60x120 cm ebadında 9,5 mm kalınlığında delikli alçı tavan karosundan	M²		MSB_2026
48.535.1005	60x60 cm ebadında 9,5 mm kalınlığında alçı tavan karosundan (pvc lamineli)	M²		MSB_2026
48.540.9001	Demir yüzeylerin raspa edilmesi ve tel fırça ile temizlenmesi	M²	138.75	MSB_2026
48.550.2001	Paslanmaz çelik merdiven korkuluğu ve küpeştesi yapılması			MSB_2026
48.550.2002	Paslanmaz Çelik İmalat Yapılması	KG	467.49	MSB_2026
48.680.1001	Açık renkli travertenler (honlu veya cilalı) ile cephe kaplaması yapılması	M²	4024.36	MSB_2026
48.680.1002	Koyu renkli travertenler (honlu veya cilalı) ile cephe kaplaması yapılması	M²	3804.91	MSB_2026
48.680.1003	Bazalt plaklar ile cephe kaplaması yapılması (3x40x80 cm) (mekanik	M²	3785.11	MSB_2026
48.680.1004	Andezit plaklar ile cephe kaplaması yapılması (3x30x60 cm) (mekanik	M²	3934.83	MSB_2026
48.680.1005	Andezit plaklar ile cephe kaplaması yapılması (3x40x80 cm) (mekanik	M²	3835.99	MSB_2026
48.680.1006	Andezit plaklar ile cephe kaplaması yapılması (3x50x100 cm) (mekanik	M²	3816.84	MSB_2026
48.680.1007	Bulancak füme (Giresun) granitler (honlu veya cilalı) ile cephe kaplaması	M²	6491.11	MSB_2026
48.685.1001	J- 8 tipi çevre emniyeti yapılması	M²	615.59	MSB_2026
48.685.1004	Perde duvar üzerine çerçeveli galvanizli kafes tel ile çevre emniyeti yapılması	M²	3425.23	MSB_2026
48.685.1005	Hudut karakolu için 3  yüksekliğinde çevre emniyeti yapılması	M	8379.39	MSB_2026
48.690.1001	Kapı ve pencere doğraması madeni aksamının sökülmesi	AD	51.25	MSB_2026
48.690.2009	Mevcut mermer plak veya karo mozaik döşeme kaplamasının onarılması ve	M²	192.88	MSB_2026
48.690.2010	Mevcut dökme mozaik döşeme kaplamasının silinmesi	M²	163.93	MSB_2026
48.690.2011	Eski demir imalatın boyaya hazır hale getirilmesi	M²	203.44	MSB_2026
48.690.2018	Beton yüzeylerde tamir harcı ile beton onarımı	KG	119.76	MSB_2026
48.690.2019	Epoksi enjeksiyon ile çatlak onarımı	M	16382.10	MSB_2026
48.700.1405	Tuvalet kapılarına alüminyum bant yapılması	M	1193.29	MSB_2026
48.700.1701	Pencere dışına kafes tel yapılması	M²	1257.34	MSB_2026
48.700.1901	Füme renkli aynaya bizote yapılması ve yerine monte edilmesi (5 mm	M²		MSB_2026
77.105.1001	MİNERAL DOLGULU KOMPOZİT ALÜMİNYUM LEVHALAR İLE CEPHE KAPLAMASI YAPILMASI (Isı Yalıtımsız)	M2	4028.39	PTT_Ozel_07-2026
77.105.1002	5 CM KALINLIKTA TAŞ YÜNÜ ISI YALITIM LEVHALARI İLE MİNERAL DOLGULU KOMPOZİT ALÜMİNYUM LEVHALAR İLE CEPHE KAPLAMASI YAPILMASI	M2	4763.10	PTT_Ozel_07-2026
77.105.1003	6 CM KALINLIKTA TAŞ YÜNÜ ISI YALITIM LEVHALARI İLE MİNERAL DOLGULU KOMPOZİT ALÜMİNYUM LEVHALAR İLE CEPHE KAPLAMASI YAPILMASI	M2	4800.40	PTT_Ozel_07-2026
77.105.1004	8 CM KALINLIKTA TAŞ YÜNÜ ISI YALITIM LEVHALARI İLE MİNERAL DOLGULU KOMPOZİT ALÜMİNYUM LEVHALAR İLE CEPHE KAPLAMASI YAPILMASI	M2	4875.01	PTT_Ozel_07-2026
77.105.1005	ELEKTROSTATİK TOZ BOYALI ALÜMİNYUM LEVHA (2 mm, Kal,) İLE CEPHE KAPLAMASI YAPILMASI	M2	9576.04	PTT_Ozel_07-2026
77.110.1001	12,5 mm, KALINLIĞINDA TEK YÜZLÜ ALÇI DUVAR LEVHASI İLE TAVANDA ve DUVARDA TESİSAT GİZLEMESİ YAPILMASI	M2	2720.86	PTT_Ozel_07-2026
77.110.1002	İÇ CEPHEDE XPS MALZEME İLE DUVARDA ISI YALITIMI YAPILMASI	M2	627.73	PTT_Ozel_07-2026
77.110.1003	HER İKİ YÜZEYDE 12,5 mm, KALINL,TEK PLAKA ALÇI DUVAR LEVHASI İLE 10 cm, KALINL,BÖLME DUVAR YAPILMASI	M2	3917.24	PTT_Ozel_07-2026
77.110.1004	HER İKİ YÜZEYDE 12,5 mm, KALINL,TEK PLAKA ALÇI DUVAR LEVHASI İLE 10 cm, KALINL,KABLO KAN, BÖLME DUVAR YAP,	M2	4322.10	PTT_Ozel_07-2026
77.110.1005	12,5 mm, KALINLIĞINDA ALÇI DUVAR LEVHASI ve 50 mm, CAM YÜNÜ İLE DUVAR KAPLAMASI YAPILMASI	M2	2853.85	PTT_Ozel_07-2026
77.110.1006	MEVCUT MADENİ PROFİL KONSTR, HER İKİ YÜZEYDE, 12,5 mm, KALINL,TEK PLAKA ALÇI DUVAR LEVH, KULL, BÖLME DUVAR YAP,	M2	2168.60	PTT_Ozel_07-2026
77.110.1007	MEVCUT MADENİ PROFİL KONSTR,12,5 mm, KALINL, TEK PLAKA ALÇI DUVAR LEVH, KULL, DUVAR KAPL, YAP,	M2	1085.73	PTT_Ozel_07-2026
77.110.1008	MEVCUT MAD,PROFİL KONS,İÇ YÜZ,12,5 mm, KAL,TEK PLAKA ALÇI DUV,LEV, DIŞ YÜZ,12 mm, KAL,TEK PLAKA ÇİMEN,YONGA LEV, KUL,BÖL,DUV,YAP,	M2	2511.58	PTT_Ozel_07-2026
77.110.1009	MEVCUT MADENİ PROFİL KONSTR, 12 mm, KALINL, TEK PLAKA ÇİMENTOLU YONGA LEVHA KULLANILARAK, DUVAR KAPL, YAPILMASI	M2	1428.71	PTT_Ozel_07-2026
77.110.1010	MEVCUT DUVARA ELEKTRİK TESİSATI DÖŞENMESİ İÇİN 10 CM, GENİŞLİĞE KADAR 5,5 CM, DERİNLİĞİNDE KANAL AÇILMASI VE SIVANMASI	MT	131.80	PTT_Ozel_07-2026
77.110.1011	MEVCUT DUVARA ELEKTRİK TESİSATI DÖŞENMESİ İÇİN 10 CM, GENİŞLİĞE KADAR 5,5 CM, DERİNLİĞİNDE KANAL AÇILMASI VE SIVANMASI (SÖNMÜŞ KİREÇ TORBALI)	MT	131.80	PTT_Ozel_07-2026
77.110.1012	MEVCUT DUVARA ELEKTRİK TESİSATI DÖŞENMESİ İÇİN 20 CM, GENİŞLİĞİNDE 5,5 CM, DERİNLİĞİNDE KANAL AÇILMASI VE SIVANMASI	MT	261.38	PTT_Ozel_07-2026
77.110.1013	MEVCUT DUVARA ELEKTRİK TESİSATI DÖŞENMESİ İÇİN 20 CM, GENİŞLİĞİNDE 5,5 CM, DERİNLİĞİNDE KANAL AÇILMASI VE SIVANMASI (SÖNMÜŞ KİREÇ TORBALI)	MT	261.38	PTT_Ozel_07-2026
77.110.1014	MEVCUT MADENİ PROFİL KONSTRÜKSİYONA, HER İKİ YÜZEYDE 12,5 mm, KALINLIĞINDA TEK PLAKA ALÇI DUVAR LEVHASI ve 4 cm kalınlığında taşyünü KULLANILARAK BÖLME DUVAR YAPILMASI	M2		PTT_Ozel_07-2026
77.110.1015	MEVCUT MADENİ PROFİL KONSTRÜKSİYONA, HER İKİ YÜZEYDE 12,5 mm, KALINLIĞINDA, TEK PLAKA ALÇI DUVAR LEVHASI ve 8 cm kalınlığında taşyünü KULLANILARAK BÖLME DUVAR YAPILMASI	M2	1348.84	PTT_Ozel_07-2026
77.110.1016	MEVCUT MADENİ PROFİL KONSTRÜKSİYONA, 12,5 mm, KALINLIĞINDA, TEK PLAKA SUYA DAYANIKLI ALÇI DUVAR LEVHASI KULLANILARAK DUVAR KAPLAMASI YAPILMASI	M2	546.13	PTT_Ozel_07-2026
77.110.1017	MEVCUT MADENİ PROFİL KONSTRÜKSİYONA, 12,5 mm, KALINLIĞINDA, TEK PLAKA ALÇI DUVAR LEVHA ve 4 cm KALINLIĞINDA TAŞ YÜNÜ KULLANILARAK BÖLME DUVAR YAPILMASI	M2	677.34	PTT_Ozel_07-2026
77.110.1018	MEVCUT MADENİ PROFİL KONSTRÜKSİYONA, 12 mm, KALINLIĞINDA, TEK PLAKA ÇİMENTOLU YONGA LEVHASI ve 4 cm kalınlığında taşyünü KULLANILARAK BÖLME DUVAR YAPILMASI	M2	979.13	PTT_Ozel_07-2026
77.110.1019	MEVCUT MADENİ PROFİL KONSTRÜKSİYONA, 12 mm, KALINLIĞINDA, TEK PLAKA MDF LEVHA ve 4 cm kalınlığında taşyünü KULLANILARAK, DUVAR KAPLAMASI YAPILMASI	M2	951.15	PTT_Ozel_07-2026
77.110.1020	MEVCUT MADENİ PROFİL KONSTRÜKSİYONA, 18 mm, KALINLIĞINDA, MDF LEVHA üzeri LAMİNAT KAPLI KOLON KAPLAMASI YAPILMASI	M2	2341.48	PTT_Ozel_07-2026
77.110.1023	10*30 CM EBADINDA SERAMİK DUVAR KAPLAMASI YAPILMASI	M2	1712.58	PTT_Ozel_07-2026
77.115.1001	MEVCUT DÖŞEMEDE KABLO KANALI AÇILMASI ve KAPATILMASI	MT	3143.75	PTT_Ozel_07-2026
77.115.1005	TURKUAZ KARO HALI KAPLAMA                                                                                                   M'2		1766.56	PTT_Ozel_07-2026
77.115.1006	TURKUAZ_GRİ KARO HALI KAPLAMA			PTT_Ozel_07-2026
77.115.1010	MERDİVEN BASAMAKLARI ABSOLUTE BLACK GRANİT KAPLAMA	MT	3643.15	PTT_Ozel_07-2026
77.115.1011	MERDİVEN BASAMAKLARI BULANCAK FÜME GRANİT KAPLAMA	MT	3241.85	PTT_Ozel_07-2026
77.115.1012	MERDİVEN SAHANLIK ABSOLUTE BLACK GRANİT KAPLAMA	M2	7465.70	PTT_Ozel_07-2026
77.115.1013	MERDİVEN SAHANLIKLARI BULANCAK FÜME GRANİT KAPLAMA	M2	6103.74	PTT_Ozel_07-2026
77.115.1014	ABSOLUTE BLACK GRANİT DENİZLİK KAPLAMA	M2	8003.40	PTT_Ozel_07-2026
77.115.1015	2 CM KALINLIĞINDA ABSOLUTE BLACK GRANİT LEVHALAR İLE PARAPET YAPILMASI (YAPIŞTIRMA)	M2	8003.40	PTT_Ozel_07-2026
77.115.1016	ÇİMENTO ESASLI KENDİLİĞİNDEN YERLEŞEN (SELF LEVELİNG) HARÇ İLE ORTALAMA 4 mm	M2	431.45	PTT_Ozel_07-2026
77.115.1019	60 x 60 cm anma ebatlarında, rektifiyeli, Sarı veya Turkuaz, desen ve yüzey özelliğinde, ı,kalite, Mat, sırsız porselen	M2	2145.50	PTT_Ozel_07-2026
77.115.1020	60 x 60 cm anma ebatlarında, rektifiyeli, Beton görünümlü, desen ve yüzey özelliğinde, 1.kalite, mat, sırsız porselen karo ile 3 mm derz aralıklı döşeme kaplaması yapılması (karo yapıştırıcısı ile)(26,008/408-a1)	M2	1205.03	PTT_Ozel_07-2026
77.120.1001	MEVCUT MADENİ PROFİL KONSTR, HER İKİ YÜZEYDE, 12,5 mm, KALINL, TEK PLAKA ALÇI DUVAR LEVH, KULL,ASMA TAVAN YAP.	M2	2229.81	PTT_Ozel_07-2026
77.120.1002	ALÜMİNYUM PETEK TAVAN KAPLAMASI YAPILMASI,(SİYAH RENKLİ - PETEK MODÜL100*100 MM)	M2	3040.88	PTT_Ozel_07-2026
77.125.1001	AHŞAP ÇATILARDA KİREMİT ALTI TAHTASI ÜZERİNE 1 KAT KARTON TAŞIYICILI MEMBRAN ÖRTÜ SERİLMESİ	M2	325.68	PTT_Ozel_07-2026
77.125.1002	İDARE MALI KULLANILMIŞ KERESTE İLE AHŞAP OTURTMA ÇATI YAPILMASI (ÇATI ÖRTÜSÜ ALTI TAHTA KAPLI)	M2	978.71	PTT_Ozel_07-2026
77.125.1003	AHŞAP ÇATI ÜZERİNE 0,70 mm, DÜZ ALÜMİNYUM LEVHA İLE ÇATI ÖRTÜSÜ YAPILMASI	M2	2536.50	PTT_Ozel_07-2026
77.125.1004	AHŞAP ÇATI ÜZERİNE 0,70 mm, DÜZ ALÜMİNYUM LEVHA İLE ÇİFT KENETLİ ÇATI ÖRTÜSÜ YAPILMASI	M2	2474.39	PTT_Ozel_07-2026
77.125.1005	0,70 mm, DÜZ ALÜMİNYUM LEVHA İLE SIVA ETEĞİ, BACA KENARI, ÇATI MUAYENE KAPAĞI VE ÇATI FENERİ DİBİ YAPILMASI	MT	933.21	PTT_Ozel_07-2026
77.125.1006	0,70 mm, DÜZ ALÜMİNYUM LEVHA İLE ATİKA DUVARI ÜST VE YANLARINA KAPLAMA YAPILMASI	M2	1809.71	PTT_Ozel_07-2026
77.125.1007	ÇAM KERESTESİ İLE AHŞAP OTURTMA ÇATI YAPILMASI (TAHTA KAPLAMASI HARİÇ)	M2	898.76	PTT_Ozel_07-2026
77.125.1008	150/100 mm, EBADINDA KÖŞELİ PVC YAĞMUR OLUĞU YAPILMASI	MT	824.65	PTT_Ozel_07-2026
77.125.1009	150 mm,'lik KÖŞELİ PVC YAĞMUR İNİŞ BORUSU YAPILMASI	MT	299.34	PTT_Ozel_07-2026
77.125.1010	ALATURKA KİREMİT ALTINA OLUKLU LEVHA İLE SU TECRİTİ YAPILMASI	M2	639.39	PTT_Ozel_07-2026
77.130.1007	AHŞAP EVRAK DOLABI YAPILMASI	M2	13962.44	PTT_Ozel_07-2026
77.130.1011	16 mm, MDF ÜZERİ ŞEKİLLENDİRİLEBİLEN LAMİNAT KAPLAMA İLE LAMBRİ YAPILMASI	M2	9428.64	PTT_Ozel_07-2026
77.130.1012	DUVAR KORUMA BANDI YAPILMASI	M2	4051.63	PTT_Ozel_07-2026
77.130.1013	MDF ÜZERİ LAMİNAT KAPLAMALI MUTFAK VE ÇAY OCAĞI ALT DOLABI YAPILMASI	M2	15792.44	PTT_Ozel_07-2026
77.130.1014	MDF ÜZERİ LAMİNAT KAPLAMALI MUTFAK VE ÇAY OCAĞI ÜST DOLABI YAPILMASI	M2	13972.61	PTT_Ozel_07-2026
77.130.1015	MDF ÜZERİ LAMİNAT KAPLAMALI GEÇİŞ KAPISI YAPILMASI	M2	8949.88	PTT_Ozel_07-2026
77.130.1016	MDF ÜZERİ LAMİNAT KAPLAMALI PARAVAN YAPILMASI	M2	7872.00	PTT_Ozel_07-2026
77.130.1017	LAMİNE KAPLAMALI (KUTU PROFİL VE SAÇ LEVHALARLA TAKVİYELİ) İÇ KAPI KANADI YAPILMASI VE YERİNE MONTAJI	M2	15510.55	PTT_Ozel_07-2026
77.130.1018	12 mm Compact Laminat ile Bölme Panosu ve Kapı Yapılması	M2	6279.11	PTT_Ozel_07-2026
77.130.1019	8 mm, MDF ÜZERİ ÇİFT YÜZLÜ LAMİNAT DUVAR KAPLAMASI YAPILMASI	M2	3877.66	PTT_Ozel_07-2026
77.130.1022	METAL SÜPÜRGELİKLİ MDF MUTFAK TEZGAHI VE TEZGAH ALT DOLABI YAPILMASI VE YERİNE KONMASI	M2	12470.10	PTT_Ozel_07-2026
77.130.1023	SAC KAPAKLI POSTA KUTUSU YAPILMASI VE YERİNE MONTESİ	M2	9075.59	PTT_Ozel_07-2026
77.130.1024	AHŞAP KAPAKLI ÜZERİ LAMİNAT KAPLI POSTA KUTUSU YAPILMASI VE YERİNE MONTESİ	M2	10890.69	PTT_Ozel_07-2026
77.130.1025	Ahşap kapı yapılması (kanat ve kasa laminat kaplama) Madeni Aksam Hariç	AD	22386.45	PTT_Ozel_07-2026
77.135.1003	4+4 mm, SÜT LAMİNE CAMLI (Hcam= 129 cm,, cam kenarları rodajlı) PASLANMAZ ÇELİK MERDİVEN KORKULUĞU YAPILMASI	MT	13514.91	PTT_Ozel_07-2026
77.135.1005	PASLANMAZ ÇELİK MERDİVEN KORKULUĞU YAPILMASI	MT	13680.06	PTT_Ozel_07-2026
77.135.1006	PASLANMAZ ÇELİK KÜPEŞTE YAPILMASI	MT	13680.06	PTT_Ozel_07-2026
77.135.1007	5 m, YÜKSEKLİĞİNDE PASLANMAZ ÇELİK (DAİRESEL KESİTLİ KONİK) BAYRAK DİREĞİ (kagir temel imalatları ile birlikte)	AD	14027.01	PTT_Ozel_07-2026
77.135.1008	6 m, YÜKSEKLİĞİNDE PASLANMAZ ÇELİK (DAİRESEL KESİTLİ KONİK) BAYRAK DİREĞİ (kagir temel imalatları ile birlikte)	AD	14852.15	PTT_Ozel_07-2026
77.140.1001	4+4 mm, LAMİNASYONLU+12 mm, HB+6 mm, DÜZ CAMDAN OLUŞAN ISICAM ÜNİTESİNİN TEMİNİ ve YERİNE TAKILMASI	M2	4247.56	PTT_Ozel_07-2026
77.140.1002	3+3 mm, LAMİNASYONLU+12 mm, HB+4 mm, DÜZ CAMDAN OLUŞAN ISICAM ÜNİTESİNİN TEMİNİ ve YERİNE TAKILMASI	M2	3475.28	PTT_Ozel_07-2026
77.140.1003	4+4 mm, SÜT LAMİNE CAMIN TEMİNİ VE ALÜMİNYUM DOĞRAMAYA MONTAJI	M2	2896.05	PTT_Ozel_07-2026
77.140.1004	5+5 mm, SÜT LAMİNE CAMIN TEMİNİ VE ALÜMİNYUM DOĞRAMAYA MONTAJI	M2	3475.28	PTT_Ozel_07-2026
77.140.1005	10 MM TEMPERLİ CAM SEPERATÖR (kumlamalı) İMALATI YAPILMASI VE YERİNE KONMASI (Aksesuarlar Hariç)	M2	2821.04	PTT_Ozel_07-2026
77.140.1006	10 MM TEMPERLİ CAM SEPERATÖR İMALATI YAPILMASI VE YERİNE KONMASI	M2	2361.15	PTT_Ozel_07-2026
77.140.1009	5+5 mm Lamine camın temini ve alü, Doğr, mon.	M2	2936.84	PTT_Ozel_07-2026
77.140.1010	Alüminyum Doğramaya 4mm Temperli+12mm HB+ 4+4mm Lamine Isı Cam Takılması	M2	5541.31	PTT_Ozel_07-2026
77.140.1011	5+5 mm CAM KAPI İMALATI YAPILMASI VE YERİNE MONTESİ (AKSESUARLARI HARİÇ)	M2	4942.28	PTT_Ozel_07-2026
77.145.1001	ALÜMİNYUM PASPAS	M2	16416.05	PTT_Ozel_07-2026
77.145.1002	KAYDIRMAZ BANTLI, SERT ALÜMİNYUM İLE MERDİVEN BURUNLUĞU YAPILMASI	MT	1368.01	PTT_Ozel_07-2026
77.145.1003	MEVCUT ALÜMİNYUM DOĞRAMANIN YERİNE MONTAJI	M2	2361.41	PTT_Ozel_07-2026
77.145.1004	ALÜMÜNYUM PENCERE DOĞRAMALARI İSPANYOLET MEKANİZMASI (Kol hariç)	TK	1303.44	PTT_Ozel_07-2026
77.145.1005	ALÜMİNYUM DOĞRAMALARI KAPI VE PENCERE MENTEŞESİ	AD	325.86	PTT_Ozel_07-2026
77.145.1006	ALÜMÜNYUM DOĞRAMALARI DAR TİP KAPI KİLİDİ	AD	1059.05	PTT_Ozel_07-2026
77.145.1007	ALÜMİNYUM DOĞRAMALARI GENİŞ TİP KAPI KİLİDİ	AD	1384.91	PTT_Ozel_07-2026
77.145.1008	ALÜMİNYUM DOĞRAMALARI KAPI KOLU VE AYNALARI	AD	814.66	PTT_Ozel_07-2026
77.145.1009	ALÜMİNYUM DOĞRAMALARI PENCERE KOLU VE AYNASI	AD	651.73	PTT_Ozel_07-2026
77.145.1010	ALÜMİNYUM DOĞRAMALARI KAPI ALTI FIRÇASI	MT	325.86	PTT_Ozel_07-2026
77.145.1011	ZEMİNE GÖMME HİDROLİK KAPI POMPASININ TEMİNİ VE YERİNE MONTAJI	AD	6291.18	PTT_Ozel_07-2026
77.145.1012	DIŞARIDAN MÜDAHALELİ PANİK BAR MEKANİZMASININ TEMİNİ VE YERİNE MONTAJI	AD	10784.85	PTT_Ozel_07-2026
77.145.1013	ÇEKME KOLU TEMİNİ VE YERİNE TAKILMASI	AD		PTT_Ozel_07-2026
77.145.1014	ÜST PİVOT MENTEŞE TEMİNİ VE YERİNE TAKILMASI	AD		PTT_Ozel_07-2026
77.145.1015	ALT PİVOT MENTEŞE TEMİNİ VE YERİNE TAKILMASI	AD		PTT_Ozel_07-2026
77.145.1016	KÖŞE KİLİDİ TEMİNİ VE YERİNE TAKILMASI	AD		PTT_Ozel_07-2026
77.145.1017	CAM KAPI MENTEŞESİ TEMİNİ VE YERİNE KONMASI	AD		PTT_Ozel_07-2026
77.145.1018	SABİT CAM TUTUCU TEMİNİ VE YERİNE KONMASI	AD		PTT_Ozel_07-2026
77.145.1019	ALÜMİNYUM SÜPÜRGELİK İMALATI	MT	957.60	PTT_Ozel_07-2026
77.150.1001	BOYALI VE FASARİT YÜZEYDE RASPA YAPILMASI	M2	115.13	PTT_Ozel_07-2026
77.150.1002	BOYALI DEMİR İMALATIN İKİ KAT YAĞLI BOYA İLE BOYANMASI	M2	171.39	PTT_Ozel_07-2026
77.150.1003	ESKİ BADANALI YÜZEYLERE İKİ KAT KİREÇ BADANA YAPILMASI	M2	160.40	PTT_Ozel_07-2026
77.155.1001	STABİLİZE DOLGU YAPILMASI (EL İLE DOLDURULUP EL İLE SIKIŞTIRMA)	M3	649.34	PTT_Ozel_07-2026
77.155.1002	ESKİ BETONLA YENİ BETONUN ADERANSININ SAĞLANMASI	M2	376.71	PTT_Ozel_07-2026
77.155.1003	DIŞ SAHA BETONU YAPILMASI POZU (C30/37)	M3	4344.20	PTT_Ozel_07-2026
77.155.1004	MEVCUT BETON YÜZEYE ELEKTRİK TESİSATI DÖŞENMESİ İÇİN 10 CM, GENİŞLİĞE KADAR 3 CM, DERİNLİĞİNDE KANAL AÇILMASI VE SIVANMASI	MT	69.79	PTT_Ozel_07-2026
77.155.1005	MEVCUT BETON YÜZEYE ELEKTRİK TESİSATI DÖŞENMESİ İÇİN 10 CM, GENİŞLİĞE KADAR 3 CM, DERİNLİĞİNDE KANAL AÇILMASI VE SIVANMASI (SÖNMÜŞ KİREÇ TORBALI)	MT	72.50	PTT_Ozel_07-2026
77.155.1006	MEVCUT BETON YÜZEYE ELEKTRİK TESİSATI DÖŞENMESİ İÇİN 20 CM, GENİŞLİĞİNDE 3 CM, DERİNLİĞİNDE KANAL AÇILMASI VE SIVANMASI	MT	145.10	PTT_Ozel_07-2026
77.155.1007	MEVCUT BETON YÜZEYE ELEKTRİK TESİSATI DÖŞENMESİ İÇİN 20 CM, GENİŞLİĞİNDE 3 CM, DERİNLİĞİNDE KANAL AÇILMASI VE SIVANMASI	MT	145.10	PTT_Ozel_07-2026
77.155.1008	"""HAZIR SIVA YAPILMASI"	M2	523.84	PTT_Ozel_07-2026
77.155.1009	Saten alçı kaplaması yapılması (ortalama 3 mm kalınlık)	M2	227.08	PTT_Ozel_07-2026
77.160.1001	KOLON MANTOLAMA DEMİRLERİNİN KAYNAKLA MEVCUT TECHİZATA EKLENMESİ	KG	17.96	PTT_Ozel_07-2026
77.160.1002	ENJEKSİYON REÇİNESİ İLE ÇUBUK ANKRAJI (60cm kadar betonda yatay ve düşeyde delik açılması,çubuk ankrajı yapılması,deliklerin enjeksiyon reçinesiyle doldurulması)	AD	2090.91	PTT_Ozel_07-2026
77.160.1003	ENJEKSİYON REÇİNESİ İLE ÇUBUK ANKRAJI (30cm kadar betonda yatay ve düşeyde delik açılması,çubuk ankrajı yapılması,deliklerin enjeksiyon reçinesiyle doldurulması)	AD	1240.04	PTT_Ozel_07-2026
77.160.1004	MEKANİK ÇUBUK ANKRAJI (60 cm, kadar betonda yatay ve düşeyde delik açılması, çubuk ankrajı yapılması)	AD	1951.56	PTT_Ozel_07-2026
77.160.1005	MEKANİK ÇUBUK ANKRAJI (30 cm, kadar betonda yatay ve düşeyde delik açılması, çubuk ankrajı yapılması)	AD	975.79	PTT_Ozel_07-2026
77.165.1001	ANDEZİT PLAKLAR İLE MERDİVEN BASAMAK KAPLAMASI YAPILMASI (B=3, R=2 cm)	MT	1529.74	PTT_Ozel_07-2026
77.165.1002	ANDEZİT BORDÜR YAPILMASI (10*25*70)	MT	963.14	PTT_Ozel_07-2026
77.165.1003	4 cm, KALINLIĞINDA ANDEZİT PLAKLAR İLE DUVAR KAPLAMASI YAPILMASI	M2	3007.45	PTT_Ozel_07-2026
77.165.1004	2 cm, KALINLIĞINDA ANDEZİT PLAKLAR İLE DUVAR KAPLAMASI YAPILMASI	M2	2538.46	PTT_Ozel_07-2026
77.165.1005	ANDEZİT PLAKLAR İLE U HARPUŞTA YAPILMASI (6 cm, KALINLIĞINDA 35 cm,X SERBEST BOY, 20'LİK DUVAR İÇİN)	M2	4823.98	PTT_Ozel_07-2026
77.165.1006	ANDEZİT PLAKLAR İLE U HARPUŞTA YAPILMASI (6 cm, KALINLIĞINDA 25 cm, X SERBEST BOY, 10'LUK DUVAR İÇİN)	M2	4625.13	PTT_Ozel_07-2026
77.165.1007	3 cm, RENKLİ MERMER PLAKLARLA, HİLTON TİPİ LAVABO YAPILMASI (EVİYELİ)	M2	6984.53	PTT_Ozel_07-2026
77.165.1008	2 cm, RENKLİ MERMER İLE 10 cm, GENİŞLİĞİNDE LİMONLUK YAPILMASI	MT	387.44	PTT_Ozel_07-2026
77.165.1009	2 cm, RENKLİ MERMER İLE 10 cm, GENİŞLİĞİNDE SÜPÜRGELİK YAPILMASI	MT	415.06	PTT_Ozel_07-2026
77.165.1010	3 cm, RENKLİ MERMER PLAKLARLA TEZGAH ÜSTÜ KAPLAMASI YAPILMASI	M2	5329.28	PTT_Ozel_07-2026
77.165.1011	4 cm KALINLIĞINDA ANDEZİT PLAKLAR İLE DENİZLİK YAPILMASI	M2	3855.00	PTT_Ozel_07-2026
77.165.1012	3 cm, KALINLIĞINDA ANDEZİT PLAKLAR İLE DENİZLİK YAPILMASI	M2	3701.20	PTT_Ozel_07-2026
77.165.1013	4 cm, KALINLIĞINDA ANDEZİT PLAK İLE HARPUŞTA YAPILMASI	M2	3855.00	PTT_Ozel_07-2026
77.165.1014	DÜZ BEJ PARLAK GRANİT SERAMİK LEVHA İLE MERDİVEN BASAMAĞI KAPLAMASI YAPILMASI	MT	1896.49	PTT_Ozel_07-2026
77.170.1001	VEZNE VE KASA ODASINA, TAKVİYELİ (14 NOKTADAN KİLİTL,) KAPI KANADI VE KASASI (10'luk Duv, 80/210) YAPILMASI	AD	41192.23	PTT_Ozel_07-2026
77.170.1002	TAKVİYELİ (14 NOKTADAN KİLİTLEMELİ MULTİ SİSTEM KAPI KİLİTLİ) KAPI KANADI VE KASASI (10'luk Duv, 90/210) YAPILMASI	AD	41192.23	PTT_Ozel_07-2026
77.170.1003	VEZNE VE KASA ODASINA, TAKVİYELİ (14 NOKTADAN KİLİTL,) KAPI KANADI VE KASASI (10'luk Duv, 80/220) YAPILMASI	AD	41192.23	PTT_Ozel_07-2026
77.170.1004	VEZNE VE KASA ODASINA, TAKVİYELİ (14 NOKTADAN KİLİTL,) KAPI KANADI VE KASASI (10'luk Duv, 90/220) YAPILMASI	AD	41192.23	PTT_Ozel_07-2026
77.170.1005	VEZNE VE KASA ODASINA, TAKVİYELİ (14 NOKTADAN KİLİTL,) KAPI KANADI VE KASASI (20'lik Duv, 80/210) YAPILMASI	AD	41192.23	PTT_Ozel_07-2026
77.170.1006	VEZNE VE KASA ODASINA, TAKVİYELİ (14 NOKTADAN KİLİTL,) KAPI KANADI VE KASASI (20'lik Duv, 90/210) YAPILMASI	AD	41192.23	PTT_Ozel_07-2026
77.170.1007	VEZNE VE KASA ODASINA, TAKVİYELİ (14 NOKTADAN KİLİTL,) KAPI KANADI VE KASASI (20'lik Duv, 80/220) YAPILMASI	AD	41192.23	PTT_Ozel_07-2026
77.170.1008	VEZNE VE KASA ODASINA, TAKVİYELİ (14 NOKTADAN KİLİTL,) KAPI KANADI VE KASASI (20'lik Duv, 90/220) YAPILMASI	AD	41192.23	PTT_Ozel_07-2026
77.170.1009	120 DAKİKA DAYANIMLI PANİK BARLI YANGIN KAPISI (L=70cm(dahil)-100cm(dahil) H=200cm(dahil)- 220cm(dahil)) (tek kanatlı)	AD	31306.06	PTT_Ozel_07-2026
77.175.1002	MEVCUT PLASTİK DOĞRAMANIN YERİNE MONTAJI	M2	3017.00	PTT_Ozel_07-2026
77.175.1003	İDARE MALI DEMİR İMALATIN YERİNE MONTAJI	KG	132.23	PTT_Ozel_07-2026
77.175.1004	ALÜMİNYUM KORKULUKLARA TRANSMİSYON ÇELİĞİ İLE TAKVİYE YAPILMASI	KG	192.53	PTT_Ozel_07-2026
77.175.1005	40/40/2 KUTU PROFİL VE 50/50/3 GALVANİZLİ KAFES TEL İLE KAPI İMALATI YAPILMASI	M2	4185.26	PTT_Ozel_07-2026
77.175.1006	40/40/2 KUTU PROFİLDEN OLUŞTURULAN KARKAS ÇERÇEVE ÜZERİNE 50/50/3 GALVANİZLİ KAFES TEL İLE TELÖRGÜ İMALATI YAPILMASI	M2	1647.63	PTT_Ozel_07-2026
77.180.1004	50X70 cm, Ebadında AFİŞ PANOSU YAPILMASI	AD		PTT_Ozel_07-2026
77.180.1005	64X90 cm, Ebadında AFİŞ PANOSU YAPILMASI	AD		PTT_Ozel_07-2026
77.185.1001	MALZEMEDEN İMAL EDİLMİŞ	MT	9879.85	PTT_Ozel_07-2026
77.185.1002	HİSSEDİLEBİLİR YÜZEY (KLAVUZ / İZ) DAHİLİ ORTAM KENDİNDEN BANTLI MS 58 PİRİNÇ MALZEMEDEN İMAL EDİLMİŞ	MT	12677.16	PTT_Ozel_07-2026
77.185.1003	MALZEMEDEN İMAL EDİLMİŞ		1428.43	PTT_Ozel_07-2026
77.185.1004	MERDİVEN KAYDIRMAZ BANT UYGULAMASI	MT	117.76	PTT_Ozel_07-2026
77.185.1005	VHB Akrilik Yapıştırıcı Bantlı Hissedilebilir Yüzey		1319.55	PTT_Ozel_07-2026
77.185.1006	Renkli VHB Akrilik Yapıştırıcı Bantlı Hissedilebilir Yüzey	MT	1221.38	PTT_Ozel_07-2026
77.185.1007	Uyarı/Nokta Harici Ortam Polyamid(PA 6) Hammaddeden Üretilen                                                                    21,10	MT	1319.55	PTT_Ozel_07-2026
77.185.1008	Kılavuz/İz Harici Ortam Polyamid(PA 6) Hammaddeden Üretilen Üstten Dört Dübelli Hissedilebilir Yüzey	MT	1221.38	PTT_Ozel_07-2026
77.185.1009	CAM BANDI UYGULAMALARI	MT		PTT_Ozel_07-2026
77.185.1010	BRAİLLE BASKILI KÜPEŞTE ÜZERİ YÖNLENDİRME LEVHALARI	AD		PTT_Ozel_07-2026
77.185.1011	BRAİLLE ALFABELİ KAPI İSİMLİKLERİ	AD	1529.61	PTT_Ozel_07-2026
77.185.1012	BRAİLLE BASKILI ŞUBE KAPI İSİMLİKLERİ VE BİLGİLENDİRME PANOSU	AD	2937.15	PTT_Ozel_07-2026
77.185.1013	BRAİLLE BASKILI KABARTMALI KAT PLANI PANOSU (Duvara Montaj)	AD	4594.73	PTT_Ozel_07-2026
77.185.1014	AKILI İŞİTME SİSTEMİ BANKO TİPİ	AD	33159.60	PTT_Ozel_07-2026
77.185.1015	ACİL DURUM ÇAĞRI ALICI PAGER (SAAT) VE KABLOSUZ ACİL DURUM ÇAĞRI SİSTEMİ	TK	35778.30	PTT_Ozel_07-2026
77.185.1016	ERİŞİLEBİLİR WC ACİL DURUM İPLİ ÇAĞRI BUTONU VE KAPI ÜSTÜ İKAZ LAMBASI	TK	12859.75	PTT_Ozel_07-2026
77.185.1017	SESLİ IŞIKLI ACİL ÇIKIŞA YÖNLENDİRME SİSTEMİ IP ADRESLİ	AD	31177.29	PTT_Ozel_07-2026
77.185.1018	BRAİLLE BASKILI KABARTMALI KAT PLANI PANOSU (Ayaklı Sabit)	AD	11724.90	PTT_Ozel_07-2026
77.190.1002	BANKA GİŞE ARKA DOLAP	AD		PTT_Ozel_07-2026
77.190.1003	BANKA ORTA BEKLEME BÜYÜK (270CM)	AD		PTT_Ozel_07-2026
77.190.1004	BANKA ORTA BEKLEME ORTA (210CM)	AD		PTT_Ozel_07-2026
77.190.1005	BANKA ORTA BEKLEME KÜÇÜK (150CM)	AD		PTT_Ozel_07-2026
77.190.1006	BANKA DUVAR BEKLEME BÜYÜK (270CM)	AD		PTT_Ozel_07-2026
77.190.1007	BANKA DUVAR BEKLEME ORTA (210CM)	AD		PTT_Ozel_07-2026
77.190.1008	BANKA DUVAR BEKLEME KÜÇÜK (150CM)	AD		PTT_Ozel_07-2026
77.190.1009	BANKA DUVAR BEKLEME SEHPASI	AD	6515.80	PTT_Ozel_07-2026
77.190.1010	BANKA FORM DOLDURMA BANKOSU BÜYÜK	AD		PTT_Ozel_07-2026
77.190.1011	BANKA FORM DOLDURMA BANKOSU KÜÇÜK	AD		PTT_Ozel_07-2026
77.190.1012	BANKA DUVAR PANELİ (H=100CM L=240CM)	AD	17788.14	PTT_Ozel_07-2026
77.190.1013	BANKA DUVAR PANELİ EK (H=100CM)	MT	5263.83	PTT_Ozel_07-2026
77.190.1014	BANKA DUVAR PANELİ İÇ KÖŞE (H=100CM)	AD	4747.24	PTT_Ozel_07-2026
77.190.1015	BANKA DUVAR PANELİ DIŞ KÖŞE (H=100CM)	AD	4654.16	PTT_Ozel_07-2026
77.190.1016	BANKA DUVAR PANELİ FORM PANOSU (H=100CM L=120CM)	AD	13497.00	PTT_Ozel_07-2026
77.190.1017	BANKA DUVAR PANELİ FORM PANOSU_RAFLI (H=190CM)	AD	20571.33	PTT_Ozel_07-2026
77.190.1018	BANKA DUVAR PANELİ (H=190CM L=120CM)	AD	20692.34	PTT_Ozel_07-2026
77.190.1019	BANKA DUVAR PANELİ EK (H=190CM)	MT	9257.09	PTT_Ozel_07-2026
77.190.1020	BANKA DUVAR PANELİ İÇ KÖŞE (H=190CM)	AD	6050.39	PTT_Ozel_07-2026
77.190.1021	BANKA DUVAR PANELİ DIŞ KÖŞE (H=190CM)	AD	6283.08	PTT_Ozel_07-2026
77.190.1022	BANKA DUVAR PANELİ PTTAVM DİKEY EKRAN (H=190CM L=120CM)	AD	17685.75	PTT_Ozel_07-2026
77.190.1023	BANKA DUVAR PANELİ PTTKİTAP DİKEY EKRAN (H=190CM L=120CM)	AD	17685.75	PTT_Ozel_07-2026
77.190.1024	BANKA DUVAR GEÇİŞ PANELİ (H100CM'DEN H190CM'E)	AD	15367.99	PTT_Ozel_07-2026
77.190.1025	BANKA DUVAR GEÇİŞ PANELİ (H190CM'DEN H100CM'E)	AD	15367.99	PTT_Ozel_07-2026
77.190.1026	BANKA DUVAR PANELİ VIDEOWALL (H=190CM L:240CM)	AD	22386.45	PTT_Ozel_07-2026
77.190.1027	BANKA DUVAR TEKLİ ATM PANELİ (H=190CM L:120CM)	AD	19966.29	PTT_Ozel_07-2026
77.190.1028	BANKA DUVAR 2Lİ ATM PANELİ (H=190CM L:165CM)	AD	23596.50	PTT_Ozel_07-2026
77.190.1029	BANKA DUVAR PANELİ BİTİŞ PARÇASI SAĞ (H=100CM L=30CM)	AD	4933.41	PTT_Ozel_07-2026
77.190.1030	BANKA DUVAR PANELİ BİTİŞ PARÇASI SOL (H=100CM L=30CM)	AD	4933.41	PTT_Ozel_07-2026
77.190.1031	BANKA DUVAR PANELİ BİTİŞ PARÇASI SAĞ (H=190CM L=30CM)	AD	6329.63	PTT_Ozel_07-2026
77.190.1032	BANKA DUVAR PANELİ BİTİŞ PARÇASI SOL (H=190CM L=30CM)	AD	6329.63	PTT_Ozel_07-2026
77.190.1033	BANKA MÜŞTERİ TEMSİLCİSİ MASASI	AD	23367.19	PTT_Ozel_07-2026
77.190.1034	BANKA MÜŞTERİ TEMSİLCİSİ SANDALYESİ	AD	10515.28	PTT_Ozel_07-2026
77.190.1035	BANKA MÜŞTERİ TEMSİLCİSİ ARKA DOLAP	AD		PTT_Ozel_07-2026
77.190.1036	BANKA MÜŞTERİ SANDALYESİ	AD		PTT_Ozel_07-2026
77.190.1037	BANKA MÜŞTERİ SEHPASI	AD	6470.90	PTT_Ozel_07-2026
77.190.1038	BANKA LOUNGE TEKLİ KOLTUK	AD		PTT_Ozel_07-2026
77.190.1039	BANKA LOUNGE İKİLİ KOLTUK	AD		PTT_Ozel_07-2026
77.190.1040	BANKA LOUNGE SEHPA	AD		PTT_Ozel_07-2026
77.190.1041	BANKA BEKLEME TEKLİ KOLTUK	AD		PTT_Ozel_07-2026
77.190.1044	POSTA GİŞE ARKA DOLAP	AD		PTT_Ozel_07-2026
77.190.1045	POSTA ZARF KUTUSU	AD		PTT_Ozel_07-2026
77.190.1046	POSTA ORTA BEKLEME BÜYÜK (270CM)	AD		PTT_Ozel_07-2026
77.190.1047	POSTA ORTA BEKLEME ORTA (210CM)	AD		PTT_Ozel_07-2026
77.190.1048	POSTA ORTA BEKLEME KÜÇÜK (150CM)	AD		PTT_Ozel_07-2026
77.190.1049	POSTA DUVAR BEKLEME BÜYÜK (270CM)	AD		PTT_Ozel_07-2026
77.190.1050	POSTA DUVAR BEKLEME ORTA (210CM)	AD		PTT_Ozel_07-2026
77.190.1051	POSTA DUVAR BEKLEME KÜÇÜK (150CM)	AD		PTT_Ozel_07-2026
77.190.1052	POSTA DUVAR BEKLEME SEHPASI	AD		PTT_Ozel_07-2026
77.190.1053	POSTA FORM DOLDURMA BANKOSU BÜYÜK (160CM)	AD		PTT_Ozel_07-2026
77.190.1054	POSTA FORM DOLDURMA BANKOSU KÜÇÜK (100CM)	AD		PTT_Ozel_07-2026
77.190.1055	POSTA DUVAR PANELİ (H=100CM L=240CM)	AD	17788.14	PTT_Ozel_07-2026
77.190.1056	POSTA DUVAR PANELİ EK (H=100CM)	MT	5263.83	PTT_Ozel_07-2026
77.190.1057	POSTA DUVAR PANELİ İÇ KÖŞE (H=100CM)	AD	4747.24	PTT_Ozel_07-2026
77.190.1058	POSTA DUVAR PANELİ DIŞ KÖŞE (H=100CM)	AD	4654.16	PTT_Ozel_07-2026
77.190.1059	POSTA DUVAR PANELİ FORM PANOSU (H=100CM)	AD	17546.11	PTT_Ozel_07-2026
77.190.1060	POSTA DUVAR PANELİ FORM PANOSU-RAFLI (H=190CM)	AD	20571.33	PTT_Ozel_07-2026
77.190.1061	POSTA DUVAR PANELİ (H=190CM L=120CM)	AD	20692.34	PTT_Ozel_07-2026
77.190.1062	POSTA DUVAR PANELİ EK (H=190CM)	MT	9257.09	PTT_Ozel_07-2026
77.190.1063	POSTA DUVAR PANELİ İÇ KÖŞE (H=190CM)	AD	6050.39	PTT_Ozel_07-2026
77.190.1064	POSTA DUVAR PANELİ DIŞ KÖŞE (H=190CM)	AD	6283.08	PTT_Ozel_07-2026
77.190.1065	POSTA DUVAR PANELİ FİLATELİ DİKEY EKRAN (H:190CM L:120CM)	AD	21176.34	PTT_Ozel_07-2026
77.190.1066	POSTA DUVAR GEÇİŞ PANELİ (H100CM'DEN H190CM'E AÇILI)	AD	15367.99	PTT_Ozel_07-2026
77.190.1067	POSTA DUVAR GEÇİŞ PANELİ (H190CM'DEN H100CM'E AÇILI)	AD	15367.99	PTT_Ozel_07-2026
77.190.1068	POSTA DUVAR PANELİ VIDEOWALL (H=190CM L=240CM)	AD	22386.45	PTT_Ozel_07-2026
77.190.1069	POSTA DUVAR PANELİ KOLİ RAFI (H=190CM L=120CM)	AD	20478.25	PTT_Ozel_07-2026
77.190.1070	POSTA DUVAR PANELİ POŞET RAFI (H=190CM L=70CM)	AD	22339.89	PTT_Ozel_07-2026
77.190.1071	POSTA DUVAR PANELİ PAKETLEME KÜÇÜK (H=190CM L=150CM)	AD	27831.80	PTT_Ozel_07-2026
77.190.1072	POSTA DUVAR PANELİ PAKETLEME BÜYÜK (H=190CM L=200CM)	AD	23270.70	PTT_Ozel_07-2026
77.190.1073	POSTA DUVAR PANELİ BİTİŞ PARÇASI SAĞ (H=100CM L=30CM)	AD	4933.41	PTT_Ozel_07-2026
77.190.1074	POSTA DUVAR PANELİ BİTİŞ PARÇASI SOL (H=100CM L=30CM)	AD	4933.41	PTT_Ozel_07-2026
77.190.1075	POSTA DUVAR PANELİ BİTİŞ PARÇASI SAĞ (H=190CM L=30CM)	AD	6329.63	PTT_Ozel_07-2026
77.190.1076	POSTA DUVAR PANELİ BİTİŞ PARÇASI SOL (H=190CM L=30CM)	AD	6329.63	PTT_Ozel_07-2026
77.190.1077	POSTA DUVAR SELF SERVİS EKRANLI PANEL (H=190CM L=120CM)	AD	18393.16	PTT_Ozel_07-2026
77.190.1079	SIRAMATİK GÜVENLİK BANKOSU	AD		PTT_Ozel_07-2026
77.190.1080	ÇALIŞMA SANDALYESİ GİŞE	AD		PTT_Ozel_07-2026
77.190.1081	ÇALIŞMA SANDALYESİ ARKA OFİS	AD	11099.43	PTT_Ozel_07-2026
77.190.1082	ÇALIŞMA MASASI ARKA OFİS (180CM)	AD		PTT_Ozel_07-2026
77.190.1083	MÜDÜR ÇALIŞMA MASASI	AD		PTT_Ozel_07-2026
77.190.1084	MÜDÜR ÇALIŞMA SANDALYESİ	AD	15539.18	PTT_Ozel_07-2026
77.190.1085	MÜDÜR ARKA DOLAP (170CM)	AD		PTT_Ozel_07-2026
77.190.1086	MÜDÜR İKİLİ KOLTUK	AD		PTT_Ozel_07-2026
77.190.1087	MÜDÜR TEKLİ KOLTUK	AD	16177.28	PTT_Ozel_07-2026
77.190.1088	MÜDÜR SEHPA	AD		PTT_Ozel_07-2026
77.190.1089	AKUSTİK TAVAN KAPLAMASI	AD		PTT_Ozel_07-2026
77.190.1104	ERİŞEBİLİR WC KAPI AKSESUARLARI	TK		PTT_Ozel_07-2026
77.190.1106	BANKA CEPHE PİKTOGRAM	AD		PTT_Ozel_07-2026
77.190.1107	POSTA CEPHE PİKTOGRAM	AD		PTT_Ozel_07-2026
77.190.1108	TAVANDAN ASKILI BANKA YÖNLENDİRME PANOSU	AD		PTT_Ozel_07-2026
77.190.1109	TAVANDAN ASKILI POSTA YÖNLENDİRME PANOSU	AD		PTT_Ozel_07-2026
77.190.1110	TAVANDAN ASKILI BANKA FORM DOLDURMA YÖNLENDİRME PANOSU	AD		PTT_Ozel_07-2026
77.190.1111	TAVANDAN ASKILI POSTA FORM DOLDURMA YÖNLENDİRME PANOSU	AD		PTT_Ozel_07-2026
77.190.1112	BANKA GİŞE TACI ÖNÜ NUMARA	AD		PTT_Ozel_07-2026
77.190.1113	POSTA GİŞE TACI ÖNÜ NUMARA	AD		PTT_Ozel_07-2026
77.190.1114	CEPHE TABELASI TAÇ KISMI - LOGOLU PANELİ - L:6 MT	M2	23072.71	PTT_Ozel_07-2026
77.190.1116	CEPHE TABELASI DÜZ PANEL	M2	15298.21	PTT_Ozel_07-2026
77.190.1117	CEPHE TABELASI - ALT & ÜST SAÇAK KAPLAMALARI	M2		PTT_Ozel_07-2026
77.190.1118	3 MM ALÜMİNYUM CEPHE PANELİ_SARI	M2	19561.65	PTT_Ozel_07-2026
77.190.1119	3 MM ALÜMİNYUM CEPHE PANELİ_TURKUAZ	M2	19561.65	PTT_Ozel_07-2026
77.190.1123	FOLYO UYGULAMA İŞLERİ	M2	2678.26	PTT_Ozel_07-2026
77.190.1124	POSTA-BANKA GİŞE BANKOSU VE KESONU	AD		PTT_Ozel_07-2026
77.190.1125	ENGELLİ BANKOSU	AD		PTT_Ozel_07-2026
77.190.1126	BANKO KESON EK MODÜL	AD		PTT_Ozel_07-2026
77.190.1127	BANKO İLAVE MODÜL	AD		PTT_Ozel_07-2026
77.190.1128	İdare Malı Banko Montajı	AD	3169.88	PTT_Ozel_07-2026
77.190.1129	İdare Malı Banko Demontajı	AD	2184.25	PTT_Ozel_07-2026
